order_id,order_item_id,product_id,seller_id,shipping_limit_date,price,freight_value
ORD0000192,2,PROD00101,SELL00012,2017-10-31,16.57,8.51
ORD0000577,1,PROD00047,SELL00094,2017-05-27,19.72,7.72
ORD0000945,1,PROD00056,SELL00054,2017-07-20,56.67,10.9
ORD0000473,1,PROD00103,SELL00068,2018-06-21,49.22,12.87
ORD0000777,2,PROD00173,SELL00051,2018-01-04,58.39,8.3
ORD0000599,3,PROD00089,SELL00070,2017-05-28,118.16,14.64
ORD0000253,3,PROD00034,SELL00015,2018-06-26,143.31,17.42
ORD0000301,3,PROD00034,SELL00042,2018-06-26,262.1,13.59
ORD0000364,3,PROD00042,SELL00056,2018-04-07,27.92,5.76
ORD0000808,2,PROD00078,SELL00009,2017-07-02,127.44,9.03
ORD0000581,1,PROD00158,SELL00009,2018-02-19,13.16,16.82
ORD0000259,1,PROD00106,SELL00059,2017-01-19,11.17,16.33
ORD0000944,3,PROD00101,SELL00069,2017-08-23,175.21,7.48
ORD0000551,2,PROD00032,SELL00068,2018-03-28,107.22,19.77
ORD0000934,2,PROD00061,SELL00077,2018-05-17,29.23,7.64
ORD0000575,3,PROD00063,SELL00048,2017-05-19,162.51,13.26
ORD0000519,2,PROD00160,SELL00018,2018-07-28,28.53,10.88
ORD0000985,2,PROD00195,SELL00076,2018-07-25,37.26,12.69
ORD0000883,1,PROD00084,SELL00017,2018-07-17,132.4,7.6
ORD0000620,2,PROD00022,SELL00036,2018-02-21,197.42,22.9
ORD0000545,1,PROD00052,SELL00032,2018-06-30,43.98,18.39
ORD0000647,2,PROD00006,SELL00070,2017-04-16,37.89,13.22
ORD0000052,1,PROD00112,SELL00005,2017-04-12,71.75,14.16
ORD0000605,3,PROD00055,SELL00039,2017-05-06,52.53,15.29
ORD0000861,2,PROD00106,SELL00082,2018-03-18,146.12,10.66
ORD0000272,2,PROD00192,SELL00087,2018-02-17,60.27,20.96
ORD0000898,2,PROD00146,SELL00009,2017-08-11,79.34,28.04
ORD0000616,3,PROD00162,SELL00001,2017-08-12,35.3,11.12
ORD0000413,2,PROD00127,SELL00046,2018-08-19,38.71,14.96
ORD0000020,1,PROD00086,SELL00078,2018-03-23,418.81,12.03
ORD0000623,2,PROD00184,SELL00041,2018-08-06,76.8,8.14
ORD0000719,3,PROD00044,SELL00048,2018-01-27,5.68,14.74
ORD0000332,1,PROD00082,SELL00048,2017-05-20,68.9,5.32
ORD0000155,2,PROD00040,SELL00042,2017-11-27,13.65,9.72
ORD0000145,2,PROD00145,SELL00011,2018-02-14,81.71,19.01
ORD0000774,2,PROD00109,SELL00060,2017-10-09,24.77,15.71
ORD0000372,2,PROD00123,SELL00075,2017-09-13,44.91,35.06
ORD0000146,1,PROD00033,SELL00028,2017-01-26,60.28,21.19
ORD0000581,1,PROD00101,SELL00050,2018-08-21,27.96,7.86
ORD0000868,1,PROD00031,SELL00070,2018-01-18,26.35,21.65
ORD0000771,1,PROD00008,SELL00021,2017-08-05,99.87,18.51
ORD0000424,2,PROD00047,SELL00031,2018-06-11,20.51,10.09
ORD0000393,1,PROD00047,SELL00081,2017-06-25,198.14,37.71
ORD0000833,3,PROD00104,SELL00063,2018-01-21,78.15,15.86
ORD0000546,3,PROD00142,SELL00088,2018-07-06,31.03,9.9
ORD0000932,2,PROD00031,SELL00025,2017-11-03,23.43,6.96
ORD0000743,3,PROD00122,SELL00001,2017-08-28,35.5,19.66
ORD0000225,1,PROD00058,SELL00070,2017-11-15,28.2,16.76
ORD0000732,1,PROD00038,SELL00041,2017-12-31,40.86,7.93
ORD0000912,3,PROD00079,SELL00068,2017-03-27,121.04,14.76
ORD0000521,3,PROD00096,SELL00085,2017-07-14,229.94,17.1
ORD0000721,1,PROD00003,SELL00024,2017-04-04,73.62,13.31
ORD0000134,2,PROD00132,SELL00093,2017-08-07,27.68,11.19
ORD0000847,1,PROD00039,SELL00087,2017-10-19,10.48,9.77
ORD0000686,3,PROD00154,SELL00027,2018-07-28,222.5,14.38
ORD0000765,2,PROD00010,SELL00096,2017-11-20,6.37,19.33
ORD0000590,3,PROD00090,SELL00002,2017-12-08,3.47,13.07
ORD0000345,3,PROD00007,SELL00085,2017-04-21,53.7,23.37
ORD0000452,2,PROD00087,SELL00092,2018-02-21,13.8,7.99
ORD0000127,2,PROD00131,SELL00068,2018-08-26,34.04,8.59
ORD0000965,2,PROD00157,SELL00055,2017-11-24,24.86,27.49
ORD0000723,2,PROD00086,SELL00048,2017-07-29,75.23,6.81
ORD0000839,1,PROD00185,SELL00077,2017-12-21,16.16,11.34
ORD0000846,3,PROD00009,SELL00029,2018-06-22,95.08,16.66
ORD0000947,2,PROD00173,SELL00030,2018-02-04,53.13,18.78
ORD0000311,2,PROD00198,SELL00009,2018-08-11,366.97,11.56
ORD0000875,1,PROD00141,SELL00085,2017-01-12,139.38,11.49
ORD0000722,1,PROD00088,SELL00094,2018-06-05,18.12,10.36
ORD0000827,1,PROD00020,SELL00001,2017-09-20,21.35,13.7
ORD0000763,1,PROD00174,SELL00080,2018-03-11,28.15,12.83
ORD0000388,1,PROD00191,SELL00028,2017-05-14,144.01,17.48
ORD0000184,2,PROD00194,SELL00090,2017-04-01,23.54,3.23
ORD0000107,2,PROD00061,SELL00094,2017-12-08,188.96,31.89
ORD0000565,1,PROD00027,SELL00008,2017-10-25,49.31,15.51
ORD0000645,2,PROD00004,SELL00053,2017-04-10,77.94,9.04
ORD0000528,3,PROD00120,SELL00008,2017-01-30,62.23,14.86
ORD0000852,1,PROD00029,SELL00007,2018-09-05,15.26,6.76
ORD0000272,1,PROD00010,SELL00014,2018-07-10,22.94,16.91
ORD0000789,1,PROD00184,SELL00013,2017-01-15,81.58,9.46
ORD0000948,1,PROD00113,SELL00069,2018-04-24,35.23,5.83
ORD0000161,1,PROD00015,SELL00088,2018-01-11,90.96,7.58
ORD0000456,2,PROD00106,SELL00023,2017-04-04,16.1,6.27
ORD0000178,2,PROD00190,SELL00018,2017-11-29,36.42,24.29
ORD0000527,3,PROD00102,SELL00001,2018-01-06,26.79,18.54
ORD0000715,1,PROD00014,SELL00030,2017-01-27,35.49,6.23
ORD0000780,3,PROD00078,SELL00030,2018-01-16,13.45,7.52
ORD0000923,1,PROD00140,SELL00047,2017-03-26,161.72,9.55
ORD0000503,2,PROD00022,SELL00069,2018-05-11,80.1,41.11
ORD0000441,2,PROD00005,SELL00056,2018-08-10,130.76,24.35
ORD0000676,3,PROD00095,SELL00053,2017-04-03,55.18,23.48
ORD0000369,2,PROD00167,SELL00072,2017-06-25,33.6,28.57
ORD0000409,3,PROD00197,SELL00061,2018-03-12,18.37,12.73
ORD0000209,1,PROD00040,SELL00056,2017-12-26,29.82,21.02
ORD0000342,1,PROD00058,SELL00006,2017-12-07,55.49,5.54
ORD0000770,2,PROD00116,SELL00065,2017-03-19,19.45,4.76
ORD0000091,3,PROD00075,SELL00039,2017-09-05,99.42,9.17
ORD0000945,2,PROD00111,SELL00071,2018-01-02,87.23,5.14
ORD0000989,1,PROD00090,SELL00009,2018-06-14,27.96,32.26
ORD0000063,1,PROD00133,SELL00094,2017-03-06,88.84,8.11
ORD0000138,1,PROD00153,SELL00016,2018-04-20,8.42,12.86
ORD0000469,2,PROD00147,SELL00084,2017-07-11,57.76,9.48
ORD0000789,1,PROD00117,SELL00028,2018-04-14,181.88,13.48
ORD0000535,2,PROD00031,SELL00064,2018-06-22,36.79,9.01
ORD0000712,1,PROD00188,SELL00046,2017-07-28,64.71,12.11
ORD0000744,2,PROD00186,SELL00031,2018-04-05,18.58,23.66
ORD0000718,2,PROD00077,SELL00071,2017-06-14,14.16,14.34
ORD0000769,1,PROD00168,SELL00011,2017-01-26,52.5,6.67
ORD0000882,1,PROD00151,SELL00015,2017-11-28,283.03,7.88
ORD0000974,2,PROD00090,SELL00013,2017-09-17,48.88,14.82
ORD0000933,1,PROD00090,SELL00012,2017-01-22,42.67,9.41
ORD0000519,3,PROD00132,SELL00047,2017-05-25,15.55,22.33
ORD0000462,2,PROD00067,SELL00039,2017-06-30,12.69,24.32
ORD0000682,2,PROD00047,SELL00064,2018-03-18,71.06,19.21
ORD0000457,1,PROD00164,SELL00034,2018-05-27,69.46,11.34
ORD0000567,3,PROD00118,SELL00008,2017-11-23,38.75,9.63
ORD0000174,1,PROD00133,SELL00065,2017-06-04,108.54,25.38
ORD0000873,3,PROD00140,SELL00029,2017-09-12,15.82,9.04
ORD0000406,1,PROD00026,SELL00022,2017-02-20,26.81,13.98
ORD0000505,3,PROD00108,SELL00082,2017-06-07,13.25,9.44
ORD0000946,2,PROD00120,SELL00072,2017-05-14,16.81,11.08
ORD0000916,1,PROD00131,SELL00057,2017-04-04,5.86,9.84
ORD0000272,1,PROD00193,SELL00062,2017-12-20,68.6,12.8
ORD0000103,2,PROD00152,SELL00032,2017-06-10,269.25,20.15
ORD0000944,2,PROD00083,SELL00090,2017-03-20,174.24,12.61
ORD0000000,3,PROD00189,SELL00009,2018-06-10,18.73,8.64
ORD0000688,1,PROD00014,SELL00092,2017-02-13,155.52,9.44
ORD0000148,2,PROD00194,SELL00082,2017-07-07,65.9,12.91
ORD0000123,3,PROD00006,SELL00044,2018-03-28,421.47,18.47
ORD0000064,3,PROD00048,SELL00019,2017-05-22,30.82,3.5
ORD0000731,3,PROD00049,SELL00096,2017-12-31,31.54,9.26
ORD0000348,3,PROD00054,SELL00056,2018-07-16,52.54,29.45
ORD0000236,2,PROD00020,SELL00038,2018-02-20,133.07,24.33
ORD0000040,3,PROD00113,SELL00012,2018-02-04,132.27,22.42
ORD0000510,1,PROD00123,SELL00045,2017-02-08,120.4,16.57
ORD0000295,1,PROD00123,SELL00021,2017-04-24,94.85,12.54
ORD0000222,2,PROD00108,SELL00048,2018-02-03,30.82,12.61
ORD0000100,3,PROD00056,SELL00019,2017-02-07,28.98,10.7
ORD0000663,2,PROD00128,SELL00099,2018-02-20,45.56,21.87
ORD0000697,1,PROD00186,SELL00054,2018-07-07,58.12,15.69
ORD0000336,2,PROD00002,SELL00081,2018-08-05,42.88,9.16
ORD0000628,3,PROD00016,SELL00006,2017-05-22,3.9,15.69
ORD0000013,1,PROD00058,SELL00040,2018-05-31,36.73,8.7
ORD0000327,3,PROD00119,SELL00027,2017-12-15,21.62,14.13
ORD0000373,1,PROD00060,SELL00037,2017-03-28,456.83,5.12
ORD0000393,2,PROD00161,SELL00060,2018-07-03,79.12,9.52
ORD0000426,3,PROD00043,SELL00010,2017-04-14,154.38,8.32
ORD0000545,1,PROD00067,SELL00052,2018-06-05,117.07,7.44
ORD0000405,1,PROD00117,SELL00078,2017-07-30,44.16,8.6
ORD0000492,1,PROD00110,SELL00004,2017-09-26,66.9,17.5
ORD0000643,3,PROD00109,SELL00044,2018-01-29,57.41,19.03
ORD0000654,2,PROD00002,SELL00060,2017-04-10,4.34,13.22
ORD0000200,2,PROD00088,SELL00047,2017-05-23,9.72,14.27
ORD0000354,2,PROD00028,SELL00000,2017-08-18,89.47,9.07
ORD0000304,1,PROD00016,SELL00045,2018-03-03,13.91,19.57
ORD0000709,2,PROD00182,SELL00018,2018-02-14,23.65,8.02
ORD0000315,2,PROD00096,SELL00022,2017-12-24,79.77,10.39
ORD0000221,3,PROD00048,SELL00074,2017-07-24,33.1,19.61
ORD0000738,2,PROD00036,SELL00049,2017-12-14,6.1,41.03
ORD0000213,2,PROD00191,SELL00014,2018-01-19,64.22,11.57
ORD0000664,3,PROD00162,SELL00013,2017-10-24,92.1,5.64
ORD0000920,2,PROD00144,SELL00016,2018-09-02,100.75,16.98
ORD0000832,1,PROD00033,SELL00079,2017-06-14,23.14,8.62
ORD0000199,2,PROD00168,SELL00074,2017-06-16,9.33,19.71
ORD0000380,2,PROD00161,SELL00028,2017-06-19,164.55,10.14
ORD0000590,1,PROD00171,SELL00082,2017-07-14,83.63,7.7
ORD0000357,3,PROD00027,SELL00023,2017-06-23,108.94,23.49
ORD0000636,3,PROD00013,SELL00005,2017-01-14,58.19,17.97
ORD0000041,1,PROD00050,SELL00040,2018-03-07,692.83,13.36
ORD0000723,1,PROD00143,SELL00064,2017-03-14,11.15,16.39
ORD0000499,1,PROD00116,SELL00092,2017-06-07,88.76,26.42
ORD0000590,2,PROD00130,SELL00064,2017-11-30,155.57,9.78
ORD0000103,3,PROD00134,SELL00000,2017-12-19,108.73,12.01
ORD0000463,1,PROD00076,SELL00021,2017-05-07,142.74,5.6
ORD0000982,2,PROD00029,SELL00033,2017-05-26,107.69,4.05
ORD0000227,1,PROD00010,SELL00050,2017-12-29,149.0,18.29
ORD0000415,1,PROD00004,SELL00046,2017-04-02,50.48,17.6
ORD0000757,1,PROD00106,SELL00069,2018-09-01,123.25,5.18
ORD0000226,3,PROD00066,SELL00006,2017-08-18,26.62,6.25
ORD0000904,1,PROD00092,SELL00096,2017-03-03,140.29,34.43
ORD0000446,1,PROD00199,SELL00068,2017-02-21,113.37,8.64
ORD0000159,1,PROD00160,SELL00037,2017-08-18,18.74,8.45
ORD0000389,2,PROD00071,SELL00089,2018-01-12,33.18,13.77
ORD0000387,1,PROD00166,SELL00000,2018-07-24,174.45,7.52
ORD0000503,1,PROD00006,SELL00079,2018-04-12,89.21,20.38
ORD0000979,1,PROD00003,SELL00021,2018-02-27,40.17,16.56
ORD0000246,3,PROD00054,SELL00052,2017-07-05,92.81,5.26
ORD0000769,1,PROD00092,SELL00004,2017-05-05,159.91,31.45
ORD0000803,2,PROD00121,SELL00005,2017-06-23,65.47,16.25
ORD0000405,1,PROD00049,SELL00049,2018-01-27,86.97,8.3
ORD0000411,3,PROD00107,SELL00037,2017-02-07,42.88,6.95
ORD0000058,2,PROD00041,SELL00082,2018-01-05,22.97,5.16
ORD0000042,1,PROD00190,SELL00029,2018-01-14,139.65,10.21
ORD0000335,1,PROD00085,SELL00028,2017-04-14,86.89,5.47
ORD0000605,3,PROD00084,SELL00027,2018-05-29,25.61,18.37
ORD0000765,3,PROD00182,SELL00012,2017-12-21,9.43,8.09
ORD0000455,1,PROD00028,SELL00001,2017-05-14,87.17,8.64
ORD0000965,3,PROD00137,SELL00065,2017-03-10,14.23,13.13
ORD0000645,1,PROD00068,SELL00000,2017-09-23,128.32,7.15
ORD0000714,3,PROD00180,SELL00069,2017-04-26,229.11,10.59
ORD0000556,3,PROD00022,SELL00029,2017-04-16,43.71,10.52
ORD0000639,2,PROD00081,SELL00015,2018-04-30,90.79,10.09
ORD0000037,3,PROD00012,SELL00061,2018-04-07,36.07,23.92
ORD0000306,1,PROD00083,SELL00065,2018-02-06,27.45,17.01
ORD0000334,2,PROD00184,SELL00053,2017-09-20,28.03,7.66
ORD0000147,1,PROD00117,SELL00030,2018-03-19,60.86,8.91
ORD0000021,2,PROD00143,SELL00068,2017-11-16,79.06,16.47
ORD0000491,3,PROD00194,SELL00075,2017-01-10,28.8,5.97
ORD0000385,1,PROD00141,SELL00076,2017-06-15,14.13,5.98
ORD0000839,3,PROD00092,SELL00018,2018-07-31,1009.61,26.34
ORD0000252,3,PROD00024,SELL00073,2018-03-06,82.92,19.35
ORD0000973,3,PROD00175,SELL00042,2018-06-11,91.77,17.79
ORD0000005,2,PROD00003,SELL00045,2018-07-10,6.76,16.61
ORD0000962,2,PROD00064,SELL00004,2018-07-02,51.71,7.63
ORD0000461,2,PROD00150,SELL00052,2018-06-11,15.18,14.19
ORD0000082,3,PROD00050,SELL00042,2017-09-08,33.41,16.23
ORD0000657,1,PROD00082,SELL00076,2017-04-25,31.09,9.78
ORD0000332,1,PROD00138,SELL00067,2018-04-28,58.1,3.52
ORD0000101,1,PROD00037,SELL00096,2017-05-09,45.43,12.65
ORD0000737,3,PROD00194,SELL00014,2018-09-02,41.79,9.26
ORD0000378,2,PROD00149,SELL00090,2017-09-18,64.07,12.8
ORD0000031,2,PROD00021,SELL00083,2017-06-04,34.79,17.78
ORD0000301,2,PROD00050,SELL00041,2018-05-30,24.49,11.21
ORD0000002,3,PROD00067,SELL00015,2017-10-01,54.35,28.91
ORD0000380,1,PROD00128,SELL00074,2017-07-06,16.84,13.96
ORD0000427,1,PROD00157,SELL00045,2018-08-13,83.49,8.22
ORD0000758,1,PROD00193,SELL00077,2017-07-31,6.29,17.42
ORD0000440,1,PROD00096,SELL00086,2017-07-07,189.83,9.96
ORD0000753,1,PROD00129,SELL00001,2017-07-11,24.47,5.93
ORD0000511,2,PROD00071,SELL00053,2018-01-29,113.94,27.43
ORD0000321,2,PROD00172,SELL00074,2017-10-31,82.24,7.35
ORD0000452,3,PROD00176,SELL00097,2017-05-22,50.03,9.26
ORD0000630,1,PROD00139,SELL00003,2017-07-11,25.96,9.37
ORD0000333,3,PROD00102,SELL00099,2017-12-25,19.19,5.66
ORD0000696,2,PROD00178,SELL00007,2017-08-25,72.35,13.37
ORD0000088,2,PROD00038,SELL00082,2018-06-25,129.32,13.76
ORD0000421,2,PROD00138,SELL00095,2017-03-04,164.89,5.99
ORD0000419,1,PROD00172,SELL00048,2017-10-20,64.39,10.48
ORD0000477,2,PROD00123,SELL00075,2018-02-03,50.71,25.62
ORD0000087,3,PROD00123,SELL00093,2017-12-31,25.41,12.86
ORD0000229,3,PROD00079,SELL00036,2017-08-31,14.72,12.61
ORD0000857,1,PROD00109,SELL00034,2017-08-21,80.02,22.92
ORD0000090,2,PROD00022,SELL00030,2018-02-07,16.39,11.84
ORD0000687,2,PROD00085,SELL00076,2017-07-14,22.63,4.75
ORD0000925,1,PROD00065,SELL00059,2018-05-22,103.91,27.84
ORD0000712,1,PROD00140,SELL00037,2017-10-16,113.24,10.83
ORD0000936,3,PROD00084,SELL00094,2017-09-12,54.64,9.21
ORD0000986,1,PROD00009,SELL00073,2018-04-06,13.53,44.05
ORD0000346,2,PROD00010,SELL00006,2018-08-09,16.43,14.8
ORD0000678,1,PROD00160,SELL00048,2018-06-10,225.84,14.13
ORD0000863,1,PROD00031,SELL00020,2018-01-31,48.08,10.63
ORD0000121,3,PROD00172,SELL00018,2017-01-23,32.51,44.45
ORD0000764,3,PROD00066,SELL00096,2018-07-17,71.7,21.0
ORD0000678,2,PROD00006,SELL00003,2018-06-13,255.78,11.44
ORD0000528,1,PROD00156,SELL00081,2017-09-25,15.27,11.57
ORD0000849,2,PROD00141,SELL00044,2017-02-17,14.72,9.19
ORD0000697,2,PROD00074,SELL00041,2018-05-14,33.75,15.84
ORD0000955,2,PROD00178,SELL00097,2017-03-21,66.63,13.21
ORD0000401,3,PROD00101,SELL00084,2018-08-22,13.47,10.7
ORD0000199,3,PROD00160,SELL00029,2018-05-19,30.26,6.12
ORD0000553,3,PROD00034,SELL00084,2018-02-01,39.61,5.97
ORD0000888,2,PROD00169,SELL00098,2018-04-04,27.12,10.19
ORD0000235,1,PROD00000,SELL00058,2018-05-13,37.43,14.26
ORD0000320,2,PROD00031,SELL00035,2018-03-11,73.92,26.98
ORD0000473,2,PROD00117,SELL00056,2018-06-29,13.31,16.47
ORD0000012,3,PROD00189,SELL00022,2017-07-07,121.37,8.17
ORD0000957,2,PROD00050,SELL00074,2017-07-25,32.73,8.13
ORD0000543,2,PROD00070,SELL00026,2018-03-30,155.9,9.77
ORD0000530,1,PROD00164,SELL00093,2018-03-31,19.97,21.18
ORD0000854,3,PROD00115,SELL00090,2017-04-09,76.48,19.12
ORD0000660,1,PROD00038,SELL00030,2017-11-27,23.54,11.57
ORD0000713,2,PROD00094,SELL00036,2018-03-17,164.21,13.25
ORD0000880,1,PROD00169,SELL00096,2017-05-01,71.76,7.63
ORD0000314,3,PROD00179,SELL00012,2017-05-12,98.47,9.11
ORD0000502,2,PROD00130,SELL00051,2017-11-03,32.63,13.38
ORD0000769,3,PROD00026,SELL00092,2018-07-08,17.27,7.82
ORD0000596,1,PROD00061,SELL00087,2018-02-06,51.25,22.1
ORD0000552,3,PROD00071,SELL00084,2017-06-24,166.18,22.2
ORD0000065,2,PROD00095,SELL00070,2018-04-24,11.05,12.03
ORD0000537,3,PROD00102,SELL00057,2017-09-09,164.33,7.63
ORD0000625,1,PROD00152,SELL00047,2018-08-17,33.02,7.44
ORD0000813,2,PROD00120,SELL00061,2018-07-16,9.6,23.32
ORD0000803,1,PROD00052,SELL00081,2017-01-14,135.95,31.85
ORD0000066,1,PROD00005,SELL00001,2018-03-09,85.89,3.67
ORD0000503,2,PROD00087,SELL00081,2017-08-01,36.69,4.49
ORD0000028,2,PROD00004,SELL00053,2018-06-29,162.81,11.78
ORD0000205,3,PROD00162,SELL00093,2017-12-08,58.23,12.41
ORD0000483,1,PROD00009,SELL00050,2017-02-03,101.05,7.91
ORD0000145,3,PROD00119,SELL00013,2018-02-07,98.44,30.34
ORD0000269,2,PROD00117,SELL00072,2017-11-14,35.11,11.06
ORD0000528,3,PROD00188,SELL00066,2018-02-13,24.09,16.72
ORD0000565,2,PROD00187,SELL00029,2017-03-09,29.55,11.88
ORD0000419,3,PROD00145,SELL00068,2018-02-05,53.56,16.53
ORD0000077,3,PROD00023,SELL00043,2018-07-17,35.52,17.17
ORD0000439,3,PROD00199,SELL00016,2018-01-06,31.22,8.64
ORD0000273,3,PROD00168,SELL00032,2018-05-21,92.19,15.33
ORD0000596,1,PROD00015,SELL00078,2017-03-30,75.85,13.97
ORD0000968,1,PROD00138,SELL00000,2017-11-30,25.98,7.58
ORD0000081,2,PROD00034,SELL00023,2018-08-09,50.29,8.72
ORD0000792,2,PROD00168,SELL00092,2018-07-26,13.99,2.64
ORD0000615,1,PROD00054,SELL00019,2017-08-23,86.07,16.84
ORD0000513,3,PROD00124,SELL00029,2017-06-25,15.54,5.16
ORD0000068,3,PROD00116,SELL00062,2017-10-18,17.92,8.29
ORD0000123,1,PROD00004,SELL00031,2018-05-20,55.99,10.0
ORD0000538,1,PROD00100,SELL00034,2018-05-14,89.15,31.96
ORD0000401,2,PROD00132,SELL00056,2018-06-30,75.28,11.33
ORD0000539,1,PROD00152,SELL00095,2018-08-30,59.98,10.88
ORD0000799,1,PROD00060,SELL00048,2018-04-04,37.57,18.27
ORD0000654,2,PROD00158,SELL00017,2017-09-17,45.95,16.24
ORD0000217,1,PROD00063,SELL00002,2018-07-31,19.35,32.75
ORD0000462,2,PROD00175,SELL00030,2017-09-12,22.31,9.75
ORD0000402,1,PROD00050,SELL00024,2017-06-12,11.1,15.47
ORD0000127,3,PROD00089,SELL00041,2017-03-14,47.41,14.83
ORD0000169,2,PROD00181,SELL00063,2017-10-21,15.13,12.62
ORD0000480,1,PROD00191,SELL00007,2017-08-19,25.26,8.08
ORD0000546,1,PROD00199,SELL00075,2017-12-14,30.65,20.89
ORD0000260,3,PROD00049,SELL00025,2018-04-12,17.26,11.98
ORD0000613,1,PROD00166,SELL00051,2017-12-21,149.63,22.31
ORD0000797,1,PROD00026,SELL00062,2017-06-22,6.95,7.22
ORD0000600,3,PROD00177,SELL00096,2018-07-26,7.87,28.32
ORD0000749,2,PROD00079,SELL00093,2017-11-25,4.54,16.4
ORD0000815,2,PROD00187,SELL00038,2017-09-26,31.9,15.78
ORD0000554,1,PROD00076,SELL00019,2018-06-09,51.08,19.49
ORD0000974,2,PROD00036,SELL00045,2017-04-25,28.84,24.03
ORD0000144,1,PROD00005,SELL00018,2017-05-28,261.95,8.35
ORD0000534,1,PROD00066,SELL00002,2018-04-20,5.18,17.18
ORD0000815,2,PROD00159,SELL00030,2018-08-08,32.06,7.81
ORD0000610,1,PROD00168,SELL00014,2017-10-24,49.35,4.33
ORD0000903,3,PROD00011,SELL00021,2017-09-08,96.11,6.01
ORD0000667,2,PROD00138,SELL00025,2017-09-14,32.47,7.88
ORD0000380,1,PROD00023,SELL00089,2018-05-19,72.95,4.82
ORD0000625,1,PROD00073,SELL00035,2018-05-15,64.72,22.36
ORD0000737,1,PROD00046,SELL00067,2017-02-06,26.75,7.84
ORD0000931,3,PROD00122,SELL00052,2017-11-11,23.81,30.65
ORD0000732,3,PROD00048,SELL00059,2017-12-17,189.91,4.15
ORD0000563,1,PROD00199,SELL00085,2017-08-27,35.72,12.33
ORD0000482,1,PROD00168,SELL00090,2017-11-03,401.72,4.32
ORD0000031,3,PROD00135,SELL00090,2018-06-13,56.2,17.15
ORD0000494,2,PROD00072,SELL00032,2018-05-30,22.17,13.3
ORD0000073,1,PROD00089,SELL00034,2018-04-14,27.51,10.49
ORD0000422,2,PROD00129,SELL00046,2018-05-07,126.75,13.26
ORD0000245,1,PROD00121,SELL00052,2017-11-23,110.62,12.89
ORD0000246,3,PROD00015,SELL00086,2017-09-11,401.18,18.39
ORD0000115,3,PROD00145,SELL00064,2017-08-02,41.86,16.42
ORD0000373,2,PROD00119,SELL00016,2018-02-07,18.22,10.13
ORD0000898,2,PROD00066,SELL00089,2017-10-29,50.87,4.53
ORD0000720,3,PROD00016,SELL00049,2018-08-03,13.22,13.01
ORD0000261,2,PROD00045,SELL00031,2017-12-18,32.03,10.15
ORD0000467,1,PROD00008,SELL00049,2018-03-10,41.96,20.22
ORD0000856,3,PROD00136,SELL00086,2018-04-12,136.08,9.92
ORD0000717,2,PROD00152,SELL00077,2018-07-18,78.54,16.72
ORD0000004,3,PROD00198,SELL00045,2017-02-11,39.26,23.12
ORD0000131,3,PROD00133,SELL00033,2017-11-13,43.42,18.79
ORD0000623,1,PROD00132,SELL00081,2018-07-03,34.81,9.54
ORD0000867,1,PROD00106,SELL00091,2017-11-01,40.09,8.1
ORD0000303,1,PROD00174,SELL00006,2018-05-01,53.41,18.57
ORD0000385,2,PROD00144,SELL00047,2017-02-07,121.32,23.13
ORD0000477,3,PROD00067,SELL00074,2017-01-27,358.33,11.55
ORD0000636,1,PROD00037,SELL00019,2018-01-27,132.46,5.91
ORD0000738,3,PROD00130,SELL00035,2018-03-27,34.4,13.62
ORD0000442,3,PROD00046,SELL00068,2017-05-31,30.94,14.02
ORD0000768,3,PROD00115,SELL00003,2017-05-03,12.82,10.7
ORD0000965,1,PROD00109,SELL00007,2017-10-30,23.36,11.84
ORD0000329,3,PROD00184,SELL00051,2018-01-07,71.3,8.02
ORD0000373,2,PROD00077,SELL00072,2017-05-17,30.27,18.66
ORD0000029,1,PROD00160,SELL00063,2018-04-03,11.83,8.8
ORD0000399,2,PROD00058,SELL00023,2018-08-01,21.41,9.71
ORD0000676,1,PROD00038,SELL00083,2017-12-02,193.65,5.1
ORD0000803,2,PROD00079,SELL00021,2017-08-14,62.93,4.89
ORD0000553,2,PROD00021,SELL00015,2018-03-05,38.08,9.68
ORD0000429,1,PROD00131,SELL00047,2017-07-16,232.91,14.52
ORD0000157,3,PROD00017,SELL00049,2018-02-18,101.89,16.01
ORD0000245,2,PROD00132,SELL00037,2017-02-15,189.89,11.23
ORD0000685,3,PROD00189,SELL00099,2018-07-29,57.15,21.96
ORD0000799,1,PROD00001,SELL00019,2018-05-28,158.21,8.75
ORD0000047,2,PROD00084,SELL00062,2017-10-23,113.05,12.89
ORD0000760,2,PROD00087,SELL00071,2018-07-20,184.71,17.09
ORD0000748,3,PROD00129,SELL00022,2017-03-07,35.56,16.65
ORD0000073,2,PROD00101,SELL00034,2018-04-03,12.35,12.67
ORD0000514,1,PROD00187,SELL00028,2018-06-27,16.46,4.83
ORD0000602,3,PROD00186,SELL00019,2017-08-24,118.21,25.8
ORD0000032,3,PROD00148,SELL00095,2018-09-09,37.55,17.39
ORD0000692,3,PROD00056,SELL00003,2017-03-09,93.94,12.09
ORD0000686,3,PROD00178,SELL00055,2017-01-24,42.88,11.75
ORD0000127,3,PROD00080,SELL00045,2017-11-29,16.08,14.32
ORD0000167,2,PROD00039,SELL00053,2017-02-21,15.31,11.37
ORD0000894,1,PROD00148,SELL00096,2017-09-16,37.14,11.83
ORD0000551,1,PROD00023,SELL00079,2017-02-20,23.93,19.13
ORD0000440,3,PROD00188,SELL00077,2017-04-07,19.39,5.77
ORD0000705,2,PROD00049,SELL00028,2017-02-10,27.64,10.32
ORD0000373,1,PROD00115,SELL00065,2018-08-11,77.32,18.68
ORD0000000,2,PROD00092,SELL00071,2018-02-28,27.05,19.61
ORD0000568,3,PROD00155,SELL00064,2018-09-01,28.24,11.02
ORD0000332,3,PROD00044,SELL00015,2017-06-11,83.89,2.07
ORD0000984,1,PROD00035,SELL00016,2017-02-11,189.27,11.29
ORD0000898,2,PROD00037,SELL00056,2018-06-10,35.42,23.28
ORD0000414,2,PROD00000,SELL00026,2017-12-31,19.52,36.51
ORD0000119,1,PROD00095,SELL00002,2017-04-19,41.88,10.47
ORD0000725,1,PROD00105,SELL00058,2018-03-19,91.58,11.19
ORD0000249,1,PROD00020,SELL00058,2017-03-14,23.4,10.41
ORD0000516,3,PROD00147,SELL00047,2017-12-14,114.47,14.27
ORD0000217,3,PROD00127,SELL00010,2017-02-18,61.38,10.1
ORD0000596,1,PROD00199,SELL00038,2017-08-10,84.48,8.95
ORD0000711,3,PROD00177,SELL00033,2018-02-04,29.04,7.53
ORD0000969,3,PROD00063,SELL00049,2018-02-05,93.6,12.11
ORD0000511,2,PROD00117,SELL00018,2018-09-01,15.62,6.97
ORD0000751,2,PROD00081,SELL00019,2018-08-22,124.69,13.78
ORD0000500,2,PROD00046,SELL00082,2018-03-20,116.87,12.57
ORD0000731,3,PROD00009,SELL00083,2018-08-09,73.02,9.36
ORD0000106,2,PROD00088,SELL00050,2017-08-23,30.66,12.33
ORD0000108,1,PROD00023,SELL00029,2017-03-24,30.0,17.07
ORD0000012,3,PROD00087,SELL00090,2018-07-16,52.22,12.17
ORD0000924,3,PROD00086,SELL00094,2017-10-15,120.81,15.08
ORD0000529,3,PROD00002,SELL00074,2018-01-20,218.8,19.59
ORD0000308,1,PROD00186,SELL00081,2017-04-25,21.77,15.05
ORD0000088,3,PROD00121,SELL00056,2017-11-29,38.07,14.31
ORD0000310,2,PROD00030,SELL00018,2017-08-26,36.7,22.08
ORD0000139,3,PROD00000,SELL00091,2018-08-23,38.57,12.25
ORD0000496,2,PROD00001,SELL00013,2018-09-06,115.08,13.51
ORD0000848,1,PROD00067,SELL00033,2018-04-07,36.27,7.33
ORD0000361,1,PROD00035,SELL00082,2017-04-29,81.7,10.16
ORD0000568,2,PROD00123,SELL00041,2018-02-24,98.01,9.24
ORD0000635,1,PROD00118,SELL00052,2017-08-20,88.05,11.38
ORD0000235,1,PROD00158,SELL00068,2017-10-21,16.59,9.12
ORD0000393,2,PROD00035,SELL00081,2017-11-08,67.57,8.09
ORD0000808,1,PROD00055,SELL00098,2017-08-18,30.34,22.25
ORD0000025,3,PROD00051,SELL00046,2018-05-11,54.71,35.11
ORD0000065,3,PROD00085,SELL00035,2018-05-13,79.64,9.9
ORD0000365,1,PROD00144,SELL00070,2017-07-02,12.43,7.17
ORD0000536,1,PROD00036,SELL00084,2018-09-03,136.96,9.82
ORD0000283,2,PROD00023,SELL00066,2018-01-09,13.9,27.26
ORD0000667,2,PROD00093,SELL00024,2017-11-18,30.64,17.23
ORD0000373,1,PROD00114,SELL00083,2018-07-26,51.04,15.81
ORD0000631,1,PROD00101,SELL00019,2018-03-31,16.63,11.31
ORD0000703,2,PROD00194,SELL00030,2018-06-08,18.62,26.36
ORD0000330,1,PROD00114,SELL00005,2017-10-15,64.93,51.12
ORD0000916,1,PROD00071,SELL00009,2017-11-05,37.77,4.53
ORD0000143,1,PROD00079,SELL00001,2018-08-25,140.12,18.02
ORD0000535,3,PROD00115,SELL00028,2018-04-27,58.8,21.29
ORD0000965,2,PROD00116,SELL00061,2017-10-25,43.53,18.34
ORD0000873,2,PROD00002,SELL00066,2017-04-28,33.09,6.95
ORD0000776,3,PROD00189,SELL00083,2017-05-11,74.0,7.92
ORD0000544,2,PROD00090,SELL00011,2017-02-27,60.51,13.37
ORD0000473,1,PROD00065,SELL00076,2017-07-29,24.04,11.25
ORD0000430,3,PROD00123,SELL00067,2018-07-22,56.19,9.25
ORD0000512,2,PROD00019,SELL00052,2018-04-16,128.75,17.21
ORD0000231,2,PROD00169,SELL00020,2018-05-13,65.04,16.42
ORD0000092,2,PROD00023,SELL00038,2018-09-04,11.99,10.39
ORD0000144,1,PROD00052,SELL00013,2018-09-08,60.95,5.83
ORD0000183,3,PROD00093,SELL00034,2017-03-11,35.39,10.33
ORD0000647,2,PROD00105,SELL00019,2017-09-28,3.17,18.88
ORD0000928,2,PROD00187,SELL00028,2017-05-01,94.48,19.92
ORD0000736,1,PROD00055,SELL00051,2018-02-27,440.31,8.25
ORD0000249,3,PROD00183,SELL00051,2017-11-24,17.81,10.64
ORD0000803,3,PROD00138,SELL00061,2017-03-08,39.63,3.81
ORD0000155,2,PROD00187,SELL00017,2017-10-03,20.37,13.55
ORD0000116,1,PROD00149,SELL00021,2017-07-05,162.69,12.3
ORD0000313,2,PROD00173,SELL00079,2017-05-11,31.33,8.37
ORD0000216,1,PROD00086,SELL00042,2017-09-25,19.7,29.44
ORD0000009,2,PROD00071,SELL00071,2017-12-31,29.64,8.32
ORD0000822,3,PROD00073,SELL00086,2018-08-13,24.77,6.65
ORD0000828,3,PROD00081,SELL00033,2017-02-21,128.31,13.83
ORD0000366,3,PROD00007,SELL00087,2018-07-20,224.61,15.66
ORD0000897,3,PROD00070,SELL00098,2018-01-08,48.89,12.27
ORD0000356,1,PROD00100,SELL00079,2017-01-12,17.99,16.64
ORD0000661,3,PROD00177,SELL00006,2018-01-15,36.62,22.96
ORD0000407,1,PROD00142,SELL00001,2018-02-07,314.08,6.04
ORD0000323,3,PROD00173,SELL00024,2017-04-03,38.08,13.38
ORD0000285,3,PROD00110,SELL00049,2018-08-22,39.96,14.37
ORD0000282,2,PROD00126,SELL00049,2017-04-27,23.34,10.86
ORD0000488,1,PROD00194,SELL00096,2017-11-04,42.03,8.22
ORD0000117,2,PROD00077,SELL00081,2017-02-14,38.74,25.79
ORD0000251,2,PROD00144,SELL00025,2017-03-16,92.11,16.87
ORD0000164,2,PROD00101,SELL00082,2017-11-10,80.48,10.92
ORD0000470,2,PROD00175,SELL00068,2018-04-07,30.33,20.95
ORD0000459,1,PROD00044,SELL00037,2018-05-19,289.3,10.08
ORD0000710,1,PROD00087,SELL00035,2017-03-18,75.96,18.22
ORD0000031,2,PROD00188,SELL00081,2017-06-17,319.79,10.24
ORD0000881,3,PROD00113,SELL00003,2018-07-21,115.34,5.93
ORD0000094,2,PROD00050,SELL00057,2017-02-26,106.23,6.59
ORD0000050,3,PROD00004,SELL00031,2017-10-14,52.55,17.67
ORD0000327,3,PROD00156,SELL00044,2018-09-08,104.32,17.43
ORD0000817,3,PROD00085,SELL00057,2017-01-22,61.29,15.4
ORD0000521,1,PROD00167,SELL00087,2018-09-05,8.88,15.01
ORD0000959,2,PROD00009,SELL00054,2017-12-02,47.83,13.81
ORD0000519,2,PROD00011,SELL00034,2017-08-21,10.91,33.45
ORD0000163,1,PROD00181,SELL00049,2017-08-25,58.75,5.77
ORD0000330,3,PROD00078,SELL00089,2017-09-03,19.02,8.45
ORD0000463,1,PROD00109,SELL00008,2018-08-21,55.01,22.41
ORD0000196,1,PROD00090,SELL00005,2017-03-06,251.12,6.49
ORD0000257,2,PROD00096,SELL00043,2017-03-11,52.79,8.48
ORD0000992,1,PROD00125,SELL00076,2017-05-11,211.64,16.6
ORD0000150,2,PROD00099,SELL00040,2017-03-22,19.48,10.05
ORD0000529,3,PROD00134,SELL00087,2017-11-21,16.78,18.36
ORD0000592,2,PROD00198,SELL00080,2018-05-02,68.45,17.78
ORD0000758,1,PROD00196,SELL00064,2017-01-26,75.72,18.14
ORD0000112,1,PROD00196,SELL00066,2018-06-16,30.3,14.09
ORD0000327,3,PROD00065,SELL00074,2017-06-06,76.94,4.59
ORD0000870,2,PROD00175,SELL00039,2017-08-18,5.19,5.5
ORD0000734,2,PROD00108,SELL00099,2017-08-27,69.69,21.78
ORD0000671,2,PROD00133,SELL00060,2018-02-03,25.98,13.1
ORD0000178,3,PROD00142,SELL00047,2018-08-22,35.51,25.97
ORD0000792,1,PROD00041,SELL00076,2018-02-04,73.47,6.22
ORD0000243,2,PROD00016,SELL00050,2017-11-07,40.63,13.02
ORD0000100,3,PROD00108,SELL00090,2018-04-05,267.26,18.46
ORD0000190,1,PROD00015,SELL00024,2018-04-12,34.09,22.18
ORD0000444,2,PROD00135,SELL00076,2018-08-14,167.3,14.03
ORD0000782,2,PROD00004,SELL00098,2017-03-21,21.61,22.37
ORD0000836,1,PROD00197,SELL00085,2017-12-17,10.95,16.48
ORD0000457,3,PROD00015,SELL00095,2017-01-11,27.03,17.42
ORD0000389,2,PROD00073,SELL00047,2017-08-08,11.89,21.3
ORD0000116,3,PROD00046,SELL00013,2017-05-17,306.97,21.71
ORD0000849,1,PROD00167,SELL00034,2017-10-27,36.37,11.78
ORD0000531,2,PROD00158,SELL00032,2018-05-02,21.39,10.39
ORD0000140,3,PROD00095,SELL00061,2018-08-26,149.63,7.48
ORD0000987,3,PROD00104,SELL00077,2017-08-05,34.13,7.28
ORD0000515,1,PROD00142,SELL00081,2017-01-10,256.62,17.17
ORD0000132,3,PROD00126,SELL00096,2018-07-25,18.77,26.2
ORD0000410,3,PROD00072,SELL00037,2017-09-11,150.16,13.26
ORD0000311,1,PROD00181,SELL00014,2018-07-01,7.85,10.43
ORD0000172,1,PROD00009,SELL00063,2018-06-23,123.17,20.83
ORD0000521,2,PROD00117,SELL00019,2018-07-05,70.32,11.29
ORD0000243,1,PROD00130,SELL00029,2017-12-21,101.11,7.88
ORD0000367,2,PROD00019,SELL00024,2017-09-03,25.88,14.75
ORD0000553,3,PROD00170,SELL00073,2017-02-12,16.96,10.21
ORD0000332,3,PROD00199,SELL00049,2018-04-15,17.34,7.91
ORD0000399,1,PROD00175,SELL00038,2017-11-11,225.92,6.61
ORD0000958,3,PROD00130,SELL00003,2017-09-12,18.35,13.87
ORD0000460,3,PROD00179,SELL00064,2017-06-22,85.42,6.03
ORD0000181,1,PROD00171,SELL00037,2017-09-11,66.36,9.84
ORD0000966,2,PROD00041,SELL00059,2017-10-22,29.92,14.31
ORD0000276,3,PROD00170,SELL00034,2017-10-17,15.13,16.26
ORD0000419,3,PROD00088,SELL00016,2017-09-16,76.6,10.41
ORD0000484,3,PROD00059,SELL00092,2018-06-01,128.07,13.76
ORD0000050,3,PROD00176,SELL00013,2017-06-30,98.85,6.37
ORD0000152,1,PROD00187,SELL00084,2017-09-27,46.08,30.07
ORD0000355,2,PROD00074,SELL00030,2017-04-18,13.09,10.15
ORD0000958,3,PROD00123,SELL00063,2017-07-17,21.42,10.92
ORD0000512,1,PROD00028,SELL00015,2018-08-27,33.37,20.13
ORD0000072,2,PROD00033,SELL00012,2017-07-21,39.86,20.29
ORD0000354,3,PROD00100,SELL00078,2017-07-05,133.99,11.71
ORD0000903,2,PROD00144,SELL00068,2017-03-16,121.18,6.25
ORD0000587,2,PROD00163,SELL00031,2018-04-12,83.33,19.97
ORD0000244,3,PROD00012,SELL00062,2017-03-01,11.88,9.84
ORD0000484,2,PROD00061,SELL00055,2017-05-21,51.34,9.94
ORD0000278,1,PROD00034,SELL00085,2017-07-26,64.9,6.62
ORD0000102,1,PROD00170,SELL00084,2017-08-17,29.93,13.16
ORD0000862,1,PROD00128,SELL00058,2017-10-28,108.49,15.42
ORD0000598,1,PROD00134,SELL00022,2018-08-02,32.63,12.58
ORD0000660,3,PROD00103,SELL00042,2018-04-06,39.79,15.76
ORD0000561,3,PROD00064,SELL00049,2017-04-08,70.43,11.04
ORD0000674,2,PROD00037,SELL00097,2018-08-21,7.2,19.14
ORD0000545,2,PROD00084,SELL00083,2018-03-03,79.08,9.11
ORD0000184,3,PROD00034,SELL00032,2018-07-24,38.29,5.27
ORD0000149,3,PROD00071,SELL00096,2017-03-07,19.91,10.62
ORD0000258,2,PROD00196,SELL00045,2018-07-05,42.22,6.48
ORD0000767,2,PROD00193,SELL00023,2018-08-10,195.65,7.16
ORD0000517,2,PROD00073,SELL00071,2017-03-19,4.47,5.72
ORD0000112,1,PROD00102,SELL00097,2017-02-15,41.64,3.24
ORD0000746,2,PROD00091,SELL00076,2017-02-04,51.01,13.63
ORD0000145,2,PROD00091,SELL00004,2017-02-13,62.06,10.55
ORD0000435,1,PROD00135,SELL00008,2017-08-20,99.94,11.56
ORD0000644,3,PROD00054,SELL00079,2017-03-17,61.42,20.19
ORD0000709,2,PROD00014,SELL00000,2018-01-13,27.65,10.63
ORD0000690,3,PROD00190,SELL00040,2017-07-27,83.7,23.13
ORD0000976,1,PROD00126,SELL00051,2017-12-21,62.34,8.14
ORD0000440,3,PROD00059,SELL00082,2017-07-22,99.86,12.01
ORD0000507,2,PROD00105,SELL00089,2018-08-04,12.9,14.92
ORD0000966,3,PROD00079,SELL00073,2018-08-09,39.03,6.95
ORD0000710,3,PROD00008,SELL00098,2017-02-13,17.68,5.78
ORD0000496,1,PROD00101,SELL00016,2017-05-18,133.29,23.19
ORD0000751,3,PROD00106,SELL00057,2018-07-19,30.85,15.98
ORD0000206,1,PROD00190,SELL00067,2018-06-29,45.37,12.57
ORD0000473,1,PROD00120,SELL00014,2017-04-08,10.5,11.29
ORD0000197,1,PROD00129,SELL00012,2017-06-16,56.76,13.78
ORD0000139,2,PROD00146,SELL00032,2017-05-26,35.95,3.09
ORD0000863,3,PROD00180,SELL00013,2017-09-29,52.17,9.96
ORD0000673,2,PROD00135,SELL00035,2017-11-05,14.18,6.52
ORD0000212,1,PROD00074,SELL00061,2018-03-10,28.26,14.43
ORD0000327,2,PROD00153,SELL00061,2017-08-02,51.72,22.2
ORD0000849,1,PROD00103,SELL00090,2017-02-19,7.59,11.41
ORD0000357,1,PROD00003,SELL00099,2018-01-24,168.81,7.29
ORD0000501,2,PROD00182,SELL00027,2018-02-07,123.03,7.01
ORD0000887,1,PROD00004,SELL00016,2017-05-24,52.76,18.94
ORD0000841,1,PROD00065,SELL00084,2017-02-18,46.59,19.96
ORD0000087,2,PROD00134,SELL00087,2017-08-03,79.54,19.75
ORD0000014,2,PROD00149,SELL00060,2018-01-31,63.2,23.61
ORD0000221,1,PROD00100,SELL00022,2017-01-31,19.17,13.13
ORD0000252,2,PROD00185,SELL00007,2018-06-12,35.03,16.81
ORD0000034,1,PROD00086,SELL00007,2017-02-17,28.22,12.35
ORD0000807,3,PROD00122,SELL00017,2018-02-02,21.64,13.12
ORD0000743,3,PROD00076,SELL00074,2017-07-06,18.62,12.4
ORD0000038,3,PROD00159,SELL00077,2018-05-15,27.14,6.67
ORD0000156,1,PROD00134,SELL00072,2017-11-24,17.62,10.64
ORD0000052,3,PROD00129,SELL00063,2018-05-23,24.38,6.46
ORD0000089,2,PROD00013,SELL00074,2017-05-06,186.69,7.15
ORD0000107,3,PROD00133,SELL00087,2017-02-18,11.09,12.53
ORD0000365,2,PROD00021,SELL00054,2017-02-26,639.24,14.89
ORD0000134,1,PROD00182,SELL00027,2017-06-30,76.51,10.75
ORD0000273,3,PROD00114,SELL00092,2018-07-10,249.03,10.82
ORD0000155,3,PROD00112,SELL00018,2018-03-31,66.54,21.8
ORD0000140,1,PROD00091,SELL00058,2017-11-25,64.77,17.35
ORD0000104,3,PROD00182,SELL00035,2017-04-17,95.5,10.28
ORD0000676,3,PROD00148,SELL00087,2018-01-25,57.82,24.17
ORD0000090,1,PROD00144,SELL00068,2017-12-30,34.79,25.46
ORD0000900,3,PROD00044,SELL00024,2017-08-13,65.99,9.49
ORD0000415,1,PROD00013,SELL00072,2017-07-31,79.19,32.45
ORD0000667,1,PROD00048,SELL00081,2017-06-03,133.38,6.16
ORD0000616,3,PROD00164,SELL00070,2018-01-17,53.39,13.88
ORD0000384,2,PROD00018,SELL00025,2017-07-24,11.14,22.96
ORD0000269,3,PROD00066,SELL00081,2018-01-16,64.89,9.96
ORD0000187,3,PROD00180,SELL00024,2017-11-13,61.49,18.48
ORD0000028,2,PROD00066,SELL00004,2018-07-02,90.97,9.76
ORD0000420,3,PROD00104,SELL00021,2017-02-23,11.01,3.53
ORD0000535,3,PROD00043,SELL00012,2018-09-03,147.72,10.44
ORD0000192,2,PROD00008,SELL00038,2017-11-20,39.88,13.02
ORD0000678,2,PROD00082,SELL00098,2017-10-08,32.17,36.8
ORD0000064,2,PROD00096,SELL00063,2017-09-18,10.2,4.37
ORD0000666,1,PROD00052,SELL00096,2018-03-11,126.94,4.05
ORD0000577,3,PROD00185,SELL00064,2017-02-16,72.3,31.91
ORD0000529,1,PROD00011,SELL00032,2017-02-03,53.2,5.89
ORD0000212,1,PROD00128,SELL00070,2017-07-03,19.4,29.94
ORD0000925,2,PROD00052,SELL00096,2017-06-26,253.69,10.46
ORD0000182,2,PROD00143,SELL00010,2018-06-07,5.66,4.93
ORD0000709,1,PROD00158,SELL00040,2017-09-05,28.02,9.35
ORD0000667,2,PROD00055,SELL00035,2017-02-26,42.36,17.03
ORD0000247,3,PROD00094,SELL00086,2017-12-22,22.92,12.81
ORD0000454,3,PROD00165,SELL00019,2017-01-29,17.4,9.99
ORD0000521,1,PROD00187,SELL00041,2018-06-20,5.02,10.12
ORD0000531,2,PROD00051,SELL00042,2018-09-06,158.68,28.88
ORD0000759,2,PROD00042,SELL00038,2018-02-15,53.62,20.98
ORD0000462,2,PROD00036,SELL00045,2017-08-18,14.29,5.95
ORD0000111,3,PROD00033,SELL00048,2018-08-17,180.0,11.29
ORD0000126,1,PROD00058,SELL00073,2017-12-26,28.83,11.28
ORD0000445,1,PROD00133,SELL00017,2017-04-17,30.75,15.86
ORD0000309,1,PROD00145,SELL00087,2017-05-23,29.84,6.51
ORD0000719,2,PROD00122,SELL00077,2018-01-02,28.13,12.45
ORD0000473,3,PROD00082,SELL00001,2018-02-09,66.07,10.81
ORD0000525,3,PROD00174,SELL00007,2018-06-13,24.98,12.44
ORD0000698,1,PROD00102,SELL00074,2017-11-07,75.13,23.01
ORD0000478,3,PROD00030,SELL00025,2017-04-09,32.72,7.3
ORD0000727,2,PROD00159,SELL00019,2018-03-05,8.99,17.33
ORD0000927,2,PROD00022,SELL00053,2017-06-05,14.76,21.32
ORD0000347,2,PROD00077,SELL00008,2017-06-05,28.72,5.14
ORD0000749,3,PROD00090,SELL00064,2017-09-01,54.24,24.37
ORD0000321,2,PROD00087,SELL00017,2017-09-16,563.04,7.03
ORD0000284,3,PROD00185,SELL00065,2017-05-27,24.14,3.48
ORD0000126,3,PROD00020,SELL00018,2017-11-24,111.47,12.89
ORD0000138,1,PROD00198,SELL00030,2017-04-18,3.93,19.29
ORD0000732,2,PROD00060,SELL00087,2018-05-18,40.06,14.97
ORD0000537,2,PROD00151,SELL00017,2018-04-25,35.7,22.71
ORD0000298,3,PROD00094,SELL00040,2017-09-04,79.16,3.44
ORD0000826,2,PROD00081,SELL00051,2017-01-15,85.9,30.47
ORD0000364,1,PROD00140,SELL00044,2017-10-16,58.78,6.77
ORD0000107,3,PROD00007,SELL00034,2018-04-26,22.51,15.48
ORD0000664,3,PROD00170,SELL00082,2018-03-07,14.09,13.84
ORD0000861,1,PROD00129,SELL00008,2017-12-16,43.81,21.53
ORD0000434,2,PROD00057,SELL00099,2017-05-13,16.27,12.18
ORD0000686,2,PROD00057,SELL00020,2017-03-07,88.26,7.21
ORD0000921,2,PROD00159,SELL00065,2017-11-20,113.13,13.31
ORD0000725,2,PROD00124,SELL00039,2018-02-14,47.83,6.37
ORD0000181,3,PROD00107,SELL00070,2017-04-19,64.75,9.94
ORD0000693,1,PROD00124,SELL00031,2017-11-08,239.37,15.48
ORD0000930,2,PROD00018,SELL00064,2017-12-13,63.89,14.18
ORD0000328,1,PROD00043,SELL00026,2017-01-22,74.71,28.32
ORD0000426,1,PROD00051,SELL00036,2017-07-14,30.14,10.06
ORD0000411,2,PROD00088,SELL00075,2018-06-09,45.69,24.24
ORD0000609,1,PROD00136,SELL00010,2018-02-25,15.96,10.51
ORD0000008,1,PROD00103,SELL00073,2018-02-25,87.2,24.84
ORD0000410,2,PROD00190,SELL00070,2017-10-12,45.95,16.04
ORD0000504,2,PROD00008,SELL00070,2017-11-21,217.41,13.38
ORD0000488,2,PROD00026,SELL00074,2018-06-24,35.14,9.79
ORD0000149,3,PROD00085,SELL00036,2018-03-06,5.32,2.71
ORD0000174,2,PROD00042,SELL00054,2018-03-20,175.59,15.28
ORD0000750,2,PROD00137,SELL00064,2017-11-29,20.03,16.02
ORD0000301,3,PROD00156,SELL00054,2017-03-08,3.1,9.6
ORD0000964,2,PROD00023,SELL00032,2017-07-27,111.84,8.38
ORD0000480,2,PROD00161,SELL00065,2017-09-29,68.74,12.32
ORD0000738,3,PROD00013,SELL00060,2017-03-07,24.68,13.18
ORD0000757,2,PROD00092,SELL00019,2017-09-27,32.07,29.53
ORD0000942,3,PROD00149,SELL00055,2018-04-25,93.85,2.64
ORD0000172,2,PROD00018,SELL00002,2017-02-11,18.78,7.61
ORD0000750,3,PROD00005,SELL00051,2018-04-24,387.24,5.46
ORD0000319,1,PROD00163,SELL00047,2017-04-07,11.6,13.91
ORD0000318,2,PROD00014,SELL00053,2018-03-15,10.25,9.06
ORD0000255,3,PROD00175,SELL00031,2018-04-03,13.8,15.26
ORD0000666,1,PROD00019,SELL00083,2017-11-24,21.78,10.52
ORD0000563,3,PROD00136,SELL00092,2018-01-12,96.3,25.64
ORD0000629,3,PROD00187,SELL00075,2018-07-07,67.5,7.06
ORD0000465,1,PROD00061,SELL00056,2017-07-16,36.85,14.2
ORD0000466,2,PROD00012,SELL00005,2018-06-15,73.01,14.45
ORD0000008,2,PROD00146,SELL00033,2018-02-25,358.68,12.05
ORD0000641,3,PROD00124,SELL00085,2017-02-25,24.6,14.31
ORD0000778,3,PROD00083,SELL00030,2017-09-09,17.99,14.41
ORD0000331,2,PROD00059,SELL00057,2018-02-19,136.19,10.65
ORD0000772,2,PROD00006,SELL00034,2018-08-02,27.43,11.39
ORD0000625,2,PROD00188,SELL00098,2018-03-16,9.96,7.85
ORD0000087,1,PROD00081,SELL00037,2017-03-07,26.48,16.49
ORD0000149,2,PROD00128,SELL00028,2017-10-31,36.05,3.73
ORD0000242,3,PROD00158,SELL00099,2017-05-19,15.4,10.01
ORD0000437,1,PROD00131,SELL00019,2017-06-30,19.61,32.41
ORD0000130,3,PROD00125,SELL00079,2018-02-25,111.22,20.92
ORD0000136,1,PROD00122,SELL00072,2017-05-15,20.41,16.42
ORD0000798,2,PROD00046,SELL00053,2017-09-16,155.47,30.81
ORD0000354,2,PROD00184,SELL00043,2017-10-01,63.62,9.24
ORD0000039,2,PROD00167,SELL00008,2018-08-04,23.17,11.44
ORD0000224,1,PROD00047,SELL00036,2018-04-09,23.91,13.24
ORD0000796,3,PROD00162,SELL00095,2017-05-24,14.52,15.23
ORD0000418,1,PROD00039,SELL00018,2018-05-29,35.7,8.99
ORD0000126,3,PROD00185,SELL00081,2018-01-10,37.95,8.16
ORD0000738,2,PROD00181,SELL00084,2017-11-05,120.8,32.15
ORD0000273,3,PROD00045,SELL00047,2018-09-02,14.69,13.46
ORD0000938,1,PROD00174,SELL00039,2018-07-26,40.62,25.83
ORD0000354,3,PROD00053,SELL00053,2017-11-11,33.46,9.59
ORD0000270,1,PROD00049,SELL00083,2017-01-15,22.76,11.41
ORD0000780,3,PROD00086,SELL00088,2018-08-15,8.6,5.69
ORD0000678,2,PROD00124,SELL00094,2018-03-31,222.94,15.39
ORD0000174,3,PROD00113,SELL00020,2017-09-15,23.02,11.23
ORD0000986,1,PROD00175,SELL00018,2018-01-26,231.49,8.97
ORD0000831,3,PROD00191,SELL00075,2018-01-13,15.3,13.44
ORD0000325,1,PROD00072,SELL00020,2017-12-24,59.08,11.75
ORD0000334,2,PROD00027,SELL00076,2017-08-10,298.89,10.4
ORD0000926,3,PROD00060,SELL00037,2018-07-06,10.03,18.24
ORD0000989,1,PROD00046,SELL00067,2018-05-28,65.54,7.41
ORD0000058,3,PROD00122,SELL00096,2018-03-31,15.77,11.44
ORD0000125,2,PROD00163,SELL00054,2017-05-06,363.41,10.29
ORD0000232,2,PROD00151,SELL00050,2017-09-30,63.55,12.86
ORD0000278,2,PROD00026,SELL00008,2017-11-04,17.69,7.95
ORD0000494,1,PROD00011,SELL00027,2018-06-02,27.0,23.0
ORD0000067,3,PROD00105,SELL00001,2017-06-22,21.03,7.0
ORD0000516,3,PROD00126,SELL00028,2017-05-05,44.17,23.73
ORD0000472,2,PROD00096,SELL00052,2018-04-07,34.2,12.06
ORD0000563,3,PROD00106,SELL00094,2018-01-05,33.33,20.42
ORD0000952,2,PROD00166,SELL00014,2017-09-16,14.68,17.24
ORD0000981,2,PROD00111,SELL00093,2018-02-19,57.82,8.97
ORD0000932,1,PROD00104,SELL00036,2017-05-19,34.13,12.16
ORD0000621,1,PROD00190,SELL00049,2018-05-08,19.67,19.85
ORD0000594,1,PROD00168,SELL00089,2017-06-28,34.33,17.05
ORD0000850,3,PROD00054,SELL00031,2017-07-22,10.31,11.26
ORD0000652,1,PROD00063,SELL00092,2018-03-05,7.27,11.15
ORD0000899,1,PROD00038,SELL00066,2018-08-14,18.25,4.47
ORD0000814,1,PROD00093,SELL00065,2018-06-14,37.65,15.5
ORD0000231,3,PROD00081,SELL00028,2017-12-20,159.1,15.69
ORD0000472,2,PROD00165,SELL00051,2018-03-07,203.1,6.12
ORD0000400,3,PROD00127,SELL00082,2017-07-31,34.81,17.24
ORD0000453,3,PROD00067,SELL00074,2017-09-29,39.13,8.7
ORD0000243,1,PROD00176,SELL00059,2017-04-25,14.34,18.17
ORD0000408,3,PROD00180,SELL00081,2017-05-28,17.78,8.81
ORD0000996,1,PROD00012,SELL00061,2017-01-27,26.68,10.59
ORD0000937,1,PROD00100,SELL00011,2017-04-14,37.49,12.63
ORD0000541,1,PROD00162,SELL00089,2018-02-13,26.66,11.27
ORD0000426,1,PROD00098,SELL00072,2017-03-08,11.66,7.79
ORD0000974,2,PROD00005,SELL00075,2017-06-01,22.37,17.48
ORD0000235,3,PROD00083,SELL00068,2017-04-29,46.04,14.51
ORD0000180,2,PROD00113,SELL00081,2018-08-08,16.47,24.92
ORD0000914,3,PROD00160,SELL00013,2017-03-12,27.54,4.68
ORD0000577,3,PROD00111,SELL00030,2018-06-18,67.23,7.73
ORD0000139,2,PROD00154,SELL00034,2017-08-09,14.99,37.07
ORD0000490,2,PROD00164,SELL00078,2017-10-08,10.09,23.7
ORD0000862,2,PROD00155,SELL00097,2017-03-20,7.52,9.37
ORD0000215,3,PROD00105,SELL00036,2017-04-01,20.26,10.09
ORD0000673,1,PROD00196,SELL00074,2017-06-19,13.07,14.97
ORD0000203,3,PROD00126,SELL00034,2018-06-24,71.57,7.58
ORD0000820,2,PROD00166,SELL00071,2017-02-16,149.11,16.17
ORD0000500,1,PROD00132,SELL00051,2018-01-01,62.41,13.6
ORD0000902,2,PROD00091,SELL00062,2018-04-06,67.53,23.65
ORD0000409,1,PROD00086,SELL00048,2018-02-21,64.08,18.14
ORD0000420,1,PROD00159,SELL00054,2018-07-31,35.57,4.89
ORD0000211,1,PROD00061,SELL00073,2017-10-19,37.66,10.85
ORD0000792,3,PROD00157,SELL00002,2017-10-14,73.88,10.5
ORD0000064,1,PROD00057,SELL00062,2017-02-17,8.4,12.07
ORD0000936,1,PROD00029,SELL00034,2017-03-18,83.11,8.99
ORD0000437,1,PROD00020,SELL00015,2018-06-04,27.84,6.04
ORD0000608,1,PROD00103,SELL00044,2018-07-17,83.59,8.58
ORD0000213,3,PROD00092,SELL00034,2018-07-16,7.59,8.82
ORD0000353,1,PROD00177,SELL00001,2017-06-23,25.5,15.99
ORD0000278,3,PROD00059,SELL00044,2017-09-12,30.64,20.12
ORD0000696,2,PROD00002,SELL00082,2017-04-18,8.84,13.24
ORD0000846,1,PROD00053,SELL00017,2017-02-06,194.57,14.22
ORD0000678,2,PROD00105,SELL00087,2018-04-18,29.13,14.72
ORD0000435,3,PROD00021,SELL00031,2018-07-13,76.67,20.3
ORD0000260,3,PROD00151,SELL00098,2017-06-26,84.74,10.7
ORD0000987,1,PROD00052,SELL00082,2018-06-03,48.84,10.72
ORD0000668,1,PROD00108,SELL00055,2018-04-07,99.55,14.14
ORD0000637,2,PROD00107,SELL00078,2017-07-06,41.58,8.38
ORD0000391,2,PROD00098,SELL00064,2018-01-23,75.41,7.93
ORD0000367,1,PROD00125,SELL00061,2017-01-16,46.61,20.73
ORD0000879,2,PROD00088,SELL00087,2017-07-11,90.63,6.28
ORD0000458,2,PROD00067,SELL00061,2017-11-16,6.74,6.76
ORD0000025,1,PROD00006,SELL00053,2018-08-28,70.41,7.37
ORD0000650,2,PROD00097,SELL00052,2018-06-14,89.52,8.76
ORD0000001,2,PROD00040,SELL00079,2017-06-22,49.17,8.67
ORD0000152,2,PROD00154,SELL00092,2018-05-11,203.14,4.12
ORD0000024,3,PROD00168,SELL00099,2017-07-16,9.15,8.02
ORD0000297,1,PROD00100,SELL00092,2017-12-11,44.08,11.19
ORD0000463,3,PROD00030,SELL00019,2017-10-17,31.8,5.65
ORD0000292,3,PROD00070,SELL00056,2018-05-01,51.16,16.97
ORD0000435,1,PROD00169,SELL00085,2018-07-16,45.75,8.46
ORD0000230,1,PROD00154,SELL00079,2018-07-08,38.35,20.4
ORD0000950,2,PROD00034,SELL00076,2018-07-23,24.93,22.92
ORD0000768,3,PROD00000,SELL00042,2017-08-12,201.43,9.16
ORD0000499,1,PROD00056,SELL00052,2017-02-26,33.15,10.1
ORD0000279,1,PROD00144,SELL00001,2017-11-23,35.37,20.08
ORD0000510,2,PROD00149,SELL00084,2018-05-09,22.65,17.91
ORD0000491,2,PROD00067,SELL00001,2017-12-17,379.2,13.54
ORD0000171,3,PROD00077,SELL00003,2017-12-31,15.24,8.73
ORD0000819,3,PROD00182,SELL00052,2018-04-25,91.87,7.83
ORD0000601,2,PROD00045,SELL00066,2018-06-21,31.59,27.0
ORD0000760,1,PROD00133,SELL00002,2018-08-16,31.38,23.38
ORD0000355,1,PROD00141,SELL00078,2017-07-24,86.16,5.97
ORD0000138,2,PROD00086,SELL00013,2017-06-04,98.62,9.74
ORD0000337,2,PROD00178,SELL00081,2018-02-12,186.75,17.39
ORD0000304,3,PROD00025,SELL00094,2018-05-13,17.2,7.65
ORD0000053,2,PROD00077,SELL00037,2018-09-01,25.23,11.54
ORD0000554,2,PROD00048,SELL00099,2017-01-15,99.25,20.16
ORD0000097,2,PROD00049,SELL00052,2018-08-19,17.99,16.61
ORD0000786,1,PROD00080,SELL00034,2018-07-09,40.21,12.8
ORD0000646,2,PROD00093,SELL00078,2017-05-23,20.3,6.65
ORD0000072,1,PROD00007,SELL00075,2018-04-05,13.25,26.34
ORD0000425,1,PROD00063,SELL00075,2018-09-07,32.14,15.16
ORD0000905,3,PROD00183,SELL00018,2018-06-16,150.85,13.01
ORD0000305,2,PROD00002,SELL00025,2017-11-18,61.28,27.23
ORD0000036,1,PROD00186,SELL00020,2018-06-03,40.41,39.55
ORD0000290,1,PROD00083,SELL00037,2017-01-27,186.49,15.08
ORD0000601,3,PROD00114,SELL00010,2017-03-04,38.94,27.74
ORD0000507,3,PROD00064,SELL00023,2017-05-29,27.91,15.93
ORD0000236,3,PROD00182,SELL00026,2017-12-14,86.22,6.41
ORD0000173,3,PROD00070,SELL00056,2017-06-01,62.0,6.32
ORD0000022,1,PROD00117,SELL00017,2017-12-30,173.69,11.22
ORD0000917,3,PROD00012,SELL00066,2017-03-30,100.5,19.22
ORD0000083,1,PROD00146,SELL00000,2017-07-09,27.15,37.38
ORD0000429,3,PROD00101,SELL00039,2018-03-05,31.51,11.14
ORD0000420,1,PROD00056,SELL00097,2018-09-02,22.78,22.16
ORD0000234,3,PROD00087,SELL00083,2018-01-24,24.67,16.16
ORD0000258,1,PROD00014,SELL00017,2017-07-11,13.36,5.5
ORD0000526,3,PROD00017,SELL00019,2018-06-02,171.95,9.24
ORD0000417,2,PROD00142,SELL00044,2018-09-05,6.83,11.76
ORD0000458,3,PROD00152,SELL00097,2017-03-08,28.28,7.68
ORD0000501,1,PROD00127,SELL00039,2017-05-28,8.06,6.82
ORD0000395,3,PROD00061,SELL00064,2017-07-07,59.54,9.15
ORD0000644,2,PROD00028,SELL00029,2017-07-05,56.72,12.43
ORD0000891,2,PROD00199,SELL00029,2018-02-02,14.63,14.53
ORD0000418,3,PROD00155,SELL00059,2018-03-17,34.36,15.39
ORD0000314,1,PROD00163,SELL00025,2018-02-15,169.25,15.69
ORD0000549,2,PROD00044,SELL00048,2018-08-22,116.97,28.24
ORD0000102,3,PROD00181,SELL00010,2018-05-14,137.9,32.54
ORD0000440,3,PROD00028,SELL00006,2017-08-07,30.59,16.56
ORD0000002,2,PROD00028,SELL00006,2017-04-13,68.04,18.53
ORD0000682,3,PROD00198,SELL00076,2017-03-02,247.31,8.95
ORD0000897,2,PROD00113,SELL00039,2018-07-07,80.56,12.97
ORD0000679,1,PROD00147,SELL00071,2017-01-17,105.46,14.62
ORD0000941,3,PROD00016,SELL00068,2018-07-30,37.23,7.91
ORD0000465,1,PROD00031,SELL00048,2017-06-03,138.91,9.62
ORD0000919,1,PROD00110,SELL00015,2017-03-16,27.31,12.19
ORD0000835,3,PROD00030,SELL00071,2018-01-09,138.85,12.42
ORD0000530,2,PROD00129,SELL00006,2017-12-01,25.92,3.76
ORD0000491,1,PROD00175,SELL00022,2018-01-27,182.53,17.07
ORD0000154,1,PROD00098,SELL00040,2018-01-08,10.02,8.6
ORD0000071,2,PROD00187,SELL00099,2018-02-27,112.73,24.12
ORD0000961,2,PROD00018,SELL00034,2018-07-17,46.46,11.82
ORD0000046,2,PROD00091,SELL00092,2018-05-20,27.77,6.82
ORD0000924,3,PROD00034,SELL00003,2017-11-12,56.87,6.95
ORD0000463,2,PROD00029,SELL00020,2017-02-07,95.65,19.3
ORD0000046,1,PROD00093,SELL00001,2017-01-25,21.19,10.2
ORD0000631,1,PROD00195,SELL00038,2018-02-13,25.09,11.5
ORD0000725,3,PROD00134,SELL00098,2018-04-30,36.0,12.91
ORD0000649,1,PROD00021,SELL00097,2017-04-19,86.29,10.5
ORD0000245,2,PROD00137,SELL00036,2018-08-31,55.75,10.8
ORD0000123,3,PROD00191,SELL00026,2018-04-18,12.48,7.52
ORD0000207,2,PROD00139,SELL00031,2017-08-02,83.85,14.79
ORD0000227,3,PROD00141,SELL00034,2018-05-15,11.0,15.66
ORD0000555,1,PROD00097,SELL00093,2018-03-16,80.0,13.39
ORD0000331,2,PROD00021,SELL00086,2017-10-03,100.84,14.16
ORD0000440,1,PROD00180,SELL00023,2017-05-23,10.91,11.03
ORD0000264,3,PROD00011,SELL00033,2018-04-17,29.92,9.17
ORD0000025,2,PROD00057,SELL00069,2017-04-12,38.49,12.29
ORD0000530,2,PROD00182,SELL00091,2017-05-29,75.46,25.07
ORD0000713,1,PROD00102,SELL00073,2018-04-13,104.39,51.38
ORD0000820,2,PROD00089,SELL00088,2017-05-22,21.92,21.24
ORD0000949,2,PROD00063,SELL00072,2018-01-01,19.02,12.18
ORD0000646,1,PROD00079,SELL00090,2017-07-24,20.78,22.46
ORD0000590,1,PROD00117,SELL00069,2018-05-05,46.18,9.74
ORD0000070,2,PROD00024,SELL00042,2018-08-12,65.28,15.67
ORD0000422,1,PROD00113,SELL00017,2017-03-07,67.19,5.83
ORD0000185,3,PROD00069,SELL00062,2018-08-15,57.49,11.05
ORD0000799,2,PROD00192,SELL00028,2017-01-21,12.1,7.54
ORD0000443,1,PROD00156,SELL00017,2017-10-04,293.6,18.17
ORD0000852,3,PROD00149,SELL00006,2017-10-21,28.56,7.81
ORD0000227,1,PROD00086,SELL00021,2017-06-05,61.2,12.52
ORD0000265,2,PROD00029,SELL00044,2018-03-25,22.38,30.03
ORD0000503,2,PROD00005,SELL00078,2018-05-23,27.11,18.1
ORD0000795,2,PROD00118,SELL00045,2018-01-21,59.24,16.21
ORD0000139,1,PROD00118,SELL00091,2018-04-18,29.51,15.39
ORD0000874,3,PROD00118,SELL00054,2017-01-15,174.48,12.28
ORD0000877,3,PROD00076,SELL00080,2017-01-17,30.34,24.74
ORD0000455,2,PROD00161,SELL00065,2018-04-09,33.26,7.24
ORD0000636,2,PROD00108,SELL00084,2017-06-19,11.3,5.45
ORD0000657,2,PROD00139,SELL00012,2017-01-11,45.13,7.77
ORD0000322,3,PROD00193,SELL00054,2017-10-10,72.73,26.98
ORD0000816,2,PROD00074,SELL00057,2018-08-31,40.54,14.34
ORD0000974,2,PROD00039,SELL00059,2017-02-01,45.07,10.6
ORD0000319,3,PROD00006,SELL00064,2018-03-11,14.47,12.34
ORD0000395,1,PROD00131,SELL00085,2017-06-30,67.99,9.15
ORD0000225,1,PROD00146,SELL00071,2017-09-15,38.35,27.14
ORD0000891,1,PROD00042,SELL00038,2017-05-20,4.46,8.07
ORD0000739,3,PROD00097,SELL00021,2018-07-09,5.21,23.45
ORD0000103,1,PROD00007,SELL00080,2018-06-03,36.85,14.48
ORD0000754,2,PROD00072,SELL00038,2017-05-18,30.19,17.54
ORD0000026,2,PROD00141,SELL00078,2017-01-20,8.48,30.7
ORD0000029,1,PROD00047,SELL00009,2017-09-06,28.49,15.46
ORD0000718,2,PROD00138,SELL00075,2018-06-01,41.58,10.74
ORD0000146,3,PROD00087,SELL00078,2017-07-11,19.69,14.48
ORD0000452,1,PROD00069,SELL00011,2017-05-23,192.4,33.95
ORD0000395,3,PROD00159,SELL00052,2017-08-01,60.6,27.74
ORD0000840,1,PROD00006,SELL00034,2018-08-06,63.74,8.13
ORD0000044,2,PROD00014,SELL00054,2018-08-18,10.63,9.49
ORD0000664,1,PROD00051,SELL00076,2018-06-30,111.94,9.45
ORD0000402,3,PROD00093,SELL00080,2017-09-17,101.17,12.81
ORD0000906,2,PROD00032,SELL00045,2017-09-07,5.94,6.03
ORD0000255,3,PROD00021,SELL00063,2017-06-15,27.04,15.81
ORD0000638,3,PROD00051,SELL00041,2017-09-27,96.01,7.52
ORD0000165,1,PROD00073,SELL00062,2018-04-06,5.82,13.24
ORD0000475,3,PROD00091,SELL00031,2018-01-29,37.13,26.78
ORD0000262,1,PROD00131,SELL00052,2017-10-16,40.87,8.65
ORD0000796,2,PROD00162,SELL00006,2017-06-11,24.02,6.2
ORD0000245,3,PROD00005,SELL00094,2017-04-07,94.3,8.95
ORD0000308,3,PROD00029,SELL00031,2017-09-06,9.49,10.91
ORD0000814,2,PROD00027,SELL00002,2017-03-31,63.53,18.92
ORD0000922,3,PROD00092,SELL00085,2018-01-31,73.12,21.94
ORD0000887,3,PROD00116,SELL00033,2018-09-03,18.77,23.28
ORD0000276,1,PROD00181,SELL00031,2017-08-10,127.81,12.7
ORD0000972,3,PROD00125,SELL00001,2018-08-02,42.85,10.1
ORD0000664,3,PROD00169,SELL00022,2017-03-19,13.4,13.33
ORD0000239,3,PROD00176,SELL00063,2018-01-04,63.28,15.32
ORD0000794,2,PROD00129,SELL00096,2018-05-29,16.45,11.07
ORD0000187,1,PROD00069,SELL00079,2018-02-06,102.9,11.83
ORD0000444,3,PROD00011,SELL00026,2017-11-09,37.65,16.37
ORD0000440,2,PROD00145,SELL00018,2017-07-26,64.97,8.51
ORD0000108,2,PROD00091,SELL00037,2017-11-14,65.83,18.11
ORD0000794,2,PROD00134,SELL00044,2018-03-27,78.48,8.87
ORD0000476,2,PROD00008,SELL00067,2018-08-24,32.9,12.04
ORD0000546,1,PROD00147,SELL00051,2017-08-04,149.78,6.49
ORD0000578,2,PROD00066,SELL00069,2017-04-15,61.07,4.14
ORD0000843,3,PROD00058,SELL00098,2018-02-05,174.14,17.9
ORD0000857,1,PROD00078,SELL00016,2017-12-22,50.48,11.25
ORD0000594,1,PROD00111,SELL00054,2017-03-22,38.16,19.77
ORD0000338,2,PROD00064,SELL00092,2017-09-14,97.48,22.82
ORD0000811,1,PROD00081,SELL00088,2018-05-19,35.1,8.2
ORD0000067,2,PROD00160,SELL00016,2017-02-01,8.13,17.14
ORD0000137,1,PROD00056,SELL00096,2017-04-23,7.6,8.08
ORD0000834,1,PROD00126,SELL00050,2017-04-17,104.69,8.49
ORD0000822,2,PROD00046,SELL00073,2018-05-12,119.23,11.63
ORD0000490,3,PROD00084,SELL00070,2018-08-27,50.42,5.67
ORD0000007,1,PROD00037,SELL00025,2017-07-27,32.82,4.92
ORD0000119,3,PROD00010,SELL00020,2017-04-21,18.96,23.08
ORD0000584,1,PROD00054,SELL00057,2017-03-10,15.93,26.39
ORD0000353,1,PROD00087,SELL00067,2018-06-25,67.55,16.5
ORD0000670,1,PROD00099,SELL00078,2017-10-28,98.71,8.98
ORD0000580,3,PROD00078,SELL00099,2017-10-04,27.61,15.72
ORD0000264,3,PROD00051,SELL00075,2017-09-28,61.91,9.67
ORD0000559,1,PROD00005,SELL00022,2018-03-03,37.11,5.87
ORD0000696,2,PROD00056,SELL00016,2017-04-25,46.22,14.64
ORD0000528,2,PROD00159,SELL00037,2017-08-18,21.32,19.16
ORD0000045,3,PROD00184,SELL00045,2017-12-19,7.21,6.97
ORD0000844,3,PROD00141,SELL00030,2017-12-11,4.39,8.39
ORD0000463,1,PROD00115,SELL00022,2017-10-08,51.35,8.93
ORD0000651,3,PROD00079,SELL00031,2018-01-31,11.75,7.47
ORD0000121,1,PROD00038,SELL00086,2017-05-24,8.84,15.26
ORD0000330,3,PROD00055,SELL00071,2018-05-14,76.8,4.82
ORD0000692,3,PROD00058,SELL00064,2017-04-27,19.27,9.65
ORD0000051,2,PROD00146,SELL00025,2018-01-24,600.97,10.77
ORD0000700,3,PROD00030,SELL00027,2018-04-21,13.09,13.39
ORD0000161,3,PROD00008,SELL00016,2018-04-14,61.69,8.06
ORD0000994,2,PROD00092,SELL00083,2018-07-01,59.62,11.98
ORD0000721,3,PROD00103,SELL00000,2017-10-04,165.0,13.29
ORD0000510,1,PROD00041,SELL00050,2017-07-05,296.5,31.19
ORD0000610,1,PROD00017,SELL00022,2017-12-31,64.96,6.27
ORD0000279,1,PROD00085,SELL00011,2017-06-06,50.12,11.27
ORD0000141,3,PROD00043,SELL00085,2017-12-04,38.83,9.01
ORD0000896,2,PROD00143,SELL00014,2017-07-19,27.65,10.8
ORD0000449,1,PROD00029,SELL00053,2018-08-05,75.96,21.04
ORD0000915,2,PROD00110,SELL00024,2017-03-05,40.89,17.81
ORD0000028,3,PROD00106,SELL00041,2018-06-29,16.38,16.41
ORD0000844,3,PROD00149,SELL00080,2018-06-11,17.49,9.78
ORD0000705,2,PROD00081,SELL00008,2017-07-13,28.56,18.73
ORD0000351,2,PROD00026,SELL00016,2017-11-10,43.05,5.34
ORD0000082,2,PROD00066,SELL00001,2017-09-28,66.63,24.73
ORD0000498,3,PROD00041,SELL00083,2017-06-30,28.39,9.16
ORD0000747,3,PROD00008,SELL00061,2018-04-01,124.66,17.83
ORD0000076,3,PROD00195,SELL00039,2017-10-11,48.45,7.35
ORD0000245,2,PROD00055,SELL00012,2017-01-31,56.61,10.88
ORD0000721,3,PROD00123,SELL00064,2018-01-07,100.84,12.27
ORD0000349,3,PROD00079,SELL00039,2018-03-01,36.64,10.98
ORD0000351,1,PROD00199,SELL00040,2018-02-13,324.93,12.99
ORD0000443,2,PROD00040,SELL00092,2018-02-25,89.07,6.46
ORD0000380,2,PROD00036,SELL00040,2017-10-15,41.63,16.83
ORD0000809,1,PROD00052,SELL00048,2017-09-01,30.36,4.6
ORD0000868,1,PROD00056,SELL00035,2017-04-24,74.34,12.84
ORD0000670,2,PROD00179,SELL00098,2017-04-21,39.77,9.16
ORD0000152,1,PROD00136,SELL00070,2017-09-01,252.07,9.91
ORD0000235,1,PROD00160,SELL00083,2018-02-25,19.82,14.69
ORD0000448,3,PROD00008,SELL00038,2017-06-06,45.84,7.49
ORD0000554,1,PROD00158,SELL00006,2018-06-09,55.55,7.79
ORD0000648,1,PROD00044,SELL00057,2017-08-25,33.7,11.57
ORD0000712,2,PROD00106,SELL00007,2018-08-28,2.28,9.01
ORD0000313,1,PROD00050,SELL00094,2017-05-13,44.41,11.4
ORD0000808,1,PROD00119,SELL00052,2017-09-20,63.82,11.8
ORD0000770,2,PROD00191,SELL00072,2018-06-25,24.75,16.19
ORD0000994,3,PROD00095,SELL00032,2017-12-05,20.28,4.38
ORD0000354,2,PROD00146,SELL00015,2017-08-19,59.42,13.12
ORD0000413,2,PROD00177,SELL00074,2017-12-03,46.2,14.65
ORD0000048,3,PROD00159,SELL00071,2017-01-25,80.89,9.52
ORD0000046,2,PROD00187,SELL00030,2018-07-20,18.17,22.17
ORD0000110,1,PROD00099,SELL00094,2018-07-19,29.97,6.16
ORD0000331,2,PROD00184,SELL00064,2018-04-12,46.44,21.44
ORD0000612,1,PROD00098,SELL00042,2017-05-12,155.82,16.28
ORD0000635,3,PROD00066,SELL00068,2017-07-26,91.2,7.68
ORD0000337,3,PROD00075,SELL00013,2018-03-11,68.83,9.7
ORD0000795,3,PROD00162,SELL00037,2017-04-14,37.3,13.06
ORD0000391,3,PROD00019,SELL00034,2018-03-28,19.23,18.57
ORD0000199,3,PROD00115,SELL00080,2017-07-20,131.46,13.43
ORD0000679,3,PROD00115,SELL00016,2017-04-15,19.61,5.55
ORD0000019,2,PROD00073,SELL00043,2017-03-07,12.77,28.59
ORD0000014,1,PROD00057,SELL00065,2018-07-01,9.56,12.38
ORD0000568,1,PROD00078,SELL00091,2018-03-26,25.98,26.51
ORD0000064,2,PROD00061,SELL00053,2017-05-01,33.81,16.07
ORD0000093,2,PROD00037,SELL00058,2017-01-16,63.94,5.52
ORD0000038,3,PROD00021,SELL00006,2017-07-27,163.94,9.79
ORD0000006,1,PROD00007,SELL00037,2017-09-16,10.85,11.04
ORD0000241,2,PROD00104,SELL00026,2018-08-08,39.53,9.98
ORD0000849,2,PROD00196,SELL00000,2017-05-22,88.81,14.74
ORD0000876,2,PROD00183,SELL00090,2017-02-25,5.64,8.69
ORD0000216,1,PROD00187,SELL00048,2018-08-02,54.89,6.73
ORD0000539,2,PROD00052,SELL00082,2017-09-06,10.56,9.47
ORD0000616,3,PROD00077,SELL00060,2018-04-07,46.8,17.08
ORD0000195,1,PROD00170,SELL00030,2017-07-06,75.12,27.62
ORD0000430,1,PROD00148,SELL00050,2017-12-18,43.95,10.08
ORD0000566,1,PROD00046,SELL00083,2017-11-10,28.58,10.35
ORD0000997,1,PROD00033,SELL00053,2017-07-03,77.54,28.61
ORD0000346,1,PROD00070,SELL00083,2017-04-29,42.73,10.64
ORD0000600,3,PROD00199,SELL00003,2017-07-23,30.12,12.94
ORD0000350,3,PROD00041,SELL00033,2018-01-16,78.97,25.31
ORD0000587,2,PROD00191,SELL00010,2017-02-04,49.98,11.79
ORD0000718,3,PROD00041,SELL00040,2018-02-07,13.11,7.75
ORD0000366,1,PROD00114,SELL00013,2017-11-15,27.34,19.72
ORD0000087,2,PROD00067,SELL00038,2018-05-19,132.91,8.8
ORD0000357,1,PROD00110,SELL00021,2018-05-15,93.54,12.39
ORD0000776,3,PROD00056,SELL00070,2017-07-11,57.53,9.81
ORD0000543,1,PROD00104,SELL00034,2017-08-31,20.01,31.63
ORD0000906,1,PROD00186,SELL00016,2017-08-13,10.25,14.3
ORD0000777,1,PROD00060,SELL00064,2017-12-17,61.48,18.87
ORD0000005,1,PROD00096,SELL00003,2018-08-04,19.38,22.81
ORD0000038,1,PROD00139,SELL00025,2017-07-21,38.84,18.14
ORD0000227,3,PROD00060,SELL00022,2018-01-27,7.54,7.88
ORD0000270,2,PROD00035,SELL00093,2017-01-25,60.55,4.88
ORD0000847,1,PROD00171,SELL00008,2017-11-16,33.99,12.39
ORD0000894,3,PROD00118,SELL00046,2017-12-14,13.89,21.09
ORD0000898,3,PROD00009,SELL00074,2017-03-13,158.8,14.75
ORD0000679,3,PROD00027,SELL00090,2017-08-02,44.22,21.41
ORD0000287,2,PROD00092,SELL00071,2017-04-04,84.97,4.73
ORD0000401,3,PROD00168,SELL00045,2018-07-05,462.47,12.83
ORD0000485,1,PROD00067,SELL00003,2018-03-06,42.0,11.09
ORD0000213,2,PROD00015,SELL00069,2018-07-18,121.73,21.43
ORD0000330,3,PROD00057,SELL00005,2017-10-11,13.48,16.96
ORD0000025,2,PROD00134,SELL00082,2018-07-24,36.81,13.15
ORD0000172,1,PROD00055,SELL00060,2018-01-18,35.84,11.81
ORD0000042,2,PROD00135,SELL00054,2017-04-12,47.29,4.44
ORD0000343,3,PROD00148,SELL00095,2017-04-01,21.76,7.06
ORD0000166,1,PROD00137,SELL00096,2018-03-01,52.45,24.92
ORD0000943,1,PROD00040,SELL00028,2017-04-26,41.57,10.07
ORD0000046,3,PROD00037,SELL00096,2017-08-17,42.74,29.56
ORD0000396,1,PROD00117,SELL00092,2018-06-17,11.2,5.58
ORD0000437,3,PROD00042,SELL00062,2018-07-22,10.49,17.28
ORD0000291,1,PROD00107,SELL00098,2018-02-03,9.27,11.59
ORD0000090,3,PROD00078,SELL00053,2017-02-03,40.51,5.58
ORD0000686,2,PROD00157,SELL00080,2018-05-15,5.38,18.77
ORD0000843,1,PROD00197,SELL00066,2018-02-20,99.8,10.13
ORD0000933,3,PROD00180,SELL00046,2018-03-08,167.54,11.71
ORD0000014,3,PROD00075,SELL00029,2017-12-28,46.46,18.66
ORD0000736,3,PROD00126,SELL00043,2017-03-12,8.66,9.85
ORD0000177,1,PROD00177,SELL00048,2017-11-28,55.87,14.67
ORD0000754,3,PROD00059,SELL00088,2017-10-09,27.13,22.25
ORD0000261,3,PROD00136,SELL00083,2018-02-16,13.0,7.23
ORD0000921,1,PROD00046,SELL00082,2018-07-27,60.18,9.85
ORD0000316,1,PROD00044,SELL00090,2017-12-09,73.09,8.24
ORD0000308,3,PROD00112,SELL00050,2018-05-23,83.8,7.23
ORD0000214,3,PROD00157,SELL00090,2018-01-16,11.98,18.64
ORD0000887,1,PROD00178,SELL00086,2017-05-21,35.68,10.88
ORD0000945,1,PROD00171,SELL00067,2017-05-08,36.17,24.43
ORD0000442,3,PROD00127,SELL00044,2017-07-28,14.91,14.17
ORD0000890,3,PROD00117,SELL00075,2017-08-10,258.88,7.04
ORD0000803,1,PROD00038,SELL00010,2017-07-04,85.59,8.25
ORD0000984,3,PROD00045,SELL00043,2017-10-29,50.59,7.92
ORD0000695,2,PROD00091,SELL00019,2017-12-14,151.16,19.0
ORD0000560,2,PROD00017,SELL00062,2017-04-17,20.17,12.63
ORD0000193,2,PROD00123,SELL00028,2017-08-03,52.53,15.34
ORD0000637,1,PROD00165,SELL00097,2018-05-10,72.64,23.53
ORD0000838,3,PROD00111,SELL00055,2017-12-08,28.86,14.07
ORD0000866,2,PROD00099,SELL00066,2017-05-27,36.02,33.29
ORD0000591,2,PROD00022,SELL00064,2018-02-13,31.05,16.5
ORD0000304,1,PROD00166,SELL00025,2018-07-20,160.96,22.52
ORD0000704,1,PROD00123,SELL00019,2017-09-13,58.43,6.16
ORD0000715,1,PROD00098,SELL00060,2017-12-26,16.21,15.38
ORD0000632,3,PROD00135,SELL00043,2018-05-28,62.18,15.08
ORD0000111,1,PROD00078,SELL00051,2017-09-18,280.66,12.96
ORD0000657,1,PROD00013,SELL00054,2018-05-17,18.78,13.34
ORD0000507,3,PROD00056,SELL00070,2017-01-11,78.65,14.28
ORD0000624,3,PROD00076,SELL00019,2018-01-03,45.37,9.47
ORD0000934,3,PROD00028,SELL00088,2018-07-20,14.38,11.43
ORD0000932,2,PROD00122,SELL00008,2018-04-09,6.0,11.16
ORD0000871,2,PROD00065,SELL00019,2017-02-02,42.19,22.47
ORD0000253,3,PROD00080,SELL00020,2017-04-24,15.58,10.74
ORD0000042,3,PROD00024,SELL00043,2018-03-17,396.82,12.05
ORD0000248,3,PROD00055,SELL00097,2017-01-16,65.48,5.07
ORD0000086,2,PROD00171,SELL00013,2018-05-16,144.83,55.78
ORD0000674,3,PROD00125,SELL00046,2018-01-31,23.33,13.33
ORD0000191,1,PROD00037,SELL00038,2017-03-03,157.52,26.57
ORD0000906,3,PROD00097,SELL00015,2018-02-28,35.21,24.97
ORD0000537,1,PROD00027,SELL00093,2017-12-15,25.6,27.88
ORD0000861,1,PROD00045,SELL00002,2018-08-02,25.88,4.72
ORD0000323,3,PROD00035,SELL00036,2018-07-03,52.2,4.76
ORD0000033,3,PROD00025,SELL00072,2017-10-31,78.91,12.8
ORD0000762,3,PROD00159,SELL00057,2018-07-17,28.0,19.82
ORD0000224,2,PROD00023,SELL00091,2018-07-06,69.82,8.84
ORD0000224,1,PROD00039,SELL00057,2017-03-24,73.4,7.57
ORD0000567,2,PROD00109,SELL00073,2018-01-20,80.2,5.47
ORD0000110,1,PROD00058,SELL00093,2017-10-26,46.11,9.2
ORD0000156,2,PROD00168,SELL00092,2017-02-02,228.92,10.52
ORD0000348,2,PROD00016,SELL00091,2018-09-03,204.56,10.14
ORD0000232,3,PROD00143,SELL00044,2017-03-26,60.1,7.38
ORD0000800,1,PROD00055,SELL00021,2017-06-04,96.77,7.92
ORD0000087,2,PROD00104,SELL00088,2017-05-12,120.83,7.42
ORD0000838,3,PROD00034,SELL00053,2017-04-03,72.99,18.94
ORD0000923,1,PROD00001,SELL00024,2018-07-31,48.25,13.14
ORD0000848,1,PROD00018,SELL00059,2018-05-01,80.72,17.96
ORD0000921,1,PROD00119,SELL00057,2017-09-19,42.18,13.95
ORD0000365,2,PROD00187,SELL00039,2017-08-28,104.46,6.85
ORD0000800,2,PROD00093,SELL00010,2017-08-01,30.97,9.53
ORD0000248,3,PROD00197,SELL00005,2017-03-09,90.96,6.76
ORD0000788,2,PROD00129,SELL00027,2018-08-22,69.23,7.59
ORD0000164,1,PROD00055,SELL00010,2017-12-02,54.62,14.12
ORD0000424,3,PROD00173,SELL00037,2017-04-02,49.94,8.9
ORD0000612,1,PROD00042,SELL00041,2017-03-13,35.42,11.61
ORD0000131,2,PROD00143,SELL00098,2018-09-09,69.35,16.22
ORD0000707,3,PROD00177,SELL00067,2017-06-19,34.2,6.0
ORD0000868,2,PROD00044,SELL00011,2017-01-11,53.34,9.61
ORD0000608,2,PROD00023,SELL00004,2018-02-03,24.82,13.12
ORD0000853,3,PROD00114,SELL00020,2017-08-10,29.59,9.31
ORD0000283,3,PROD00154,SELL00035,2017-04-01,36.25,4.33
ORD0000423,3,PROD00158,SELL00094,2018-04-17,172.75,10.12
ORD0000503,3,PROD00034,SELL00067,2018-06-24,168.71,20.38
ORD0000526,3,PROD00165,SELL00061,2017-10-14,233.32,19.21
ORD0000163,3,PROD00146,SELL00015,2017-05-05,19.78,10.4
ORD0000112,1,PROD00051,SELL00038,2018-04-28,63.12,14.93
ORD0000004,1,PROD00191,SELL00059,2017-05-02,12.2,10.35
ORD0000720,1,PROD00091,SELL00058,2018-03-11,6.58,10.43
ORD0000992,3,PROD00128,SELL00024,2017-08-13,479.75,9.07
ORD0000805,2,PROD00072,SELL00091,2017-12-26,73.24,5.69
ORD0000874,1,PROD00025,SELL00029,2017-12-24,80.49,20.18
ORD0000626,3,PROD00155,SELL00074,2018-02-06,16.88,31.08
ORD0000723,1,PROD00060,SELL00076,2018-06-22,162.29,21.12
ORD0000445,3,PROD00196,SELL00069,2017-10-18,707.22,7.51
ORD0000162,2,PROD00053,SELL00074,2018-04-30,41.04,12.56
ORD0000443,2,PROD00082,SELL00079,2018-03-06,26.38,8.18
ORD0000982,2,PROD00103,SELL00078,2018-05-22,15.95,7.88
ORD0000228,1,PROD00107,SELL00006,2018-07-23,14.51,13.6
ORD0000994,2,PROD00076,SELL00084,2018-04-30,32.63,15.13
ORD0000496,1,PROD00065,SELL00076,2017-03-04,21.56,11.64
ORD0000774,2,PROD00019,SELL00015,2018-02-15,69.35,11.42
ORD0000815,2,PROD00002,SELL00074,2017-08-10,46.87,14.98
ORD0000099,3,PROD00025,SELL00012,2018-05-20,21.46,11.26
ORD0000826,2,PROD00134,SELL00036,2017-09-19,32.45,21.45
ORD0000124,3,PROD00107,SELL00098,2018-03-10,9.38,6.45
ORD0000426,2,PROD00183,SELL00057,2017-11-07,30.4,4.44
ORD0000233,1,PROD00124,SELL00042,2017-03-12,60.68,12.25
ORD0000997,3,PROD00089,SELL00023,2017-10-29,20.98,10.36
ORD0000937,1,PROD00189,SELL00095,2017-09-29,47.81,9.87
ORD0000466,1,PROD00072,SELL00056,2018-04-23,140.06,27.56
ORD0000205,1,PROD00046,SELL00089,2018-03-02,28.56,15.84
ORD0000915,3,PROD00048,SELL00018,2017-01-30,32.18,14.54
ORD0000203,2,PROD00069,SELL00047,2018-07-19,56.38,5.5
ORD0000475,2,PROD00122,SELL00071,2017-10-09,132.1,6.61
ORD0000757,1,PROD00186,SELL00061,2017-04-21,64.68,7.45
ORD0000435,1,PROD00064,SELL00096,2017-06-09,97.16,6.62
ORD0000221,1,PROD00147,SELL00000,2018-03-25,12.78,11.41
ORD0000515,2,PROD00070,SELL00084,2017-11-18,23.49,12.95
ORD0000277,3,PROD00005,SELL00029,2017-02-07,41.32,13.26
ORD0000759,3,PROD00058,SELL00074,2018-03-16,11.45,12.37
ORD0000239,3,PROD00014,SELL00040,2017-12-17,134.31,17.6
ORD0000173,1,PROD00121,SELL00099,2017-01-28,71.21,12.25
ORD0000075,2,PROD00106,SELL00012,2017-04-11,33.15,4.76
ORD0000314,2,PROD00183,SELL00045,2017-09-15,112.0,5.09
ORD0000285,3,PROD00149,SELL00040,2018-05-31,18.63,8.09
ORD0000322,2,PROD00105,SELL00014,2018-08-05,429.54,14.95
ORD0000628,3,PROD00169,SELL00040,2018-02-23,28.22,13.04
ORD0000212,3,PROD00157,SELL00077,2017-06-03,51.1,19.77
ORD0000048,2,PROD00060,SELL00094,2017-10-30,115.8,31.64
ORD0000761,1,PROD00077,SELL00047,2017-06-28,29.81,21.83
ORD0000297,3,PROD00182,SELL00090,2018-02-03,59.16,15.69
ORD0000528,1,PROD00118,SELL00038,2017-01-24,56.92,6.21
ORD0000494,2,PROD00072,SELL00077,2017-01-23,118.49,16.47
ORD0000745,3,PROD00069,SELL00047,2017-12-14,28.51,39.35
ORD0000285,2,PROD00104,SELL00030,2018-04-28,127.41,7.81
ORD0000985,3,PROD00003,SELL00062,2017-04-16,60.5,8.8
ORD0000189,1,PROD00060,SELL00068,2018-02-19,618.86,7.43
ORD0000535,1,PROD00009,SELL00038,2017-10-30,26.44,30.34
ORD0000552,2,PROD00001,SELL00092,2017-08-04,43.26,12.97
ORD0000954,3,PROD00065,SELL00036,2017-04-26,150.38,9.46
ORD0000650,2,PROD00133,SELL00007,2017-01-11,62.71,10.27
ORD0000905,3,PROD00047,SELL00065,2018-08-01,41.93,31.27
ORD0000014,2,PROD00094,SELL00014,2017-10-25,26.93,4.95
ORD0000229,2,PROD00046,SELL00006,2017-03-29,11.72,18.41
ORD0000209,2,PROD00046,SELL00071,2018-01-11,20.49,13.65
ORD0000494,2,PROD00159,SELL00049,2018-05-27,50.96,16.07
ORD0000125,2,PROD00018,SELL00012,2017-03-27,60.54,9.69
ORD0000344,1,PROD00026,SELL00056,2018-07-05,45.08,11.84
ORD0000723,3,PROD00019,SELL00075,2017-04-11,95.7,5.83
ORD0000550,3,PROD00099,SELL00020,2017-10-12,22.71,22.28
ORD0000845,1,PROD00143,SELL00036,2017-09-17,16.25,34.96
ORD0000333,2,PROD00001,SELL00080,2017-04-03,26.67,12.52
ORD0000731,2,PROD00182,SELL00097,2017-08-05,79.09,17.44
ORD0000695,3,PROD00050,SELL00003,2018-08-29,124.16,6.29
ORD0000322,2,PROD00134,SELL00082,2017-09-19,44.03,12.39
ORD0000874,3,PROD00080,SELL00049,2018-03-02,105.19,18.18
ORD0000226,1,PROD00100,SELL00018,2018-01-27,16.97,20.2
ORD0000280,1,PROD00006,SELL00005,2018-06-19,45.97,21.1
ORD0000496,3,PROD00003,SELL00055,2017-04-06,118.19,16.74
ORD0000337,2,PROD00117,SELL00054,2017-04-28,39.46,21.68
ORD0000880,1,PROD00037,SELL00039,2018-01-13,8.22,15.37
ORD0000580,3,PROD00107,SELL00004,2018-07-14,99.68,8.28
ORD0000382,3,PROD00082,SELL00081,2017-10-19,144.04,24.94
ORD0000877,1,PROD00031,SELL00009,2018-03-14,48.87,8.93
ORD0000278,3,PROD00186,SELL00077,2017-11-06,114.09,7.93
ORD0000542,3,PROD00114,SELL00035,2018-09-06,9.68,11.0
ORD0000150,2,PROD00144,SELL00088,2017-05-24,42.08,18.75
ORD0000477,2,PROD00009,SELL00084,2017-12-21,35.62,17.86
ORD0000403,2,PROD00187,SELL00024,2017-12-24,19.38,11.91
ORD0000130,2,PROD00066,SELL00080,2017-11-17,38.93,13.52
ORD0000314,1,PROD00009,SELL00023,2017-11-13,82.15,9.59
ORD0000384,1,PROD00063,SELL00035,2017-09-18,37.71,13.47
ORD0000709,1,PROD00017,SELL00083,2018-09-09,78.46,25.83
ORD0000117,2,PROD00126,SELL00020,2017-09-09,39.31,11.2
ORD0000638,3,PROD00103,SELL00058,2018-06-13,149.69,14.15
ORD0000819,2,PROD00048,SELL00056,2017-04-15,13.49,9.69
ORD0000406,3,PROD00013,SELL00030,2018-07-26,116.27,9.02
ORD0000971,3,PROD00152,SELL00032,2017-06-15,98.77,7.95
ORD0000043,3,PROD00138,SELL00091,2018-07-20,130.39,11.47
ORD0000469,2,PROD00142,SELL00052,2017-03-09,35.24,24.66
ORD0000543,1,PROD00157,SELL00059,2017-04-21,22.87,10.04
ORD0000739,2,PROD00164,SELL00080,2017-09-30,148.11,10.93
ORD0000041,2,PROD00092,SELL00042,2017-01-25,167.12,12.93
ORD0000622,1,PROD00047,SELL00040,2017-08-15,236.35,14.97
ORD0000022,3,PROD00020,SELL00041,2017-08-15,199.53,9.67
ORD0000093,1,PROD00168,SELL00006,2017-12-31,134.77,28.88
ORD0000032,2,PROD00055,SELL00089,2017-05-08,28.34,25.98
ORD0000492,2,PROD00143,SELL00030,2017-07-06,25.3,22.1
ORD0000068,2,PROD00119,SELL00098,2018-05-11,70.86,31.68
ORD0000801,2,PROD00113,SELL00077,2017-04-26,86.91,11.18
ORD0000161,1,PROD00070,SELL00074,2017-09-24,107.46,5.77
ORD0000253,2,PROD00136,SELL00041,2017-05-03,91.29,4.19
ORD0000234,3,PROD00112,SELL00078,2017-07-18,121.1,17.66
ORD0000698,1,PROD00092,SELL00064,2018-04-14,76.75,19.32
ORD0000196,3,PROD00041,SELL00044,2018-04-04,93.66,14.65
ORD0000328,1,PROD00133,SELL00067,2017-07-26,34.09,9.74
ORD0000565,2,PROD00164,SELL00051,2017-02-05,219.83,7.28
ORD0000475,1,PROD00040,SELL00032,2017-06-21,14.53,36.14
ORD0000396,2,PROD00078,SELL00022,2017-02-06,53.41,24.42
ORD0000658,2,PROD00010,SELL00062,2018-07-27,19.56,16.43
ORD0000123,1,PROD00020,SELL00077,2017-08-28,184.82,45.1
ORD0000097,3,PROD00084,SELL00072,2017-01-13,116.62,10.82
ORD0000482,2,PROD00195,SELL00076,2017-10-24,15.34,10.4
ORD0000679,2,PROD00110,SELL00024,2017-06-17,27.19,7.67
ORD0000686,2,PROD00029,SELL00060,2017-11-04,68.15,16.72
ORD0000280,2,PROD00048,SELL00025,2018-04-28,21.62,24.47
ORD0000468,3,PROD00123,SELL00087,2018-08-19,32.85,26.62
ORD0000090,2,PROD00150,SELL00090,2018-06-26,35.21,8.89
ORD0000663,1,PROD00106,SELL00085,2018-01-04,108.57,28.76
ORD0000618,3,PROD00034,SELL00044,2017-10-12,19.02,10.71
ORD0000967,2,PROD00030,SELL00087,2018-02-18,73.31,17.21
ORD0000142,3,PROD00178,SELL00073,2017-05-24,35.07,16.47
ORD0000821,2,PROD00038,SELL00072,2017-03-11,91.99,8.92
ORD0000493,2,PROD00174,SELL00032,2018-03-29,45.47,7.16
ORD0000328,3,PROD00067,SELL00058,2017-07-11,60.12,9.85
ORD0000148,3,PROD00122,SELL00031,2018-01-07,41.13,9.57
ORD0000187,3,PROD00058,SELL00083,2017-07-13,56.71,6.76
ORD0000580,1,PROD00107,SELL00092,2017-04-01,18.36,5.65
ORD0000206,1,PROD00110,SELL00070,2017-02-27,52.09,20.66
ORD0000902,3,PROD00104,SELL00063,2018-03-18,83.48,20.52
ORD0000210,2,PROD00066,SELL00013,2017-09-22,119.18,10.68
ORD0000121,1,PROD00115,SELL00003,2018-08-25,52.11,10.82
ORD0000085,3,PROD00006,SELL00053,2018-03-22,32.86,9.83
ORD0000837,1,PROD00091,SELL00053,2018-03-14,150.35,12.66
ORD0000722,3,PROD00193,SELL00088,2018-03-31,66.6,12.54
ORD0000053,1,PROD00191,SELL00073,2017-10-15,97.1,17.73
ORD0000180,3,PROD00090,SELL00052,2018-04-08,56.63,20.11
ORD0000727,1,PROD00107,SELL00043,2017-07-12,29.48,16.4
ORD0000172,1,PROD00001,SELL00098,2017-06-02,49.22,27.77
ORD0000850,3,PROD00175,SELL00021,2017-07-27,3.3,14.06
ORD0000741,1,PROD00109,SELL00046,2017-09-08,101.39,6.83
ORD0000620,1,PROD00165,SELL00098,2018-07-22,15.6,9.76
ORD0000272,2,PROD00185,SELL00000,2017-05-12,21.36,6.7
ORD0000490,1,PROD00188,SELL00058,2017-08-24,163.64,6.42
ORD0000913,1,PROD00036,SELL00017,2017-03-29,138.59,16.46
ORD0000561,2,PROD00199,SELL00065,2018-03-28,14.53,9.73
ORD0000766,2,PROD00124,SELL00064,2017-03-28,20.56,13.33
ORD0000838,2,PROD00035,SELL00001,2018-02-17,8.18,8.71
ORD0000438,1,PROD00077,SELL00036,2017-11-08,12.95,9.77
ORD0000286,1,PROD00105,SELL00086,2017-12-04,49.52,17.29
ORD0000043,2,PROD00028,SELL00089,2017-04-06,46.57,10.78
ORD0000177,3,PROD00117,SELL00072,2018-07-19,116.93,13.04
ORD0000689,3,PROD00008,SELL00070,2018-01-31,10.15,11.4
ORD0000068,1,PROD00119,SELL00017,2018-04-17,35.1,13.73
ORD0000460,3,PROD00172,SELL00061,2018-01-07,20.73,15.25
ORD0000761,1,PROD00023,SELL00035,2017-10-03,15.24,19.21
ORD0000188,2,PROD00143,SELL00001,2018-04-21,98.4,6.82
ORD0000491,3,PROD00087,SELL00080,2017-05-01,305.24,14.08
ORD0000967,1,PROD00192,SELL00056,2018-07-25,5.36,9.66
ORD0000913,1,PROD00032,SELL00012,2017-05-24,82.61,8.65
ORD0000421,3,PROD00004,SELL00093,2018-07-05,24.81,7.69
ORD0000889,1,PROD00154,SELL00017,2018-01-29,82.17,11.45
ORD0000167,2,PROD00034,SELL00034,2017-07-04,101.46,21.59
ORD0000816,2,PROD00130,SELL00005,2017-04-04,24.2,14.26
ORD0000652,2,PROD00179,SELL00001,2017-12-26,11.92,16.48
ORD0000752,3,PROD00107,SELL00005,2018-06-24,15.31,4.96
ORD0000809,3,PROD00199,SELL00065,2018-08-18,13.32,13.06
ORD0000928,1,PROD00048,SELL00059,2017-07-19,49.2,20.09
ORD0000420,3,PROD00113,SELL00015,2017-03-24,229.67,18.31
ORD0000747,2,PROD00006,SELL00071,2018-04-04,136.07,17.29
ORD0000066,1,PROD00110,SELL00007,2017-01-27,58.47,11.59
ORD0000169,2,PROD00198,SELL00045,2017-09-19,20.37,20.93
ORD0000913,2,PROD00144,SELL00047,2017-01-17,13.35,6.57
ORD0000058,3,PROD00106,SELL00082,2018-06-20,36.51,11.58
ORD0000992,1,PROD00030,SELL00040,2018-06-01,46.23,13.24
ORD0000118,2,PROD00025,SELL00078,2017-12-04,33.52,20.63
ORD0000544,2,PROD00088,SELL00050,2018-03-25,70.28,39.57
ORD0000492,3,PROD00035,SELL00004,2017-07-26,21.18,7.28
ORD0000447,3,PROD00180,SELL00034,2018-07-16,10.93,8.0
ORD0000399,3,PROD00060,SELL00045,2018-07-25,11.52,20.69
ORD0000417,2,PROD00031,SELL00011,2018-08-12,26.34,8.81
ORD0000694,3,PROD00076,SELL00052,2017-06-02,31.17,13.11
ORD0000270,3,PROD00041,SELL00056,2017-11-03,90.05,7.52
ORD0000569,3,PROD00075,SELL00099,2018-06-23,26.82,18.43
ORD0000638,2,PROD00088,SELL00098,2017-02-01,20.14,8.78
ORD0000417,1,PROD00020,SELL00041,2018-04-20,66.61,13.35
ORD0000375,1,PROD00094,SELL00054,2017-06-17,77.71,20.93
ORD0000096,2,PROD00135,SELL00046,2017-12-04,7.97,14.32
ORD0000458,3,PROD00013,SELL00074,2017-07-13,16.78,9.34
ORD0000640,1,PROD00035,SELL00082,2018-06-25,115.35,9.06
ORD0000314,2,PROD00182,SELL00098,2017-07-19,163.84,26.38
ORD0000848,1,PROD00159,SELL00076,2017-10-03,142.45,18.39
ORD0000746,1,PROD00194,SELL00034,2017-01-22,208.82,15.61
