review_id,order_id,review_score,review_comment_title,review_comment_message,review_creation_date,review_answer_timestamp
REV0000000,ORD0000000,2,,Not what I expected.,2018-01-06,2018-09-16
REV0000001,ORD0000001,2,Poor,,2018-02-04,2018-09-30
REV0000002,ORD0000002,4,,Not what I expected.,2017-07-10,2017-12-22
REV0000003,ORD0000003,5,,Would not buy again.,2017-11-20,2018-03-20
REV0000004,ORD0000004,5,Great,A bit disappointing.,2017-10-28,2017-12-31
REV0000005,ORD0000005,5,Bad,,2017-09-23,2017-07-02
REV0000006,ORD0000006,5,,Not what I expected.,2018-01-11,2017-10-14
REV0000007,ORD0000007,4,,Exceeded expectations.,2018-04-17,2017-12-06
REV0000008,ORD0000008,4,,Not what I expected.,2018-08-22,2018-04-16
REV0000009,ORD0000009,3,,Great product!,2017-03-27,2018-09-04
REV0000010,ORD0000010,4,OK,Average product.,2018-08-26,2018-01-12
REV0000011,ORD0000011,5,,Would not buy again.,2018-04-03,2018-03-11
REV0000012,ORD0000012,4,Great,Very satisfied.,2018-01-06,2017-01-21
REV0000013,ORD0000013,4,Bad,A bit disappointing.,2018-09-26,2018-04-11
REV0000014,ORD0000014,5,Poor,Not what I expected.,2018-02-13,2018-05-13
REV0000015,ORD0000015,5,,Exceeded expectations.,2018-04-12,2018-06-22
REV0000016,ORD0000016,4,Fine,Average product.,2017-09-13,2018-08-31
REV0000017,ORD0000017,5,Excellent,Not what I expected.,2018-03-27,2018-09-08
REV0000018,ORD0000018,3,,Not what I expected.,2017-01-22,2017-01-24
REV0000019,ORD0000019,5,,Great product!,2017-11-06,2017-05-26
REV0000020,ORD0000020,5,Fine,Average product.,2017-04-02,2018-02-11
REV0000021,ORD0000021,4,,Arrived on time.,2017-03-19,2018-06-22
REV0000022,ORD0000022,5,,Average product.,2018-01-30,2017-02-28
REV0000023,ORD0000023,5,,A bit disappointing.,2018-07-04,2018-06-19
REV0000024,ORD0000024,1,Great,A bit disappointing.,2018-06-01,2017-12-19
REV0000025,ORD0000025,5,,,2018-05-03,2018-06-14
REV0000026,ORD0000026,4,Bad,Exceeded expectations.,2018-01-17,2018-02-01
REV0000027,ORD0000027,4,,Would not buy again.,2018-08-27,2017-02-19
REV0000028,ORD0000028,5,,Would not buy again.,2018-07-13,2017-07-03
REV0000029,ORD0000029,3,Great,Very satisfied.,2018-02-25,2017-12-06
REV0000030,ORD0000030,4,,Not what I expected.,2018-08-11,2017-11-21
REV0000031,ORD0000031,4,OK,Not what I expected.,2017-09-27,2018-03-08
REV0000032,ORD0000032,4,,Exceeded expectations.,2018-07-11,2017-09-17
REV0000033,ORD0000033,5,Great,Would not buy again.,2017-08-17,2018-08-09
REV0000034,ORD0000034,5,,Would not buy again.,2017-11-06,2017-05-01
REV0000035,ORD0000035,4,Bad,Would not buy again.,2017-06-07,2017-06-15
REV0000036,ORD0000036,2,,,2017-09-15,2017-02-19
REV0000037,ORD0000037,5,Poor,Arrived on time.,2018-05-12,2017-02-20
REV0000038,ORD0000038,5,Bad,Average product.,2018-05-10,2017-03-16
REV0000039,ORD0000039,3,,Not what I expected.,2018-09-03,2018-09-02
REV0000040,ORD0000040,3,Great,Exceeded expectations.,2018-05-07,2018-02-04
REV0000041,ORD0000041,5,Great,A bit disappointing.,2017-01-29,2017-05-21
REV0000042,ORD0000042,5,,Decent quality.,2017-04-08,2018-06-21
REV0000043,ORD0000043,5,,A bit disappointing.,2017-01-30,2017-05-17
REV0000044,ORD0000044,4,Great,Average product.,2018-06-20,2017-07-15
REV0000045,ORD0000045,4,Bad,,2017-04-12,2017-03-03
REV0000046,ORD0000046,4,Fine,Average product.,2018-06-11,2018-01-06
REV0000047,ORD0000047,5,,Great product!,2018-01-05,2017-02-14
REV0000048,ORD0000048,3,,Very satisfied.,2017-06-09,2018-07-21
REV0000049,ORD0000049,5,,Poor quality.,2017-02-24,2017-02-04
REV0000050,ORD0000050,2,Excellent,Great product!,2018-08-22,2017-09-16
REV0000051,ORD0000051,4,,Not what I expected.,2017-04-03,2018-09-13
REV0000052,ORD0000052,5,Bad,Very satisfied.,2018-05-18,2018-06-07
REV0000053,ORD0000053,4,,Decent quality.,2018-03-21,2017-12-10
REV0000054,ORD0000054,5,,Exceeded expectations.,2018-06-14,2017-11-16
REV0000055,ORD0000055,5,,Average product.,2017-03-12,2018-04-26
REV0000056,ORD0000056,5,,Very satisfied.,2017-10-06,2017-04-11
REV0000057,ORD0000057,5,Great,Arrived on time.,2017-03-10,2017-10-13
REV0000058,ORD0000058,5,,Great product!,2017-03-04,2018-07-05
REV0000059,ORD0000059,3,,Not what I expected.,2017-08-24,2017-02-23
REV0000060,ORD0000060,4,Great,Not what I expected.,2018-09-17,2018-04-05
REV0000061,ORD0000061,4,,Very satisfied.,2018-07-13,2018-08-12
REV0000062,ORD0000062,5,,Arrived on time.,2017-07-11,2018-05-15
REV0000063,ORD0000063,4,Poor,Would not buy again.,2017-08-07,2018-08-11
REV0000064,ORD0000064,5,,A bit disappointing.,2017-03-24,2018-03-25
REV0000065,ORD0000065,4,,Very satisfied.,2017-04-10,2017-04-09
REV0000066,ORD0000066,4,Excellent,Poor quality.,2017-11-07,2018-08-19
REV0000067,ORD0000067,4,,Arrived on time.,2017-11-01,2017-05-31
REV0000068,ORD0000068,1,Great,Great product!,2018-04-28,2018-03-13
REV0000069,ORD0000069,5,Great,A bit disappointing.,2018-07-10,2017-03-13
REV0000070,ORD0000070,5,,Average product.,2018-05-20,2018-04-03
REV0000071,ORD0000071,5,,,2018-06-03,2017-04-21
REV0000072,ORD0000072,4,OK,,2017-10-09,2018-08-20
REV0000073,ORD0000073,5,,Average product.,2017-09-24,2018-08-22
REV0000074,ORD0000074,5,Bad,Arrived on time.,2018-02-16,2017-02-13
REV0000075,ORD0000075,3,,Great product!,2017-04-14,2018-05-25
REV0000076,ORD0000076,4,,Average product.,2018-01-05,2017-05-28
REV0000077,ORD0000077,5,,Arrived on time.,2017-02-08,2017-08-27
REV0000078,ORD0000078,2,Great,Not what I expected.,2017-10-18,2017-04-08
REV0000079,ORD0000079,3,OK,Arrived on time.,2018-03-14,2017-09-13
REV0000080,ORD0000080,2,Poor,,2017-05-30,2017-12-18
REV0000081,ORD0000081,3,Great,Decent quality.,2017-09-21,2017-05-22
REV0000082,ORD0000082,4,,Not what I expected.,2017-05-18,2018-07-30
REV0000083,ORD0000083,5,,Exceeded expectations.,2017-09-13,2018-08-16
REV0000084,ORD0000084,4,,Exceeded expectations.,2018-09-05,2018-07-10
REV0000085,ORD0000085,5,,Poor quality.,2017-10-05,2018-10-04
REV0000086,ORD0000086,5,,Average product.,2017-08-03,2018-06-07
REV0000087,ORD0000087,4,OK,A bit disappointing.,2017-01-29,2018-03-14
REV0000088,ORD0000088,5,,Poor quality.,2018-06-09,2018-02-27
REV0000089,ORD0000089,2,,Not what I expected.,2017-07-21,2017-10-27
REV0000090,ORD0000090,2,Poor,Great product!,2017-11-02,2018-02-17
REV0000091,ORD0000091,3,Great,Not what I expected.,2017-03-17,2018-09-03
REV0000092,ORD0000092,4,,Decent quality.,2018-07-21,2018-06-10
REV0000093,ORD0000093,3,Great,Decent quality.,2017-04-17,2017-04-20
REV0000094,ORD0000094,3,Great,Would not buy again.,2018-03-07,2018-06-04
REV0000095,ORD0000095,2,Great,Exceeded expectations.,2018-06-03,2017-11-03
REV0000096,ORD0000096,5,,Decent quality.,2018-07-24,2017-08-12
REV0000097,ORD0000097,5,OK,Not what I expected.,2017-07-12,2018-06-19
REV0000098,ORD0000098,5,,Exceeded expectations.,2018-06-20,2017-01-22
REV0000099,ORD0000099,4,,A bit disappointing.,2017-10-07,2018-02-26
REV0000100,ORD0000100,4,,Arrived on time.,2017-10-02,2017-09-15
REV0000101,ORD0000101,5,Great,,2017-08-22,2017-08-19
REV0000102,ORD0000102,3,Poor,Poor quality.,2017-05-19,2018-07-03
REV0000103,ORD0000103,2,,Would not buy again.,2018-03-07,2018-09-13
REV0000104,ORD0000104,3,,Arrived on time.,2017-07-28,2018-05-31
REV0000105,ORD0000105,5,,Arrived on time.,2018-04-19,2017-10-31
REV0000106,ORD0000106,4,,Average product.,2018-07-26,2017-12-26
REV0000107,ORD0000107,3,Bad,Great product!,2018-04-30,2017-09-26
REV0000108,ORD0000108,4,Poor,Exceeded expectations.,2018-09-22,2017-08-21
REV0000109,ORD0000109,5,,Great product!,2018-05-26,2018-10-02
REV0000110,ORD0000110,5,,A bit disappointing.,2017-05-13,2017-12-29
REV0000111,ORD0000111,5,Great,Not what I expected.,2018-07-17,2018-07-08
REV0000112,ORD0000112,3,,Poor quality.,2017-05-01,2017-01-31
REV0000113,ORD0000113,4,Excellent,Great product!,2017-03-13,2017-08-15
REV0000114,ORD0000114,5,Great,Would not buy again.,2018-03-31,2017-06-14
REV0000115,ORD0000115,5,,A bit disappointing.,2018-05-25,2017-08-09
REV0000116,ORD0000116,5,,Would not buy again.,2017-11-05,2018-01-26
REV0000117,ORD0000117,4,Bad,Average product.,2017-11-19,2017-05-08
REV0000118,ORD0000118,4,,Great product!,2018-03-16,2018-05-09
REV0000119,ORD0000119,3,Bad,Not what I expected.,2017-01-22,2017-10-15
REV0000120,ORD0000120,5,,Exceeded expectations.,2017-07-18,2018-06-20
REV0000121,ORD0000121,4,,Great product!,2017-11-01,2018-02-28
REV0000122,ORD0000122,5,,A bit disappointing.,2018-08-12,2017-09-23
REV0000123,ORD0000123,3,Bad,Exceeded expectations.,2017-01-19,2017-04-14
REV0000124,ORD0000124,5,,A bit disappointing.,2017-09-06,2017-03-04
REV0000125,ORD0000125,1,Bad,,2018-07-17,2017-07-05
REV0000126,ORD0000126,5,OK,Arrived on time.,2017-05-02,2017-12-30
REV0000127,ORD0000127,1,,Decent quality.,2018-07-05,2017-04-08
REV0000128,ORD0000128,4,,Poor quality.,2017-04-10,2017-05-05
REV0000129,ORD0000129,3,Excellent,Exceeded expectations.,2017-10-01,2017-09-04
REV0000130,ORD0000130,5,,Great product!,2018-01-24,2018-09-08
REV0000131,ORD0000131,5,Great,Decent quality.,2017-03-12,2017-06-30
REV0000132,ORD0000132,4,Bad,Great product!,2017-01-31,2017-09-29
REV0000133,ORD0000133,3,,Decent quality.,2017-07-15,2017-03-02
REV0000134,ORD0000134,3,Great,Exceeded expectations.,2017-06-15,2018-02-11
REV0000135,ORD0000135,2,,A bit disappointing.,2018-02-21,2018-08-07
REV0000136,ORD0000136,5,,,2017-07-21,2018-06-27
REV0000137,ORD0000137,5,,Decent quality.,2018-02-10,2017-08-07
REV0000138,ORD0000138,3,,Average product.,2018-04-01,2018-02-26
REV0000139,ORD0000139,5,,Average product.,2017-03-28,2017-06-07
REV0000140,ORD0000140,5,,Very satisfied.,2018-04-07,2017-08-28
REV0000141,ORD0000141,4,,Arrived on time.,2018-01-14,2017-04-25
REV0000142,ORD0000142,4,Great,Not what I expected.,2017-09-21,2017-10-22
REV0000143,ORD0000143,5,Great,Exceeded expectations.,2018-05-30,2018-10-02
REV0000144,ORD0000144,1,Excellent,Average product.,2018-01-05,2017-02-18
REV0000145,ORD0000145,5,,Very satisfied.,2018-01-21,2017-09-27
REV0000146,ORD0000146,5,,Would not buy again.,2018-04-05,2018-01-30
REV0000147,ORD0000147,5,,Would not buy again.,2017-04-25,2017-12-12
REV0000148,ORD0000148,5,,Average product.,2017-06-17,2018-01-03
REV0000149,ORD0000149,4,,Great product!,2017-06-29,2018-06-14
REV0000150,ORD0000150,2,,Great product!,2017-06-15,2017-11-26
REV0000151,ORD0000151,5,Excellent,Arrived on time.,2018-08-19,2017-04-22
REV0000152,ORD0000152,5,,Great product!,2017-05-24,2017-07-06
REV0000153,ORD0000153,3,Bad,Not what I expected.,2018-09-15,2017-08-15
REV0000154,ORD0000154,3,Bad,Poor quality.,2018-07-14,2018-07-31
REV0000155,ORD0000155,5,Excellent,Poor quality.,2017-12-05,2018-06-30
REV0000156,ORD0000156,4,OK,Arrived on time.,2018-03-16,2018-03-30
REV0000157,ORD0000157,5,,Average product.,2018-06-13,2017-08-18
REV0000158,ORD0000158,5,,Exceeded expectations.,2017-11-02,2017-09-22
REV0000159,ORD0000159,4,,Arrived on time.,2017-09-21,2018-01-26
REV0000160,ORD0000160,4,Bad,,2017-05-20,2017-03-11
REV0000161,ORD0000161,5,OK,Very satisfied.,2018-09-18,2017-10-06
REV0000162,ORD0000162,3,,Very satisfied.,2018-06-04,2018-04-24
REV0000163,ORD0000163,5,,Decent quality.,2017-05-22,2018-07-26
REV0000164,ORD0000164,3,,Great product!,2018-01-28,2018-01-18
REV0000165,ORD0000165,5,OK,Very satisfied.,2018-04-05,2018-05-01
REV0000166,ORD0000166,4,Bad,Not what I expected.,2018-05-07,2017-06-30
REV0000167,ORD0000167,5,Poor,Decent quality.,2017-02-01,2018-02-23
REV0000168,ORD0000168,3,Great,Average product.,2018-05-17,2017-01-23
REV0000169,ORD0000169,4,,Exceeded expectations.,2018-08-29,2017-12-02
REV0000170,ORD0000170,4,Bad,Exceeded expectations.,2017-05-21,2018-07-21
REV0000171,ORD0000171,5,,Great product!,2018-07-01,2017-08-18
REV0000172,ORD0000172,5,Great,Arrived on time.,2017-08-24,2017-06-26
REV0000173,ORD0000173,5,,Average product.,2017-10-25,2018-09-28
REV0000174,ORD0000174,5,,Decent quality.,2017-12-01,2018-04-14
REV0000175,ORD0000175,1,,Great product!,2017-12-03,2017-04-27
REV0000176,ORD0000176,2,OK,Average product.,2017-07-16,2018-05-10
REV0000177,ORD0000177,5,OK,Would not buy again.,2018-09-04,2018-04-19
REV0000178,ORD0000178,4,,Great product!,2018-05-14,2017-11-30
REV0000179,ORD0000179,5,,Not what I expected.,2017-12-15,2018-07-21
REV0000180,ORD0000180,5,,Would not buy again.,2018-06-13,2018-02-23
REV0000181,ORD0000181,3,Great,A bit disappointing.,2018-03-03,2018-10-02
REV0000182,ORD0000182,5,,Very satisfied.,2017-02-01,2017-10-25
REV0000183,ORD0000183,5,Great,Exceeded expectations.,2017-09-01,2018-01-13
REV0000184,ORD0000184,4,,Not what I expected.,2017-11-09,2017-08-17
REV0000185,ORD0000185,5,,Exceeded expectations.,2018-03-31,2018-03-10
REV0000186,ORD0000186,5,,Decent quality.,2017-05-09,2018-07-12
REV0000187,ORD0000187,5,,Very satisfied.,2018-07-03,2017-09-26
REV0000188,ORD0000188,5,Bad,Decent quality.,2017-03-13,2017-11-29
REV0000189,ORD0000189,4,OK,A bit disappointing.,2017-06-04,2017-03-05
REV0000190,ORD0000190,4,Great,Poor quality.,2017-11-30,2018-01-12
REV0000191,ORD0000191,5,,,2018-05-28,2017-02-05
REV0000192,ORD0000192,4,Great,Great product!,2018-05-12,2018-06-03
REV0000193,ORD0000193,4,,Would not buy again.,2018-08-19,2017-02-18
REV0000194,ORD0000194,4,,Would not buy again.,2018-02-03,2017-02-26
REV0000195,ORD0000195,4,,Would not buy again.,2017-05-08,2018-04-13
REV0000196,ORD0000196,5,Bad,Arrived on time.,2017-11-07,2017-01-30
REV0000197,ORD0000197,5,,Decent quality.,2017-03-14,2018-04-04
REV0000198,ORD0000198,5,,Great product!,2017-07-08,2017-05-10
REV0000199,ORD0000199,4,Excellent,Great product!,2018-08-21,2018-09-13
REV0000200,ORD0000200,2,OK,Exceeded expectations.,2018-02-14,2017-02-16
REV0000201,ORD0000201,5,Bad,Great product!,2017-08-11,2017-03-01
REV0000202,ORD0000202,5,,Would not buy again.,2017-10-30,2018-02-06
REV0000203,ORD0000203,5,Excellent,Average product.,2017-01-25,2017-05-14
REV0000204,ORD0000204,4,Great,Very satisfied.,2017-05-07,2017-06-09
REV0000205,ORD0000205,4,,Great product!,2017-07-02,2018-05-31
REV0000206,ORD0000206,5,Bad,Not what I expected.,2018-01-15,2017-04-18
REV0000207,ORD0000207,3,,Exceeded expectations.,2018-06-26,2018-06-05
REV0000208,ORD0000208,5,Great,Average product.,2018-05-15,2018-01-20
REV0000209,ORD0000209,4,Great,Arrived on time.,2017-08-10,2018-07-14
REV0000210,ORD0000210,3,OK,Exceeded expectations.,2017-10-31,2017-11-17
REV0000211,ORD0000211,1,,Would not buy again.,2018-09-08,2017-11-06
REV0000212,ORD0000212,4,,Poor quality.,2018-07-29,2017-02-28
REV0000213,ORD0000213,5,,Average product.,2018-04-12,2018-01-06
REV0000214,ORD0000214,5,,A bit disappointing.,2017-07-21,2017-11-17
REV0000215,ORD0000215,4,,Great product!,2017-08-11,2017-05-19
REV0000216,ORD0000216,5,OK,A bit disappointing.,2017-03-08,2017-08-11
REV0000217,ORD0000217,3,,Not what I expected.,2018-09-08,2018-01-03
REV0000218,ORD0000218,3,Fine,Decent quality.,2018-06-29,2017-10-14
REV0000219,ORD0000219,4,,Very satisfied.,2017-04-28,2017-07-15
REV0000220,ORD0000220,5,,Exceeded expectations.,2017-06-25,2018-03-02
REV0000221,ORD0000221,5,,Great product!,2017-11-06,2017-10-11
REV0000222,ORD0000222,2,Great,,2017-06-29,2018-05-28
REV0000223,ORD0000223,5,,,2017-02-21,2017-03-13
REV0000224,ORD0000224,3,,Arrived on time.,2017-10-18,2017-11-09
REV0000225,ORD0000225,5,,Decent quality.,2017-10-26,2017-03-11
REV0000226,ORD0000226,5,,Not what I expected.,2017-11-15,2018-07-16
REV0000227,ORD0000227,5,Bad,Arrived on time.,2018-04-03,2017-03-24
REV0000228,ORD0000228,5,,Very satisfied.,2017-01-17,2017-05-24
REV0000229,ORD0000229,4,Poor,Poor quality.,2018-09-20,2018-02-16
REV0000230,ORD0000230,5,Bad,Average product.,2017-05-29,2017-03-23
REV0000231,ORD0000231,2,,Great product!,2018-02-06,2017-03-05
REV0000232,ORD0000232,5,,Arrived on time.,2017-11-20,2017-04-05
REV0000233,ORD0000233,5,Excellent,Not what I expected.,2017-01-17,2017-12-30
REV0000234,ORD0000234,5,Great,Decent quality.,2017-06-09,2017-08-06
REV0000235,ORD0000235,5,,,2018-01-09,2017-06-10
REV0000236,ORD0000236,3,,Great product!,2018-06-24,2017-07-28
REV0000237,ORD0000237,5,,Not what I expected.,2017-01-25,2017-03-18
REV0000238,ORD0000238,5,OK,,2017-01-21,2017-01-25
REV0000239,ORD0000239,4,,Would not buy again.,2017-09-28,2017-10-22
REV0000240,ORD0000240,5,,,2018-02-24,2018-02-20
REV0000241,ORD0000241,5,,A bit disappointing.,2017-12-29,2017-08-18
REV0000242,ORD0000242,5,,Poor quality.,2018-01-16,2017-08-25
REV0000243,ORD0000243,1,,Decent quality.,2017-07-02,2017-10-21
REV0000244,ORD0000244,5,,Would not buy again.,2017-09-02,2018-04-17
REV0000245,ORD0000245,5,OK,Arrived on time.,2018-05-20,2017-01-27
REV0000246,ORD0000246,5,,Exceeded expectations.,2017-04-01,2018-08-27
REV0000247,ORD0000247,3,Great,Poor quality.,2017-02-23,2017-08-31
REV0000248,ORD0000248,5,Great,A bit disappointing.,2017-03-31,2018-02-06
REV0000249,ORD0000249,4,Bad,Arrived on time.,2018-06-18,2018-06-03
REV0000250,ORD0000250,4,Bad,,2017-11-15,2018-09-20
REV0000251,ORD0000251,3,,Not what I expected.,2017-12-08,2017-07-15
REV0000252,ORD0000252,5,Excellent,Would not buy again.,2017-07-07,2018-10-02
REV0000253,ORD0000253,5,Poor,Would not buy again.,2018-07-15,2017-12-30
REV0000254,ORD0000254,5,,A bit disappointing.,2018-02-27,2018-04-17
REV0000255,ORD0000255,5,,Decent quality.,2017-10-25,2017-03-29
REV0000256,ORD0000256,3,,Arrived on time.,2018-02-03,2017-04-07
REV0000257,ORD0000257,5,Great,Poor quality.,2018-01-11,2017-12-16
REV0000258,ORD0000258,4,Great,Decent quality.,2017-07-20,2018-07-27
REV0000259,ORD0000259,5,OK,A bit disappointing.,2017-06-05,2018-07-12
REV0000260,ORD0000260,2,Great,Great product!,2018-02-24,2018-08-17
REV0000261,ORD0000261,4,Great,Great product!,2018-01-01,2017-09-01
REV0000262,ORD0000262,5,,Decent quality.,2017-12-12,2017-10-19
REV0000263,ORD0000263,5,Poor,Would not buy again.,2017-10-13,2017-08-11
REV0000264,ORD0000264,4,OK,A bit disappointing.,2018-05-05,2017-04-23
REV0000265,ORD0000265,5,,Average product.,2018-03-26,2017-01-23
REV0000266,ORD0000266,3,Bad,A bit disappointing.,2017-03-22,2018-09-28
REV0000267,ORD0000267,3,,,2017-06-25,2017-04-03
REV0000268,ORD0000268,5,,Not what I expected.,2017-01-23,2017-01-27
REV0000269,ORD0000269,4,,,2018-01-29,2018-04-28
REV0000270,ORD0000270,5,,Great product!,2017-03-22,2018-09-05
REV0000271,ORD0000271,5,Great,Not what I expected.,2018-01-25,2018-03-14
REV0000272,ORD0000272,5,,A bit disappointing.,2018-03-15,2017-12-14
REV0000273,ORD0000273,2,,Exceeded expectations.,2018-04-17,2017-02-08
REV0000274,ORD0000274,5,Great,Poor quality.,2017-04-23,2018-02-19
REV0000275,ORD0000275,5,,Great product!,2018-08-23,2018-07-10
REV0000276,ORD0000276,4,,Poor quality.,2018-06-27,2017-10-09
REV0000277,ORD0000277,5,Poor,Decent quality.,2017-12-18,2018-05-19
REV0000278,ORD0000278,5,,Arrived on time.,2017-08-19,2017-09-18
REV0000279,ORD0000279,4,,Poor quality.,2017-07-15,2017-01-26
REV0000280,ORD0000280,4,,Exceeded expectations.,2017-03-09,2018-08-18
REV0000281,ORD0000281,5,,Poor quality.,2017-07-24,2017-05-23
REV0000282,ORD0000282,4,Fine,Arrived on time.,2017-09-30,2017-05-22
REV0000283,ORD0000283,4,,Very satisfied.,2018-09-23,2018-09-12
REV0000284,ORD0000284,5,,,2017-08-30,2017-11-30
REV0000285,ORD0000285,5,Great,Would not buy again.,2018-01-29,2017-07-30
REV0000286,ORD0000286,5,,Average product.,2017-05-26,2018-05-26
REV0000287,ORD0000287,5,,Arrived on time.,2017-05-27,2018-09-05
REV0000288,ORD0000288,5,Great,Would not buy again.,2017-11-24,2018-02-02
REV0000289,ORD0000289,5,,Very satisfied.,2018-05-01,2017-02-14
REV0000290,ORD0000290,4,,Exceeded expectations.,2018-05-30,2018-01-18
REV0000291,ORD0000291,5,,Average product.,2018-01-13,2017-06-07
REV0000292,ORD0000292,3,,Exceeded expectations.,2018-06-19,2017-08-18
REV0000293,ORD0000293,4,,,2017-02-09,2017-05-22
REV0000294,ORD0000294,5,,Poor quality.,2017-05-28,2018-03-03
REV0000295,ORD0000295,2,,A bit disappointing.,2017-10-30,2018-09-05
REV0000296,ORD0000296,3,Great,Very satisfied.,2017-06-28,2017-04-20
REV0000297,ORD0000297,5,,Arrived on time.,2017-03-22,2018-05-31
REV0000298,ORD0000298,4,,Poor quality.,2017-04-03,2018-09-14
REV0000299,ORD0000299,4,OK,Exceeded expectations.,2017-08-16,2017-11-27
REV0000300,ORD0000300,5,Fine,Poor quality.,2018-07-01,2017-01-20
REV0000301,ORD0000301,3,Great,Would not buy again.,2018-01-01,2017-09-08
REV0000302,ORD0000302,5,,Decent quality.,2017-12-17,2017-03-30
REV0000303,ORD0000303,5,Excellent,Very satisfied.,2017-09-10,2017-07-14
REV0000304,ORD0000304,4,Great,Arrived on time.,2018-05-03,2018-05-04
REV0000305,ORD0000305,5,OK,Would not buy again.,2017-11-02,2017-10-23
REV0000306,ORD0000306,4,Excellent,,2017-11-06,2017-12-06
REV0000307,ORD0000307,4,Great,Exceeded expectations.,2017-04-17,2017-10-23
REV0000308,ORD0000308,5,Great,Great product!,2017-06-15,2018-08-22
REV0000309,ORD0000309,1,Bad,A bit disappointing.,2017-09-25,2018-03-13
REV0000310,ORD0000310,3,,,2018-01-18,2018-08-12
REV0000311,ORD0000311,5,Great,Great product!,2018-07-08,2018-04-30
REV0000312,ORD0000312,1,Great,Great product!,2018-03-02,2018-08-15
REV0000313,ORD0000313,4,,Decent quality.,2018-07-29,2018-03-30
REV0000314,ORD0000314,2,,Arrived on time.,2018-05-30,2018-03-07
REV0000315,ORD0000315,5,,Would not buy again.,2018-07-30,2017-02-17
REV0000316,ORD0000316,5,Excellent,,2018-01-05,2018-09-05
REV0000317,ORD0000317,5,Bad,A bit disappointing.,2018-09-02,2017-10-08
REV0000318,ORD0000318,5,Bad,Decent quality.,2017-01-15,2017-05-22
REV0000319,ORD0000319,4,,Would not buy again.,2018-07-22,2017-09-06
REV0000320,ORD0000320,5,Poor,Arrived on time.,2018-04-09,2017-01-30
REV0000321,ORD0000321,3,OK,Arrived on time.,2017-08-21,2018-01-28
REV0000322,ORD0000322,5,,Very satisfied.,2018-06-04,2018-06-28
REV0000323,ORD0000323,4,,Average product.,2017-03-31,2017-11-30
REV0000324,ORD0000324,4,,Exceeded expectations.,2017-02-10,2018-03-24
REV0000325,ORD0000325,5,Great,Poor quality.,2017-02-02,2018-09-09
REV0000326,ORD0000326,1,,Decent quality.,2017-01-20,2018-09-24
REV0000327,ORD0000327,3,,Not what I expected.,2017-10-11,2018-07-31
REV0000328,ORD0000328,3,,Would not buy again.,2018-06-11,2018-09-06
REV0000329,ORD0000329,3,,Average product.,2018-02-28,2018-04-10
REV0000330,ORD0000330,5,,Poor quality.,2017-05-01,2017-06-04
REV0000331,ORD0000331,4,Bad,Arrived on time.,2018-04-21,2017-06-21
REV0000332,ORD0000332,1,,,2018-08-23,2018-08-26
REV0000333,ORD0000333,5,Fine,Exceeded expectations.,2017-05-15,2018-09-11
REV0000334,ORD0000334,4,Bad,,2018-03-25,2018-03-24
REV0000335,ORD0000335,3,,Very satisfied.,2017-11-17,2017-04-01
REV0000336,ORD0000336,3,Great,Would not buy again.,2017-04-27,2017-08-28
REV0000337,ORD0000337,5,Excellent,Decent quality.,2017-07-13,2017-06-26
REV0000338,ORD0000338,5,,Great product!,2017-12-06,2017-11-26
REV0000339,ORD0000339,5,,,2017-04-30,2017-02-15
REV0000340,ORD0000340,4,Excellent,Not what I expected.,2018-06-24,2018-07-12
REV0000341,ORD0000341,5,Bad,Average product.,2018-04-01,2018-01-19
REV0000342,ORD0000342,5,OK,Very satisfied.,2017-12-07,2018-05-01
REV0000343,ORD0000343,5,,Decent quality.,2017-03-21,2017-02-19
REV0000344,ORD0000344,4,Great,Would not buy again.,2017-11-20,2018-03-18
REV0000345,ORD0000345,5,Excellent,Decent quality.,2018-07-03,2017-01-23
REV0000346,ORD0000346,4,,Not what I expected.,2017-06-16,2018-02-12
REV0000347,ORD0000347,5,,Decent quality.,2018-08-02,2017-12-07
REV0000348,ORD0000348,3,,Average product.,2018-03-03,2018-09-10
REV0000349,ORD0000349,5,,Not what I expected.,2018-07-13,2017-06-04
REV0000350,ORD0000350,5,,,2017-09-08,2017-12-29
REV0000351,ORD0000351,5,,Not what I expected.,2018-02-08,2018-03-15
REV0000352,ORD0000352,1,Great,,2018-06-01,2018-06-23
REV0000353,ORD0000353,5,,Poor quality.,2017-10-15,2017-08-21
REV0000354,ORD0000354,4,,Exceeded expectations.,2018-01-06,2017-04-08
REV0000355,ORD0000355,5,Great,Great product!,2017-12-24,2017-07-10
REV0000356,ORD0000356,4,,Poor quality.,2018-07-13,2018-02-19
REV0000357,ORD0000357,1,,Would not buy again.,2018-03-26,2018-02-15
REV0000358,ORD0000358,4,,,2017-10-06,2017-06-13
REV0000359,ORD0000359,4,,Exceeded expectations.,2017-09-22,2017-12-31
REV0000360,ORD0000360,5,Bad,Very satisfied.,2017-08-05,2018-07-04
REV0000361,ORD0000361,4,Fine,Average product.,2018-02-18,2018-07-11
REV0000362,ORD0000362,5,,,2018-01-18,2017-06-19
REV0000363,ORD0000363,5,Bad,,2018-09-24,2017-04-03
REV0000364,ORD0000364,5,OK,Arrived on time.,2017-09-19,2018-09-16
REV0000365,ORD0000365,5,,Arrived on time.,2018-06-26,2018-02-09
REV0000366,ORD0000366,5,Great,A bit disappointing.,2018-07-10,2017-12-13
REV0000367,ORD0000367,5,Bad,Would not buy again.,2018-09-13,2018-10-07
REV0000368,ORD0000368,5,,,2017-06-22,2018-02-09
REV0000369,ORD0000369,4,,Decent quality.,2017-06-14,2018-10-05
REV0000370,ORD0000370,4,Great,,2017-12-07,2018-07-04
REV0000371,ORD0000371,2,Bad,,2018-09-07,2018-02-04
REV0000372,ORD0000372,5,,Not what I expected.,2018-08-25,2017-03-14
REV0000373,ORD0000373,5,,Great product!,2017-10-26,2017-07-18
REV0000374,ORD0000374,3,,Would not buy again.,2018-04-18,2017-04-13
REV0000375,ORD0000375,4,,Would not buy again.,2018-06-14,2018-08-30
REV0000376,ORD0000376,5,,A bit disappointing.,2017-02-01,2017-07-17
REV0000377,ORD0000377,5,,Exceeded expectations.,2018-04-26,2017-11-28
REV0000378,ORD0000378,3,Great,Poor quality.,2017-06-10,2017-03-03
REV0000379,ORD0000379,4,,Average product.,2017-07-02,2017-09-11
REV0000380,ORD0000380,4,,A bit disappointing.,2017-02-05,2017-08-12
REV0000381,ORD0000381,4,Great,A bit disappointing.,2018-08-02,2018-01-22
REV0000382,ORD0000382,3,Excellent,Not what I expected.,2017-11-17,2018-02-08
REV0000383,ORD0000383,5,,,2017-03-01,2018-08-14
REV0000384,ORD0000384,5,Great,Not what I expected.,2017-07-19,2017-08-19
REV0000385,ORD0000385,5,OK,,2017-10-20,2018-06-23
REV0000386,ORD0000386,4,Bad,Poor quality.,2017-07-01,2017-10-28
REV0000387,ORD0000387,5,Fine,Not what I expected.,2017-05-17,2017-10-16
REV0000388,ORD0000388,5,,Not what I expected.,2018-03-03,2018-04-01
REV0000389,ORD0000389,5,,Great product!,2018-08-31,2017-04-10
REV0000390,ORD0000390,5,Poor,,2018-05-31,2017-02-05
REV0000391,ORD0000391,5,,Great product!,2018-04-23,2017-08-12
REV0000392,ORD0000392,3,,Arrived on time.,2018-07-09,2017-06-17
REV0000393,ORD0000393,5,,Average product.,2017-11-05,2017-10-16
REV0000394,ORD0000394,5,,Arrived on time.,2018-04-01,2017-03-21
REV0000395,ORD0000395,5,Bad,Would not buy again.,2018-03-11,2018-01-07
REV0000396,ORD0000396,4,Bad,Decent quality.,2018-08-16,2017-11-27
REV0000397,ORD0000397,4,OK,Would not buy again.,2017-05-27,2018-05-31
REV0000398,ORD0000398,3,,Great product!,2017-05-17,2017-03-13
REV0000399,ORD0000399,5,,Arrived on time.,2017-09-21,2018-05-22
REV0000400,ORD0000400,1,Great,A bit disappointing.,2018-06-28,2017-07-26
REV0000401,ORD0000401,4,Great,Poor quality.,2017-01-27,2017-02-22
REV0000402,ORD0000402,4,OK,Very satisfied.,2017-07-10,2017-02-15
REV0000403,ORD0000403,5,Great,Great product!,2017-03-30,2018-06-19
REV0000404,ORD0000404,5,,Not what I expected.,2018-02-11,2018-03-15
REV0000405,ORD0000405,4,Great,Poor quality.,2017-10-08,2017-04-23
REV0000406,ORD0000406,5,,Would not buy again.,2017-06-07,2018-06-12
REV0000407,ORD0000407,5,,Great product!,2017-04-27,2018-06-20
REV0000408,ORD0000408,5,Great,Decent quality.,2017-11-23,2017-10-20
REV0000409,ORD0000409,2,Great,Arrived on time.,2018-05-20,2017-12-02
REV0000410,ORD0000410,3,,Great product!,2017-07-29,2017-09-05
REV0000411,ORD0000411,5,,Very satisfied.,2017-09-08,2018-09-01
REV0000412,ORD0000412,4,,A bit disappointing.,2018-08-03,2017-03-24
REV0000413,ORD0000413,4,Excellent,Poor quality.,2018-02-02,2018-02-02
REV0000414,ORD0000414,5,Excellent,Would not buy again.,2017-05-30,2017-05-13
REV0000415,ORD0000415,5,,Very satisfied.,2018-04-15,2018-01-13
REV0000416,ORD0000416,3,,,2018-08-01,2018-09-04
REV0000417,ORD0000417,5,,Average product.,2018-09-04,2017-02-25
REV0000418,ORD0000418,5,OK,Decent quality.,2017-09-17,2017-10-13
REV0000419,ORD0000419,3,Great,Not what I expected.,2017-12-24,2017-09-13
REV0000420,ORD0000420,5,OK,Would not buy again.,2018-07-17,2018-01-18
REV0000421,ORD0000421,5,,Arrived on time.,2018-08-10,2017-07-17
REV0000422,ORD0000422,5,,Very satisfied.,2017-10-17,2018-08-02
REV0000423,ORD0000423,5,,Not what I expected.,2017-08-05,2017-10-25
REV0000424,ORD0000424,4,,Exceeded expectations.,2018-08-19,2017-10-01
REV0000425,ORD0000425,5,Fine,Poor quality.,2018-08-15,2017-06-21
REV0000426,ORD0000426,4,Great,Decent quality.,2018-03-05,2018-10-08
REV0000427,ORD0000427,4,,Arrived on time.,2018-01-24,2017-01-26
REV0000428,ORD0000428,3,,Decent quality.,2017-12-26,2017-08-13
REV0000429,ORD0000429,5,Great,Would not buy again.,2018-05-18,2017-12-19
REV0000430,ORD0000430,3,Excellent,Not what I expected.,2018-05-30,2017-06-09
REV0000431,ORD0000431,3,,Poor quality.,2017-03-05,2018-09-24
REV0000432,ORD0000432,5,,Great product!,2017-10-07,2017-02-27
REV0000433,ORD0000433,3,OK,Very satisfied.,2017-06-20,2018-02-07
REV0000434,ORD0000434,4,Fine,Average product.,2017-09-03,2017-06-05
REV0000435,ORD0000435,5,OK,Great product!,2018-03-06,2018-05-19
REV0000436,ORD0000436,5,OK,Poor quality.,2018-05-01,2018-03-12
REV0000437,ORD0000437,5,,Would not buy again.,2018-02-21,2017-02-12
REV0000438,ORD0000438,2,OK,Very satisfied.,2017-05-03,2017-12-12
REV0000439,ORD0000439,5,Great,Average product.,2017-08-30,2018-05-07
REV0000440,ORD0000440,1,,A bit disappointing.,2018-05-04,2017-08-30
REV0000441,ORD0000441,5,,Not what I expected.,2017-12-08,2017-03-07
REV0000442,ORD0000442,5,,Not what I expected.,2017-08-11,2017-07-20
REV0000443,ORD0000443,5,,Great product!,2018-03-31,2017-02-09
REV0000444,ORD0000444,5,,Arrived on time.,2017-09-21,2017-10-26
REV0000445,ORD0000445,3,,Very satisfied.,2018-01-24,2017-05-11
REV0000446,ORD0000446,5,,Not what I expected.,2017-02-20,2017-12-18
REV0000447,ORD0000447,4,Great,Poor quality.,2018-09-10,2017-12-29
REV0000448,ORD0000448,4,OK,A bit disappointing.,2017-11-24,2018-06-03
REV0000449,ORD0000449,5,Bad,Poor quality.,2017-05-31,2018-05-30
REV0000450,ORD0000450,5,Great,Great product!,2017-03-13,2018-03-18
REV0000451,ORD0000451,4,,Average product.,2017-07-20,2018-05-21
REV0000452,ORD0000452,5,,Great product!,2017-08-21,2018-03-11
REV0000453,ORD0000453,5,Bad,Poor quality.,2018-03-05,2018-04-13
REV0000454,ORD0000454,3,,Arrived on time.,2017-01-25,2017-03-22
REV0000455,ORD0000455,5,Great,Not what I expected.,2017-10-08,2017-04-04
REV0000456,ORD0000456,3,,Would not buy again.,2018-04-23,2017-02-10
REV0000457,ORD0000457,3,Bad,Exceeded expectations.,2018-06-26,2017-03-02
REV0000458,ORD0000458,5,OK,Decent quality.,2018-01-31,2018-04-08
REV0000459,ORD0000459,4,OK,Arrived on time.,2018-09-10,2017-06-21
REV0000460,ORD0000460,5,,Would not buy again.,2017-07-02,2017-07-21
REV0000461,ORD0000461,4,,Exceeded expectations.,2017-11-05,2018-03-26
REV0000462,ORD0000462,5,Great,Great product!,2017-12-05,2017-07-03
REV0000463,ORD0000463,4,,Average product.,2018-02-03,2017-10-31
REV0000464,ORD0000464,5,,Great product!,2017-05-31,2017-09-13
REV0000465,ORD0000465,5,OK,Poor quality.,2018-05-10,2018-01-08
REV0000466,ORD0000466,4,,Would not buy again.,2018-01-10,2017-03-16
REV0000467,ORD0000467,5,Great,Arrived on time.,2018-04-23,2017-12-07
REV0000468,ORD0000468,5,,Decent quality.,2017-10-10,2017-09-23
REV0000469,ORD0000469,3,Great,A bit disappointing.,2018-07-18,2017-04-08
REV0000470,ORD0000470,5,Great,Poor quality.,2018-07-27,2017-02-24
REV0000471,ORD0000471,5,Bad,Average product.,2018-02-16,2017-10-10
REV0000472,ORD0000472,3,Great,Very satisfied.,2017-01-17,2018-03-10
REV0000473,ORD0000473,3,,Would not buy again.,2017-12-15,2018-06-11
REV0000474,ORD0000474,4,,Average product.,2018-06-28,2017-01-22
REV0000475,ORD0000475,5,,A bit disappointing.,2018-03-05,2017-10-28
REV0000476,ORD0000476,5,,Arrived on time.,2017-12-13,2017-03-11
REV0000477,ORD0000477,1,,Very satisfied.,2017-02-12,2018-05-12
REV0000478,ORD0000478,5,,A bit disappointing.,2018-04-18,2017-11-20
REV0000479,ORD0000479,4,Great,Decent quality.,2017-06-01,2017-07-02
REV0000480,ORD0000480,2,,Arrived on time.,2018-02-20,2017-10-01
REV0000481,ORD0000481,4,,Great product!,2017-10-04,2018-03-18
REV0000482,ORD0000482,5,,Arrived on time.,2018-02-08,2018-03-21
REV0000483,ORD0000483,3,Great,Decent quality.,2017-06-28,2017-08-04
REV0000484,ORD0000484,4,Great,,2018-01-01,2018-06-09
REV0000485,ORD0000485,5,,Not what I expected.,2017-04-14,2017-01-31
REV0000486,ORD0000486,5,Excellent,Arrived on time.,2017-05-18,2018-01-11
REV0000487,ORD0000487,4,Great,Arrived on time.,2018-06-30,2017-01-28
REV0000488,ORD0000488,3,,Great product!,2017-10-27,2018-06-23
REV0000489,ORD0000489,4,OK,Exceeded expectations.,2017-05-05,2017-07-11
REV0000490,ORD0000490,2,,A bit disappointing.,2018-06-14,2018-04-09
REV0000491,ORD0000491,5,,Poor quality.,2018-06-15,2017-06-15
REV0000492,ORD0000492,5,,Not what I expected.,2017-07-24,2018-01-10
REV0000493,ORD0000493,4,Bad,A bit disappointing.,2017-11-09,2017-12-24
REV0000494,ORD0000494,5,,Not what I expected.,2017-01-28,2018-09-26
REV0000495,ORD0000495,5,,Poor quality.,2018-07-14,2017-06-12
REV0000496,ORD0000496,1,,Poor quality.,2018-08-30,2017-09-10
REV0000497,ORD0000497,2,,Average product.,2017-10-13,2018-06-16
REV0000498,ORD0000498,4,OK,Average product.,2017-05-08,2018-08-14
REV0000499,ORD0000499,5,,Arrived on time.,2018-03-23,2018-04-12
REV0000500,ORD0000500,1,Great,A bit disappointing.,2017-02-20,2018-04-20
REV0000501,ORD0000501,5,,Very satisfied.,2017-06-08,2017-08-02
REV0000502,ORD0000502,4,Bad,Average product.,2018-08-31,2017-06-22
REV0000503,ORD0000503,1,,A bit disappointing.,2017-05-19,2018-03-08
REV0000504,ORD0000504,5,,Exceeded expectations.,2018-04-07,2017-09-17
REV0000505,ORD0000505,1,Fine,Arrived on time.,2018-03-23,2017-06-11
REV0000506,ORD0000506,5,,Decent quality.,2017-02-14,2017-08-18
REV0000507,ORD0000507,5,,Poor quality.,2017-12-19,2017-03-14
REV0000508,ORD0000508,5,,Arrived on time.,2018-09-25,2018-02-13
REV0000509,ORD0000509,5,Great,Great product!,2017-04-14,2017-02-22
REV0000510,ORD0000510,5,,,2017-12-29,2018-02-07
REV0000511,ORD0000511,5,,Poor quality.,2018-06-13,2018-02-27
REV0000512,ORD0000512,5,,Decent quality.,2017-05-26,2017-07-26
REV0000513,ORD0000513,2,,Poor quality.,2017-02-19,2018-03-17
REV0000514,ORD0000514,5,,Exceeded expectations.,2017-07-16,2017-12-30
REV0000515,ORD0000515,2,Bad,A bit disappointing.,2018-07-20,2017-05-01
REV0000516,ORD0000516,5,,Decent quality.,2017-10-12,2017-08-05
REV0000517,ORD0000517,4,,Not what I expected.,2017-11-21,2017-05-24
REV0000518,ORD0000518,5,Poor,Poor quality.,2017-10-21,2018-01-25
REV0000519,ORD0000519,5,,Not what I expected.,2017-05-09,2017-02-22
REV0000520,ORD0000520,5,Great,Great product!,2017-09-04,2017-07-13
REV0000521,ORD0000521,5,,Very satisfied.,2018-09-28,2017-10-02
REV0000522,ORD0000522,2,,Great product!,2018-02-08,2018-07-26
REV0000523,ORD0000523,3,,Exceeded expectations.,2018-07-07,2018-01-16
REV0000524,ORD0000524,5,,Arrived on time.,2017-07-29,2017-07-12
REV0000525,ORD0000525,4,Fine,Poor quality.,2017-06-02,2017-10-12
REV0000526,ORD0000526,5,Great,Exceeded expectations.,2017-08-24,2017-05-19
REV0000527,ORD0000527,5,,Poor quality.,2018-08-22,2017-09-01
REV0000528,ORD0000528,5,Bad,Decent quality.,2017-09-01,2018-04-07
REV0000529,ORD0000529,1,,Decent quality.,2018-05-23,2017-07-01
REV0000530,ORD0000530,5,,A bit disappointing.,2017-02-15,2018-08-09
REV0000531,ORD0000531,4,Great,Very satisfied.,2017-11-25,2017-04-20
REV0000532,ORD0000532,4,,Great product!,2017-11-17,2018-04-02
REV0000533,ORD0000533,5,Great,Exceeded expectations.,2018-09-19,2017-10-08
REV0000534,ORD0000534,4,Great,Great product!,2017-03-03,2018-08-18
REV0000535,ORD0000535,2,Great,Not what I expected.,2018-04-19,2018-04-14
REV0000536,ORD0000536,4,,Not what I expected.,2018-09-19,2017-04-18
REV0000537,ORD0000537,5,Bad,Arrived on time.,2018-01-30,2017-02-28
REV0000538,ORD0000538,4,Great,A bit disappointing.,2018-06-06,2018-02-10
REV0000539,ORD0000539,5,,Would not buy again.,2017-03-04,2017-02-05
REV0000540,ORD0000540,5,,Very satisfied.,2017-11-25,2018-08-15
REV0000541,ORD0000541,5,,Would not buy again.,2017-03-10,2018-08-14
REV0000542,ORD0000542,3,,Very satisfied.,2017-01-19,2018-07-18
REV0000543,ORD0000543,5,,Poor quality.,2017-12-31,2018-01-27
REV0000544,ORD0000544,5,,Poor quality.,2018-04-04,2018-09-09
REV0000545,ORD0000545,5,Fine,Exceeded expectations.,2017-03-26,2017-05-10
REV0000546,ORD0000546,1,Poor,Not what I expected.,2018-01-17,2018-04-20
REV0000547,ORD0000547,5,Excellent,Average product.,2017-06-10,2017-04-19
REV0000548,ORD0000548,4,,Very satisfied.,2018-09-16,2017-03-02
REV0000549,ORD0000549,2,OK,Poor quality.,2017-07-14,2017-10-03
REV0000550,ORD0000550,1,,A bit disappointing.,2017-11-04,2017-05-10
REV0000551,ORD0000551,4,,Decent quality.,2017-07-25,2018-04-19
REV0000552,ORD0000552,5,,Would not buy again.,2017-03-01,2017-02-23
REV0000553,ORD0000553,5,Bad,Average product.,2017-11-08,2017-02-14
REV0000554,ORD0000554,4,,A bit disappointing.,2018-01-03,2017-09-12
REV0000555,ORD0000555,4,,Very satisfied.,2017-06-13,2017-09-03
REV0000556,ORD0000556,5,Fine,Very satisfied.,2018-05-15,2017-01-20
REV0000557,ORD0000557,5,Bad,,2018-08-15,2018-04-07
REV0000558,ORD0000558,5,OK,Great product!,2018-09-13,2017-05-26
REV0000559,ORD0000559,5,,A bit disappointing.,2017-02-15,2017-11-10
REV0000560,ORD0000560,5,,,2018-08-14,2018-09-18
REV0000561,ORD0000561,3,,,2017-07-06,2017-05-16
REV0000562,ORD0000562,5,Excellent,Decent quality.,2018-03-14,2017-10-14
REV0000563,ORD0000563,4,,,2017-05-09,2018-10-05
REV0000564,ORD0000564,3,,,2018-01-26,2018-08-31
REV0000565,ORD0000565,5,Great,Great product!,2018-09-17,2018-03-12
REV0000566,ORD0000566,1,Poor,Arrived on time.,2017-01-29,2018-06-11
REV0000567,ORD0000567,4,,Would not buy again.,2017-11-06,2017-05-19
REV0000568,ORD0000568,4,OK,Not what I expected.,2017-08-09,2018-08-21
REV0000569,ORD0000569,5,,Poor quality.,2018-05-25,2018-03-21
REV0000570,ORD0000570,1,,Exceeded expectations.,2017-09-24,2017-08-12
REV0000571,ORD0000571,5,,Would not buy again.,2017-07-20,2017-12-23
REV0000572,ORD0000572,5,,Poor quality.,2017-12-30,2018-09-02
REV0000573,ORD0000573,3,,Exceeded expectations.,2017-04-08,2017-03-22
REV0000574,ORD0000574,5,,Decent quality.,2017-06-09,2017-06-24
REV0000575,ORD0000575,5,Great,Poor quality.,2017-02-28,2018-06-17
REV0000576,ORD0000576,4,,,2017-12-19,2017-06-05
REV0000577,ORD0000577,5,Great,Great product!,2017-10-03,2017-12-15
REV0000578,ORD0000578,4,,Not what I expected.,2017-05-29,2018-06-13
REV0000579,ORD0000579,3,,Decent quality.,2018-02-21,2017-06-07
REV0000580,ORD0000580,5,OK,Decent quality.,2017-12-17,2018-09-02
REV0000581,ORD0000581,2,Bad,Average product.,2018-07-11,2018-03-13
REV0000582,ORD0000582,3,Poor,Would not buy again.,2018-05-30,2017-03-12
REV0000583,ORD0000583,5,Excellent,Arrived on time.,2017-07-30,2017-08-01
REV0000584,ORD0000584,1,,A bit disappointing.,2017-12-26,2017-03-30
REV0000585,ORD0000585,4,,Exceeded expectations.,2017-03-16,2018-05-13
REV0000586,ORD0000586,4,Bad,Would not buy again.,2017-06-16,2018-07-30
REV0000587,ORD0000587,1,,Exceeded expectations.,2018-02-20,2017-08-27
REV0000588,ORD0000588,4,OK,Poor quality.,2018-04-27,2018-04-21
REV0000589,ORD0000589,5,Fine,Great product!,2017-11-13,2017-08-06
REV0000590,ORD0000590,5,OK,Would not buy again.,2017-01-19,2018-07-24
REV0000591,ORD0000591,5,OK,Great product!,2018-01-02,2017-03-07
REV0000592,ORD0000592,3,,Average product.,2017-11-06,2018-10-07
REV0000593,ORD0000593,2,,Average product.,2017-07-19,2017-11-22
REV0000594,ORD0000594,3,OK,Exceeded expectations.,2018-01-10,2018-09-04
REV0000595,ORD0000595,5,Bad,Average product.,2018-01-22,2018-06-24
REV0000596,ORD0000596,4,Bad,Would not buy again.,2018-03-02,2018-05-06
REV0000597,ORD0000597,5,,,2017-03-26,2018-08-12
REV0000598,ORD0000598,5,Great,Very satisfied.,2018-01-10,2018-09-22
REV0000599,ORD0000599,4,,Very satisfied.,2018-03-06,2018-07-25
REV0000600,ORD0000600,5,OK,Not what I expected.,2018-02-13,2017-06-10
REV0000601,ORD0000601,5,OK,Decent quality.,2018-02-01,2017-12-18
REV0000602,ORD0000602,5,Great,Great product!,2017-04-09,2018-04-02
REV0000603,ORD0000603,1,,Would not buy again.,2018-04-06,2017-05-19
REV0000604,ORD0000604,3,Poor,Exceeded expectations.,2017-10-02,2017-02-27
REV0000605,ORD0000605,5,Excellent,,2018-02-17,2018-07-10
REV0000606,ORD0000606,1,,Poor quality.,2018-05-21,2018-04-02
REV0000607,ORD0000607,4,,Would not buy again.,2018-01-27,2018-01-15
REV0000608,ORD0000608,5,Bad,,2017-12-26,2017-11-02
REV0000609,ORD0000609,5,OK,Average product.,2017-06-25,2017-11-08
REV0000610,ORD0000610,5,,Great product!,2017-05-07,2018-05-23
REV0000611,ORD0000611,4,,Would not buy again.,2017-02-21,2018-01-18
REV0000612,ORD0000612,4,,Great product!,2017-12-14,2018-06-05
REV0000613,ORD0000613,5,,Arrived on time.,2017-07-09,2017-05-13
REV0000614,ORD0000614,3,,Great product!,2017-08-26,2017-02-05
REV0000615,ORD0000615,4,,,2018-01-19,2018-02-08
REV0000616,ORD0000616,1,,Average product.,2017-12-01,2017-03-18
REV0000617,ORD0000617,4,,Arrived on time.,2017-12-10,2018-02-22
REV0000618,ORD0000618,4,Great,Average product.,2018-01-03,2017-09-22
REV0000619,ORD0000619,5,,Exceeded expectations.,2018-07-25,2017-02-14
REV0000620,ORD0000620,2,Great,Arrived on time.,2017-02-10,2018-07-26
REV0000621,ORD0000621,5,Fine,A bit disappointing.,2017-04-01,2018-05-26
REV0000622,ORD0000622,5,,,2017-06-03,2018-08-30
REV0000623,ORD0000623,5,Bad,Exceeded expectations.,2017-03-05,2017-09-11
REV0000624,ORD0000624,4,,Very satisfied.,2018-08-27,2018-07-30
REV0000625,ORD0000625,5,Great,Poor quality.,2017-05-26,2017-10-17
REV0000626,ORD0000626,1,Poor,Not what I expected.,2017-06-14,2018-03-01
REV0000627,ORD0000627,3,,Great product!,2017-09-07,2018-05-06
REV0000628,ORD0000628,5,,Would not buy again.,2018-05-19,2017-08-11
REV0000629,ORD0000629,2,,Would not buy again.,2018-09-03,2017-07-03
REV0000630,ORD0000630,5,,Average product.,2017-10-19,2018-03-03
REV0000631,ORD0000631,4,,Exceeded expectations.,2018-01-18,2017-01-22
REV0000632,ORD0000632,5,Great,Great product!,2017-03-30,2017-07-23
REV0000633,ORD0000633,5,,Great product!,2018-01-05,2018-02-03
REV0000634,ORD0000634,5,Excellent,Poor quality.,2018-04-06,2017-07-10
REV0000635,ORD0000635,5,,Exceeded expectations.,2018-07-12,2017-07-08
REV0000636,ORD0000636,3,Bad,Exceeded expectations.,2017-03-28,2017-06-28
REV0000637,ORD0000637,5,Excellent,Average product.,2018-02-19,2018-07-25
REV0000638,ORD0000638,4,,,2017-10-01,2018-07-23
REV0000639,ORD0000639,2,,Arrived on time.,2018-01-04,2018-01-12
REV0000640,ORD0000640,5,Excellent,Exceeded expectations.,2017-02-24,2017-02-07
REV0000641,ORD0000641,5,Great,,2017-03-27,2018-08-10
REV0000642,ORD0000642,5,,Arrived on time.,2018-09-03,2017-08-01
REV0000643,ORD0000643,3,,Very satisfied.,2018-05-09,2017-12-06
REV0000644,ORD0000644,4,Excellent,Arrived on time.,2018-03-07,2017-12-27
REV0000645,ORD0000645,5,Great,Decent quality.,2018-01-04,2017-12-31
REV0000646,ORD0000646,4,,Decent quality.,2017-12-24,2018-05-22
REV0000647,ORD0000647,5,OK,Decent quality.,2018-04-16,2018-03-31
REV0000648,ORD0000648,5,,Exceeded expectations.,2017-05-18,2017-09-22
REV0000649,ORD0000649,5,,,2017-06-15,2017-09-08
REV0000650,ORD0000650,5,OK,Exceeded expectations.,2017-07-09,2018-05-10
REV0000651,ORD0000651,5,Bad,Decent quality.,2017-02-26,2018-09-20
REV0000652,ORD0000652,3,,Very satisfied.,2017-09-02,2017-11-12
REV0000653,ORD0000653,3,Excellent,Great product!,2018-03-31,2018-06-24
REV0000654,ORD0000654,1,,Great product!,2018-08-12,2018-06-17
REV0000655,ORD0000655,3,Bad,Very satisfied.,2017-10-07,2018-09-25
REV0000656,ORD0000656,5,,Exceeded expectations.,2018-04-05,2018-08-25
REV0000657,ORD0000657,5,Excellent,Would not buy again.,2018-06-12,2017-10-18
REV0000658,ORD0000658,5,Great,Average product.,2017-07-11,2017-02-16
REV0000659,ORD0000659,5,,Exceeded expectations.,2018-09-19,2017-12-02
REV0000660,ORD0000660,5,,Poor quality.,2017-11-17,2017-09-07
REV0000661,ORD0000661,5,,,2018-01-25,2018-08-17
REV0000662,ORD0000662,5,Bad,Arrived on time.,2018-08-24,2017-11-28
REV0000663,ORD0000663,5,,Very satisfied.,2018-07-28,2017-05-08
REV0000664,ORD0000664,4,Great,Arrived on time.,2018-05-22,2017-12-04
REV0000665,ORD0000665,1,Fine,Great product!,2017-07-16,2018-09-02
REV0000666,ORD0000666,3,Bad,A bit disappointing.,2017-05-28,2017-05-16
REV0000667,ORD0000667,5,,Average product.,2017-12-12,2018-03-12
REV0000668,ORD0000668,1,,Decent quality.,2017-07-04,2017-09-08
REV0000669,ORD0000669,1,,Exceeded expectations.,2018-08-01,2017-08-26
REV0000670,ORD0000670,5,,Very satisfied.,2017-08-12,2018-03-29
REV0000671,ORD0000671,4,,Poor quality.,2017-05-31,2017-01-28
REV0000672,ORD0000672,5,,Great product!,2018-02-05,2018-08-10
REV0000673,ORD0000673,3,Great,Exceeded expectations.,2017-06-03,2017-09-25
REV0000674,ORD0000674,5,,,2017-01-15,2018-09-19
REV0000675,ORD0000675,1,Great,Very satisfied.,2018-08-24,2018-08-05
REV0000676,ORD0000676,5,,Not what I expected.,2018-07-21,2018-07-02
REV0000677,ORD0000677,4,,Very satisfied.,2018-06-22,2017-02-12
REV0000678,ORD0000678,5,,Decent quality.,2017-12-29,2018-07-01
REV0000679,ORD0000679,5,,Not what I expected.,2018-06-12,2018-03-11
REV0000680,ORD0000680,5,OK,Poor quality.,2017-08-08,2017-06-30
REV0000681,ORD0000681,5,,A bit disappointing.,2018-07-31,2018-08-14
REV0000682,ORD0000682,5,,,2017-05-10,2018-01-16
REV0000683,ORD0000683,5,,Great product!,2017-01-16,2018-02-27
REV0000684,ORD0000684,5,,Not what I expected.,2017-05-03,2017-08-13
REV0000685,ORD0000685,5,,Very satisfied.,2017-11-15,2018-09-15
REV0000686,ORD0000686,5,Excellent,Great product!,2017-10-06,2017-10-30
REV0000687,ORD0000687,4,,,2018-04-09,2018-09-03
REV0000688,ORD0000688,3,,Would not buy again.,2018-07-19,2017-12-26
REV0000689,ORD0000689,5,,Poor quality.,2017-06-22,2017-10-02
REV0000690,ORD0000690,5,,Average product.,2018-03-24,2018-02-25
REV0000691,ORD0000691,5,Bad,Average product.,2017-10-23,2017-07-08
REV0000692,ORD0000692,5,Fine,Would not buy again.,2018-01-30,2018-04-25
REV0000693,ORD0000693,2,,A bit disappointing.,2017-05-17,2018-08-21
REV0000694,ORD0000694,5,Great,Very satisfied.,2018-08-07,2018-06-04
REV0000695,ORD0000695,4,,Poor quality.,2017-03-05,2018-07-25
REV0000696,ORD0000696,4,,A bit disappointing.,2017-12-27,2018-02-17
REV0000697,ORD0000697,1,,Exceeded expectations.,2017-05-13,2018-08-22
REV0000698,ORD0000698,5,,Would not buy again.,2017-02-20,2017-04-05
REV0000699,ORD0000699,4,,,2018-06-20,2017-07-01
REV0000700,ORD0000700,5,,Average product.,2017-12-23,2018-09-13
REV0000701,ORD0000701,1,Great,Average product.,2018-08-16,2017-02-10
REV0000702,ORD0000702,4,Great,A bit disappointing.,2018-05-31,2017-07-04
REV0000703,ORD0000703,5,OK,Poor quality.,2018-06-08,2018-02-03
REV0000704,ORD0000704,5,,A bit disappointing.,2017-01-19,2018-01-16
REV0000705,ORD0000705,5,OK,Would not buy again.,2018-01-04,2018-08-06
REV0000706,ORD0000706,5,OK,Decent quality.,2017-04-05,2017-09-29
REV0000707,ORD0000707,5,,A bit disappointing.,2018-09-07,2017-11-10
REV0000708,ORD0000708,4,,,2017-02-05,2017-07-08
REV0000709,ORD0000709,5,Excellent,Not what I expected.,2017-08-02,2017-10-24
REV0000710,ORD0000710,4,,Would not buy again.,2018-06-13,2018-03-23
REV0000711,ORD0000711,1,Bad,Great product!,2018-08-21,2018-03-30
REV0000712,ORD0000712,4,,Average product.,2018-05-30,2017-05-03
REV0000713,ORD0000713,5,,Great product!,2018-05-30,2017-06-26
REV0000714,ORD0000714,4,OK,A bit disappointing.,2017-06-20,2018-09-02
REV0000715,ORD0000715,4,,Very satisfied.,2017-03-17,2017-09-15
REV0000716,ORD0000716,5,,Poor quality.,2017-04-04,2018-07-16
REV0000717,ORD0000717,4,OK,Decent quality.,2017-08-03,2018-01-21
REV0000718,ORD0000718,4,,Very satisfied.,2017-01-26,2017-09-15
REV0000719,ORD0000719,3,,Not what I expected.,2018-02-16,2018-02-22
REV0000720,ORD0000720,5,,Exceeded expectations.,2018-01-21,2018-01-09
REV0000721,ORD0000721,5,Great,,2017-05-16,2018-03-15
REV0000722,ORD0000722,5,Great,Decent quality.,2018-06-29,2017-07-30
REV0000723,ORD0000723,2,Bad,Average product.,2017-08-17,2017-01-30
REV0000724,ORD0000724,5,,Great product!,2017-11-15,2018-05-19
REV0000725,ORD0000725,5,,Great product!,2018-02-21,2017-07-11
REV0000726,ORD0000726,5,OK,Would not buy again.,2017-09-24,2017-01-28
REV0000727,ORD0000727,4,Great,Poor quality.,2017-07-28,2017-07-06
REV0000728,ORD0000728,5,,Exceeded expectations.,2017-01-28,2017-09-24
REV0000729,ORD0000729,5,Bad,Decent quality.,2018-06-16,2017-03-25
REV0000730,ORD0000730,5,,A bit disappointing.,2017-06-07,2017-04-08
REV0000731,ORD0000731,4,,A bit disappointing.,2017-09-24,2017-09-04
REV0000732,ORD0000732,4,Great,,2017-09-03,2017-11-06
REV0000733,ORD0000733,5,,Decent quality.,2017-04-01,2018-03-02
REV0000734,ORD0000734,4,,Exceeded expectations.,2017-06-05,2017-04-24
REV0000735,ORD0000735,4,,,2018-01-01,2018-08-03
REV0000736,ORD0000736,5,Bad,Great product!,2017-11-21,2018-06-24
REV0000737,ORD0000737,5,Great,A bit disappointing.,2017-04-26,2017-09-25
REV0000738,ORD0000738,5,,Not what I expected.,2017-11-24,2017-02-20
REV0000739,ORD0000739,2,Great,Not what I expected.,2018-02-16,2017-07-04
REV0000740,ORD0000740,4,OK,Very satisfied.,2017-09-11,2017-09-11
REV0000741,ORD0000741,5,,Decent quality.,2018-07-11,2018-08-07
REV0000742,ORD0000742,5,Excellent,Poor quality.,2017-12-24,2017-11-15
REV0000743,ORD0000743,5,,Average product.,2018-03-09,2017-04-30
REV0000744,ORD0000744,5,OK,,2017-05-23,2018-02-28
REV0000745,ORD0000745,1,,Great product!,2018-04-21,2018-06-22
REV0000746,ORD0000746,3,,Average product.,2018-05-29,2017-06-24
REV0000747,ORD0000747,5,OK,Average product.,2018-09-05,2017-04-20
REV0000748,ORD0000748,5,,Poor quality.,2018-06-10,2017-10-23
REV0000749,ORD0000749,5,,Arrived on time.,2018-03-25,2018-08-16
REV0000750,ORD0000750,5,OK,Very satisfied.,2017-11-10,2018-08-29
REV0000751,ORD0000751,5,Great,A bit disappointing.,2017-06-19,2017-11-26
REV0000752,ORD0000752,5,Great,Arrived on time.,2018-06-30,2017-05-14
REV0000753,ORD0000753,4,Bad,Very satisfied.,2018-02-15,2017-02-23
REV0000754,ORD0000754,4,OK,A bit disappointing.,2018-04-28,2018-04-02
REV0000755,ORD0000755,5,Great,Great product!,2018-02-11,2017-05-26
REV0000756,ORD0000756,5,Great,Exceeded expectations.,2017-04-12,2018-03-14
REV0000757,ORD0000757,4,OK,,2017-06-05,2018-08-17
REV0000758,ORD0000758,4,,Arrived on time.,2018-03-09,2017-08-29
REV0000759,ORD0000759,4,OK,A bit disappointing.,2017-09-06,2017-04-16
REV0000760,ORD0000760,4,Great,,2018-03-29,2017-12-04
REV0000761,ORD0000761,5,,,2017-10-29,2017-04-12
REV0000762,ORD0000762,2,,Arrived on time.,2017-03-25,2018-09-28
REV0000763,ORD0000763,5,,Arrived on time.,2017-04-18,2018-09-22
REV0000764,ORD0000764,5,Bad,,2017-03-07,2018-08-20
REV0000765,ORD0000765,4,,Decent quality.,2018-05-12,2018-09-08
REV0000766,ORD0000766,5,,Would not buy again.,2018-04-10,2017-05-04
REV0000767,ORD0000767,5,Great,Arrived on time.,2018-02-16,2017-07-05
REV0000768,ORD0000768,5,,Average product.,2017-02-24,2018-01-06
REV0000769,ORD0000769,1,,,2018-07-17,2017-04-11
REV0000770,ORD0000770,4,,Not what I expected.,2017-08-25,2017-09-10
REV0000771,ORD0000771,4,OK,Exceeded expectations.,2017-09-18,2017-10-20
REV0000772,ORD0000772,5,,Very satisfied.,2017-09-15,2017-03-20
REV0000773,ORD0000773,5,,,2017-08-15,2018-06-09
REV0000774,ORD0000774,5,Great,Would not buy again.,2018-02-04,2017-03-24
REV0000775,ORD0000775,4,Excellent,Would not buy again.,2017-12-04,2017-11-10
REV0000776,ORD0000776,3,,,2018-01-17,2017-10-24
REV0000777,ORD0000777,5,Fine,Arrived on time.,2017-07-26,2017-09-27
REV0000778,ORD0000778,1,OK,Average product.,2018-04-09,2018-09-17
REV0000779,ORD0000779,5,,Average product.,2018-08-16,2017-04-22
REV0000780,ORD0000780,5,,Arrived on time.,2017-09-18,2017-10-18
REV0000781,ORD0000781,4,,A bit disappointing.,2018-05-01,2017-06-05
REV0000782,ORD0000782,5,,Not what I expected.,2017-08-14,2018-09-06
REV0000783,ORD0000783,5,Bad,Exceeded expectations.,2018-09-10,2018-09-10
REV0000784,ORD0000784,5,OK,Would not buy again.,2017-12-25,2017-04-08
REV0000785,ORD0000785,5,,Poor quality.,2018-02-10,2017-05-24
REV0000786,ORD0000786,5,,Great product!,2017-07-30,2018-01-10
REV0000787,ORD0000787,5,,Not what I expected.,2018-01-04,2018-02-01
REV0000788,ORD0000788,4,Great,Arrived on time.,2017-07-25,2018-05-19
REV0000789,ORD0000789,5,,Very satisfied.,2018-07-20,2017-05-24
REV0000790,ORD0000790,4,Excellent,Would not buy again.,2017-04-14,2018-03-27
REV0000791,ORD0000791,5,Excellent,A bit disappointing.,2017-04-05,2017-04-26
REV0000792,ORD0000792,3,OK,Arrived on time.,2017-08-31,2018-04-29
REV0000793,ORD0000793,5,,,2017-08-17,2017-01-25
REV0000794,ORD0000794,5,,Decent quality.,2017-05-19,2018-01-27
REV0000795,ORD0000795,5,,Decent quality.,2017-02-27,2017-10-02
REV0000796,ORD0000796,4,OK,A bit disappointing.,2018-08-08,2017-01-28
REV0000797,ORD0000797,5,,Decent quality.,2018-03-16,2017-06-06
REV0000798,ORD0000798,5,,Exceeded expectations.,2017-06-09,2017-01-24
REV0000799,ORD0000799,5,OK,Great product!,2017-04-13,2017-02-17
REV0000800,ORD0000800,2,Fine,Would not buy again.,2017-06-09,2018-03-19
REV0000801,ORD0000801,5,Excellent,Would not buy again.,2017-01-30,2017-07-02
REV0000802,ORD0000802,4,Poor,Not what I expected.,2017-09-23,2017-12-24
REV0000803,ORD0000803,3,OK,Would not buy again.,2017-02-16,2018-04-20
REV0000804,ORD0000804,4,,Would not buy again.,2017-11-28,2017-01-28
REV0000805,ORD0000805,3,Great,Would not buy again.,2018-08-06,2018-06-02
REV0000806,ORD0000806,3,,Great product!,2018-06-20,2018-09-28
REV0000807,ORD0000807,4,,,2017-08-06,2017-09-16
REV0000808,ORD0000808,5,,Would not buy again.,2018-02-04,2017-07-08
REV0000809,ORD0000809,4,Great,Exceeded expectations.,2018-04-11,2018-03-17
REV0000810,ORD0000810,4,OK,Average product.,2017-03-17,2017-12-21
REV0000811,ORD0000811,5,,Exceeded expectations.,2017-06-20,2017-12-28
REV0000812,ORD0000812,5,Great,Very satisfied.,2018-04-15,2017-04-27
REV0000813,ORD0000813,5,,Great product!,2018-02-02,2017-07-11
REV0000814,ORD0000814,5,,Would not buy again.,2017-07-05,2018-02-02
REV0000815,ORD0000815,4,,Decent quality.,2017-08-09,2018-01-22
REV0000816,ORD0000816,1,,Poor quality.,2018-02-20,2017-08-08
REV0000817,ORD0000817,5,Bad,Not what I expected.,2017-08-21,2017-09-27
REV0000818,ORD0000818,4,,Arrived on time.,2017-08-15,2018-08-16
REV0000819,ORD0000819,1,OK,A bit disappointing.,2017-05-03,2017-02-11
REV0000820,ORD0000820,4,,A bit disappointing.,2018-06-13,2018-05-13
REV0000821,ORD0000821,5,Great,Would not buy again.,2018-04-15,2017-05-18
REV0000822,ORD0000822,5,,Arrived on time.,2018-03-10,2018-06-16
REV0000823,ORD0000823,5,Fine,,2018-01-19,2017-08-10
REV0000824,ORD0000824,5,Excellent,Would not buy again.,2017-11-06,2018-06-10
REV0000825,ORD0000825,5,,A bit disappointing.,2017-03-21,2018-01-12
REV0000826,ORD0000826,5,,Arrived on time.,2017-09-14,2018-03-22
REV0000827,ORD0000827,2,Great,Arrived on time.,2017-03-16,2017-04-06
REV0000828,ORD0000828,4,OK,Not what I expected.,2018-02-08,2018-05-28
REV0000829,ORD0000829,3,,Average product.,2018-06-08,2017-06-28
REV0000830,ORD0000830,5,Great,Average product.,2017-07-02,2018-01-20
REV0000831,ORD0000831,5,,Arrived on time.,2017-12-15,2017-10-09
REV0000832,ORD0000832,5,Great,Decent quality.,2017-05-27,2018-02-09
REV0000833,ORD0000833,5,Great,Exceeded expectations.,2018-01-22,2017-09-16
REV0000834,ORD0000834,5,Great,Great product!,2018-03-17,2018-05-15
REV0000835,ORD0000835,5,,Poor quality.,2017-03-16,2017-09-04
REV0000836,ORD0000836,2,OK,Very satisfied.,2018-03-31,2018-06-13
REV0000837,ORD0000837,5,,Great product!,2017-01-15,2018-04-24
REV0000838,ORD0000838,2,Great,A bit disappointing.,2017-04-06,2018-03-03
REV0000839,ORD0000839,1,Great,Average product.,2017-04-05,2017-06-10
REV0000840,ORD0000840,5,Excellent,Great product!,2018-09-02,2018-08-15
REV0000841,ORD0000841,2,,Very satisfied.,2017-08-21,2018-06-14
REV0000842,ORD0000842,4,,Decent quality.,2018-06-02,2018-02-17
REV0000843,ORD0000843,5,Great,Would not buy again.,2017-07-30,2018-03-28
REV0000844,ORD0000844,4,Great,Poor quality.,2017-07-10,2017-05-12
REV0000845,ORD0000845,5,,,2018-02-14,2018-02-16
REV0000846,ORD0000846,4,OK,Decent quality.,2017-05-12,2017-03-07
REV0000847,ORD0000847,2,,Very satisfied.,2017-05-10,2018-03-08
REV0000848,ORD0000848,3,Great,Arrived on time.,2018-04-26,2017-04-18
REV0000849,ORD0000849,5,Excellent,Exceeded expectations.,2018-09-01,2017-05-28
REV0000850,ORD0000850,4,,Poor quality.,2017-09-12,2018-06-28
REV0000851,ORD0000851,4,,Very satisfied.,2017-05-23,2018-06-18
REV0000852,ORD0000852,5,Great,Arrived on time.,2017-05-24,2018-09-17
REV0000853,ORD0000853,5,,Decent quality.,2017-11-04,2018-03-10
REV0000854,ORD0000854,5,Great,Exceeded expectations.,2018-08-08,2017-12-24
REV0000855,ORD0000855,3,,Arrived on time.,2018-09-17,2018-04-06
REV0000856,ORD0000856,4,Bad,,2017-11-02,2017-07-19
REV0000857,ORD0000857,4,Bad,A bit disappointing.,2017-01-26,2018-06-18
REV0000858,ORD0000858,5,Excellent,Would not buy again.,2018-02-06,2017-08-22
REV0000859,ORD0000859,5,,Decent quality.,2018-01-29,2018-03-08
REV0000860,ORD0000860,1,OK,Decent quality.,2018-04-25,2017-06-12
REV0000861,ORD0000861,5,Great,Great product!,2017-12-20,2017-09-14
REV0000862,ORD0000862,5,,Decent quality.,2017-01-16,2017-09-22
REV0000863,ORD0000863,4,Bad,Very satisfied.,2017-12-21,2017-07-03
REV0000864,ORD0000864,3,,,2017-08-22,2018-07-02
REV0000865,ORD0000865,5,,Poor quality.,2018-05-11,2017-08-14
REV0000866,ORD0000866,5,OK,Arrived on time.,2017-06-04,2018-09-10
REV0000867,ORD0000867,5,Bad,Decent quality.,2017-04-03,2018-04-25
REV0000868,ORD0000868,4,,Arrived on time.,2017-07-25,2017-04-25
REV0000869,ORD0000869,5,,Arrived on time.,2018-02-07,2018-08-16
REV0000870,ORD0000870,5,,Arrived on time.,2017-08-19,2017-11-07
REV0000871,ORD0000871,5,Great,Arrived on time.,2018-03-26,2018-04-15
REV0000872,ORD0000872,5,,Decent quality.,2018-07-12,2017-03-27
REV0000873,ORD0000873,5,,Very satisfied.,2017-11-07,2018-02-19
REV0000874,ORD0000874,5,,Great product!,2017-06-03,2018-03-25
REV0000875,ORD0000875,3,OK,Would not buy again.,2018-02-08,2018-10-08
REV0000876,ORD0000876,5,Great,Arrived on time.,2018-04-25,2018-04-02
REV0000877,ORD0000877,5,Great,Poor quality.,2017-02-26,2018-01-09
REV0000878,ORD0000878,2,Bad,A bit disappointing.,2017-10-13,2017-04-20
REV0000879,ORD0000879,5,Poor,Very satisfied.,2017-04-15,2017-09-06
REV0000880,ORD0000880,3,,Decent quality.,2017-07-06,2017-07-31
REV0000881,ORD0000881,4,Bad,Decent quality.,2018-06-30,2018-09-02
REV0000882,ORD0000882,2,Great,Decent quality.,2017-09-02,2017-03-14
REV0000883,ORD0000883,4,,Very satisfied.,2018-04-16,2018-02-11
REV0000884,ORD0000884,5,,Very satisfied.,2017-11-05,2018-09-13
REV0000885,ORD0000885,4,Bad,Poor quality.,2017-03-22,2017-03-16
REV0000886,ORD0000886,4,,,2018-08-01,2018-08-06
REV0000887,ORD0000887,5,Excellent,Would not buy again.,2018-02-03,2017-03-01
REV0000888,ORD0000888,5,Great,Poor quality.,2017-06-28,2017-09-30
REV0000889,ORD0000889,5,Bad,Very satisfied.,2017-04-29,2017-11-16
REV0000890,ORD0000890,5,Excellent,,2018-05-21,2017-04-29
REV0000891,ORD0000891,5,Great,Great product!,2017-07-24,2018-03-04
REV0000892,ORD0000892,5,Great,Exceeded expectations.,2017-05-26,2017-07-19
REV0000893,ORD0000893,4,Great,Great product!,2017-08-26,2018-01-20
REV0000894,ORD0000894,4,,Very satisfied.,2017-02-26,2018-09-16
REV0000895,ORD0000895,5,Great,Exceeded expectations.,2017-04-05,2018-04-01
REV0000896,ORD0000896,5,,Would not buy again.,2017-07-22,2018-07-16
REV0000897,ORD0000897,5,Great,A bit disappointing.,2017-06-28,2018-05-04
REV0000898,ORD0000898,5,,,2017-06-01,2017-09-27
REV0000899,ORD0000899,4,,Poor quality.,2017-07-31,2018-09-12
REV0000900,ORD0000900,5,,A bit disappointing.,2018-01-08,2018-07-24
REV0000901,ORD0000901,5,Great,Very satisfied.,2017-05-15,2018-06-26
REV0000902,ORD0000902,5,Great,Very satisfied.,2017-09-30,2018-01-15
REV0000903,ORD0000903,5,,A bit disappointing.,2017-11-04,2017-06-05
REV0000904,ORD0000904,4,,Decent quality.,2017-04-27,2017-08-20
REV0000905,ORD0000905,1,Fine,Very satisfied.,2017-04-01,2017-05-27
REV0000906,ORD0000906,3,Bad,Exceeded expectations.,2018-07-01,2017-08-30
REV0000907,ORD0000907,5,Great,Arrived on time.,2018-04-21,2017-08-01
REV0000908,ORD0000908,5,,Would not buy again.,2018-03-22,2017-07-01
REV0000909,ORD0000909,5,,Arrived on time.,2018-07-22,2017-09-16
REV0000910,ORD0000910,5,,Great product!,2017-07-10,2018-06-03
REV0000911,ORD0000911,4,OK,Not what I expected.,2018-05-12,2018-06-19
REV0000912,ORD0000912,4,,Arrived on time.,2017-09-12,2017-02-03
REV0000913,ORD0000913,5,Bad,Would not buy again.,2018-01-02,2017-06-10
REV0000914,ORD0000914,5,Poor,,2018-01-28,2018-07-31
REV0000915,ORD0000915,4,,A bit disappointing.,2017-11-11,2018-09-05
REV0000916,ORD0000916,5,,,2017-02-02,2018-10-03
REV0000917,ORD0000917,4,Great,,2017-09-01,2017-01-20
REV0000918,ORD0000918,5,,Very satisfied.,2017-11-10,2017-08-28
REV0000919,ORD0000919,5,,Arrived on time.,2017-06-14,2017-09-17
REV0000920,ORD0000920,4,,Decent quality.,2017-05-19,2018-08-22
REV0000921,ORD0000921,5,Great,Great product!,2018-03-08,2018-05-14
REV0000922,ORD0000922,5,,Very satisfied.,2018-07-03,2017-03-29
REV0000923,ORD0000923,5,OK,Average product.,2017-07-31,2018-09-20
REV0000924,ORD0000924,4,Great,Arrived on time.,2018-02-13,2017-11-14
REV0000925,ORD0000925,5,,Arrived on time.,2018-07-22,2017-12-17
REV0000926,ORD0000926,5,,Great product!,2017-02-16,2018-08-24
REV0000927,ORD0000927,5,OK,Arrived on time.,2018-08-20,2018-03-08
REV0000928,ORD0000928,2,,Decent quality.,2017-07-28,2017-12-08
REV0000929,ORD0000929,3,,Not what I expected.,2017-11-15,2017-03-20
REV0000930,ORD0000930,5,,Exceeded expectations.,2017-04-02,2017-03-27
REV0000931,ORD0000931,4,OK,Great product!,2018-01-01,2017-07-10
REV0000932,ORD0000932,3,,Decent quality.,2018-01-14,2018-05-11
REV0000933,ORD0000933,5,,Average product.,2018-01-10,2017-02-11
REV0000934,ORD0000934,4,,Exceeded expectations.,2017-07-16,2018-06-18
REV0000935,ORD0000935,5,,A bit disappointing.,2017-03-27,2018-04-15
REV0000936,ORD0000936,5,,Very satisfied.,2017-10-25,2018-10-09
REV0000937,ORD0000937,4,,Average product.,2018-08-12,2017-11-19
REV0000938,ORD0000938,2,,Average product.,2017-04-02,2018-04-16
REV0000939,ORD0000939,4,,Not what I expected.,2017-07-12,2018-05-11
REV0000940,ORD0000940,5,,Great product!,2018-01-11,2017-11-13
REV0000941,ORD0000941,5,,Would not buy again.,2018-04-05,2017-07-23
REV0000942,ORD0000942,5,,Very satisfied.,2017-06-11,2017-09-16
REV0000943,ORD0000943,1,Bad,,2018-04-25,2017-06-19
REV0000944,ORD0000944,5,OK,,2018-05-10,2018-10-08
REV0000945,ORD0000945,4,,Would not buy again.,2017-03-25,2018-08-02
REV0000946,ORD0000946,3,OK,A bit disappointing.,2018-04-06,2017-03-31
REV0000947,ORD0000947,3,Bad,Poor quality.,2018-01-29,2017-08-13
REV0000948,ORD0000948,4,Great,,2018-05-28,2018-02-16
REV0000949,ORD0000949,5,,Poor quality.,2017-08-31,2017-12-09
REV0000950,ORD0000950,4,,Average product.,2018-01-16,2018-03-22
REV0000951,ORD0000951,5,,,2017-08-21,2018-03-20
REV0000952,ORD0000952,3,Great,,2017-02-23,2018-04-04
REV0000953,ORD0000953,3,,Great product!,2018-07-27,2017-12-04
REV0000954,ORD0000954,1,,,2017-08-12,2018-05-26
REV0000955,ORD0000955,5,,A bit disappointing.,2017-03-11,2018-04-23
REV0000956,ORD0000956,5,Bad,Average product.,2018-07-13,2017-09-05
REV0000957,ORD0000957,3,Bad,Great product!,2017-11-05,2018-06-13
REV0000958,ORD0000958,3,Bad,Exceeded expectations.,2018-01-01,2018-06-28
REV0000959,ORD0000959,3,,Very satisfied.,2018-02-21,2018-10-08
REV0000960,ORD0000960,3,,Very satisfied.,2017-04-21,2018-03-17
REV0000961,ORD0000961,2,,Exceeded expectations.,2017-03-24,2017-06-24
REV0000962,ORD0000962,5,,Not what I expected.,2018-02-22,2017-12-04
REV0000963,ORD0000963,5,,Decent quality.,2017-10-30,2017-09-26
REV0000964,ORD0000964,3,,Exceeded expectations.,2017-07-27,2017-08-29
REV0000965,ORD0000965,5,,Great product!,2017-10-18,2018-06-18
REV0000966,ORD0000966,3,Bad,,2017-04-11,2018-02-01
REV0000967,ORD0000967,5,,A bit disappointing.,2017-11-04,2018-07-19
REV0000968,ORD0000968,5,Great,Would not buy again.,2017-10-01,2018-06-26
REV0000969,ORD0000969,5,,Exceeded expectations.,2018-03-30,2017-05-21
REV0000970,ORD0000970,2,OK,Great product!,2018-07-24,2018-04-06
REV0000971,ORD0000971,5,Great,Not what I expected.,2018-06-11,2017-06-09
REV0000972,ORD0000972,4,Poor,Decent quality.,2017-12-30,2017-07-10
REV0000973,ORD0000973,5,Excellent,Poor quality.,2018-06-17,2018-04-21
REV0000974,ORD0000974,5,Poor,Decent quality.,2017-11-01,2018-10-07
REV0000975,ORD0000975,5,Bad,A bit disappointing.,2018-05-12,2018-04-05
REV0000976,ORD0000976,4,,Very satisfied.,2017-10-08,2017-05-16
REV0000977,ORD0000977,4,,Average product.,2017-11-04,2017-04-15
REV0000978,ORD0000978,4,Poor,Decent quality.,2017-12-26,2017-07-10
REV0000979,ORD0000979,1,Bad,Decent quality.,2017-03-24,2017-11-07
REV0000980,ORD0000980,3,,Not what I expected.,2017-10-17,2018-08-02
REV0000981,ORD0000981,5,,Not what I expected.,2018-01-14,2017-05-09
REV0000982,ORD0000982,5,OK,Exceeded expectations.,2018-06-21,2018-08-29
REV0000983,ORD0000983,4,Great,Would not buy again.,2017-07-13,2017-04-26
REV0000984,ORD0000984,5,,Very satisfied.,2017-01-18,2017-09-19
REV0000985,ORD0000985,5,Great,,2018-08-11,2018-03-12
REV0000986,ORD0000986,5,Poor,Great product!,2017-09-29,2017-07-14
REV0000987,ORD0000987,1,Great,Would not buy again.,2018-09-18,2017-06-17
REV0000988,ORD0000988,5,,Poor quality.,2018-02-11,2018-09-11
REV0000989,ORD0000989,5,OK,Would not buy again.,2017-06-29,2017-05-06
REV0000990,ORD0000990,5,OK,Average product.,2017-07-17,2018-02-07
REV0000991,ORD0000991,4,OK,Decent quality.,2017-02-20,2018-01-29
REV0000992,ORD0000992,5,Excellent,Average product.,2018-05-02,2018-06-09
REV0000993,ORD0000993,5,,A bit disappointing.,2018-09-18,2018-05-19
REV0000994,ORD0000994,3,,Very satisfied.,2017-10-08,2018-03-10
REV0000995,ORD0000995,5,,A bit disappointing.,2018-06-22,2017-09-06
REV0000996,ORD0000996,5,,,2017-12-25,2018-08-18
REV0000997,ORD0000997,1,,Average product.,2017-04-23,2018-05-31
REV0000998,ORD0000998,5,Great,Exceeded expectations.,2017-12-10,2018-07-07
REV0000999,ORD0000999,5,Poor,,2018-09-08,2018-06-12
