order_id,customer_id,order_status,order_purchase_timestamp,order_approved_at,order_delivered_carrier_date,order_delivered_customer_date,order_estimated_delivery_date
ORD0000000,CUST000212,delivered,2018-05-11,2018-05-12,2018-05-13,2018-05-20,2018-05-29
ORD0000001,CUST000712,delivered,2018-07-02,2018-07-03,2018-07-07,2018-07-14,2018-07-17
ORD0000002,CUST000357,delivered,2017-03-23,2017-03-24,2017-03-26,2017-03-31,2017-04-13
ORD0000003,CUST000454,delivered,2017-05-01,2017-05-01,2017-05-05,2017-05-08,2017-05-22
ORD0000004,CUST000731,shipped,2017-05-02,2017-05-03,2017-05-06,2017-05-10,2017-05-21
ORD0000005,CUST000537,canceled,2018-06-22,2018-06-23,2018-06-24,2018-07-05,2018-07-05
ORD0000006,CUST000157,delivered,2017-08-12,2017-08-12,2017-08-16,2017-08-30,2017-09-07
ORD0000007,CUST000109,delivered,2017-06-15,2017-06-15,2017-06-19,2017-06-30,2017-07-11
ORD0000008,CUST000189,delivered,2017-02-04,2017-02-05,2017-02-09,2017-02-23,2017-03-01
ORD0000009,CUST000799,delivered,2018-05-19,2018-05-19,2018-05-22,2018-05-25,2018-06-06
ORD0000010,CUST000390,delivered,2017-11-09,2017-11-09,2017-11-10,2017-11-18,2017-12-02
ORD0000011,CUST000231,delivered,2018-06-04,2018-06-04,2018-06-08,2018-06-21,2018-06-29
ORD0000012,CUST000483,delivered,2018-04-06,2018-04-07,2018-04-08,2018-04-16,2018-05-03
ORD0000013,CUST000299,delivered,2018-04-30,2018-05-01,2018-05-02,2018-05-08,2018-05-24
ORD0000014,CUST000027,delivered,2017-08-11,2017-08-12,2017-08-16,2017-08-28,2017-09-08
ORD0000015,CUST000129,delivered,2017-02-10,2017-02-11,2017-02-13,2017-02-22,2017-03-11
ORD0000016,CUST000601,delivered,2018-08-10,2018-08-11,2018-08-13,2018-08-25,2018-08-31
ORD0000017,CUST000489,delivered,2017-10-25,2017-10-26,2017-10-28,2017-11-08,2017-11-11
ORD0000018,CUST000740,shipped,2018-05-31,2018-05-31,2018-06-03,2018-06-13,2018-06-26
ORD0000019,CUST000273,delivered,2018-03-13,2018-03-13,2018-03-17,2018-03-31,2018-03-29
ORD0000020,CUST000692,canceled,2017-03-31,2017-03-31,2017-04-04,2017-04-07,2017-04-25
ORD0000021,CUST000627,delivered,2017-04-28,2017-04-29,2017-05-01,2017-05-06,2017-05-16
ORD0000022,CUST000244,delivered,2017-04-13,2017-04-14,2017-04-16,2017-04-29,2017-05-09
ORD0000023,CUST000709,delivered,2018-07-07,2018-07-07,2018-07-09,2018-07-13,2018-07-26
ORD0000024,CUST000430,delivered,2017-05-12,2017-05-13,2017-05-16,2017-05-25,2017-06-02
ORD0000025,CUST000117,delivered,2018-06-15,2018-06-16,2018-06-19,2018-06-30,2018-07-04
ORD0000026,CUST000606,delivered,2017-03-09,2017-03-10,2017-03-12,2017-03-20,2017-03-20
ORD0000027,CUST000739,shipped,2017-06-09,2017-06-10,2017-06-13,2017-06-20,2017-06-25
ORD0000028,CUST000099,delivered,2017-06-18,2017-06-18,2017-06-20,2017-07-01,2017-07-10
ORD0000029,CUST000733,delivered,2018-05-16,2018-05-17,2018-05-20,2018-05-25,2018-06-09
ORD0000030,CUST000251,delivered,2017-03-27,2017-03-27,2017-03-28,2017-04-04,2017-04-24
ORD0000031,CUST000080,delivered,2018-07-14,2018-07-15,2018-07-17,2018-07-31,2018-08-07
ORD0000032,CUST000249,delivered,2018-02-09,2018-02-10,2018-02-12,2018-02-20,2018-02-23
ORD0000033,CUST000335,delivered,2017-09-04,2017-09-04,2017-09-05,2017-09-17,2017-09-22
ORD0000034,CUST000522,delivered,2017-12-31,2017-12-31,2018-01-02,2018-01-10,2018-01-29
ORD0000035,CUST000122,delivered,2018-08-19,2018-08-19,2018-08-21,2018-08-31,2018-09-06
ORD0000036,CUST000359,delivered,2018-08-10,2018-08-10,2018-08-14,2018-08-25,2018-09-04
ORD0000037,CUST000682,delivered,2017-06-29,2017-06-30,2017-07-04,2017-07-17,2017-07-25
ORD0000038,CUST000261,delivered,2017-12-29,2017-12-30,2018-01-02,2018-01-15,2018-01-09
ORD0000039,CUST000178,delivered,2017-03-01,2017-03-01,2017-03-04,2017-03-13,2017-03-19
ORD0000040,CUST000300,delivered,2017-01-17,2017-01-18,2017-01-21,2017-01-31,2017-02-14
ORD0000041,CUST000337,canceled,2018-07-29,2018-07-30,2018-08-01,2018-08-15,2018-08-14
ORD0000042,CUST000591,delivered,2017-02-25,2017-02-26,2017-02-28,2017-03-11,2017-03-26
ORD0000043,CUST000762,delivered,2017-07-16,2017-07-16,2017-07-17,2017-07-23,2017-07-31
ORD0000044,CUST000774,delivered,2017-03-04,2017-03-05,2017-03-08,2017-03-19,2017-03-15
ORD0000045,CUST000170,delivered,2017-08-15,2017-08-15,2017-08-17,2017-08-29,2017-08-26
ORD0000046,CUST000416,delivered,2017-03-07,2017-03-08,2017-03-11,2017-03-17,2017-03-24
ORD0000047,CUST000534,delivered,2017-05-24,2017-05-24,2017-05-26,2017-06-02,2017-06-14
ORD0000048,CUST000215,delivered,2018-05-10,2018-05-10,2018-05-13,2018-05-25,2018-05-20
ORD0000049,CUST000626,canceled,2018-08-25,2018-08-26,2018-08-28,2018-09-05,2018-09-14
ORD0000050,CUST000668,delivered,2017-05-03,2017-05-03,2017-05-07,2017-05-11,2017-05-21
ORD0000051,CUST000761,canceled,2017-08-28,2017-08-28,2017-08-29,2017-09-02,2017-09-13
ORD0000052,CUST000488,delivered,2017-07-02,2017-07-02,2017-07-04,2017-07-09,2017-07-21
ORD0000053,CUST000127,delivered,2018-03-22,2018-03-23,2018-03-26,2018-04-09,2018-04-06
ORD0000054,CUST000743,delivered,2017-04-29,2017-04-29,2017-05-03,2017-05-07,2017-05-25
ORD0000055,CUST000413,delivered,2018-05-06,2018-05-06,2018-05-10,2018-05-23,2018-05-25
ORD0000056,CUST000286,delivered,2017-11-02,2017-11-02,2017-11-03,2017-11-11,2017-11-22
ORD0000057,CUST000297,invoiced,2017-02-24,2017-02-25,2017-03-01,2017-03-14,2017-03-24
ORD0000058,CUST000674,delivered,2018-04-10,2018-04-11,2018-04-15,2018-04-19,2018-05-04
ORD0000059,CUST000204,delivered,2018-06-01,2018-06-02,2018-06-04,2018-06-12,2018-06-25
ORD0000060,CUST000291,delivered,2018-01-04,2018-01-04,2018-01-05,2018-01-18,2018-01-17
ORD0000061,CUST000183,delivered,2017-09-16,2017-09-17,2017-09-20,2017-09-28,2017-10-09
ORD0000062,CUST000781,delivered,2017-03-15,2017-03-15,2017-03-17,2017-03-23,2017-04-12
ORD0000063,CUST000237,delivered,2017-08-15,2017-08-16,2017-08-20,2017-08-24,2017-08-26
ORD0000064,CUST000452,delivered,2017-03-31,2017-04-01,2017-04-04,2017-04-09,2017-04-22
ORD0000065,CUST000626,delivered,2017-12-13,2017-12-14,2017-12-16,2017-12-28,2018-01-07
ORD0000066,CUST000686,delivered,2017-08-27,2017-08-28,2017-08-30,2017-09-09,2017-09-23
ORD0000067,CUST000672,delivered,2017-11-03,2017-11-04,2017-11-07,2017-11-16,2017-11-16
ORD0000068,CUST000721,delivered,2017-02-22,2017-02-23,2017-02-27,2017-03-04,2017-03-08
ORD0000069,CUST000690,canceled,2018-03-23,2018-03-23,2018-03-25,2018-04-01,2018-04-19
ORD0000070,CUST000799,delivered,2017-04-07,2017-04-07,2017-04-09,2017-04-14,2017-04-27
ORD0000071,CUST000419,delivered,2018-03-18,2018-03-18,2018-03-20,2018-03-26,2018-04-05
ORD0000072,CUST000448,shipped,2017-12-27,2017-12-27,2017-12-31,2018-01-05,2018-01-20
ORD0000073,CUST000563,delivered,2018-06-07,2018-06-08,2018-06-09,2018-06-20,2018-07-04
ORD0000074,CUST000343,delivered,2018-05-29,2018-05-29,2018-06-01,2018-06-11,2018-06-22
ORD0000075,CUST000667,delivered,2017-06-27,2017-06-27,2017-06-29,2017-07-08,2017-07-21
ORD0000076,CUST000564,delivered,2018-03-17,2018-03-17,2018-03-20,2018-03-25,2018-03-28
ORD0000077,CUST000143,delivered,2018-03-10,2018-03-10,2018-03-13,2018-03-21,2018-03-29
ORD0000078,CUST000760,delivered,2017-07-21,2017-07-21,2017-07-25,2017-08-02,2017-08-04
ORD0000079,CUST000269,shipped,2018-03-31,2018-04-01,2018-04-04,2018-04-08,2018-04-19
ORD0000080,CUST000789,delivered,2017-09-18,2017-09-19,2017-09-20,2017-10-02,2017-09-29
ORD0000081,CUST000619,delivered,2017-09-19,2017-09-19,2017-09-23,2017-09-27,2017-10-12
ORD0000082,CUST000279,delivered,2018-03-04,2018-03-05,2018-03-06,2018-03-18,2018-03-20
ORD0000083,CUST000617,delivered,2017-01-07,2017-01-08,2017-01-10,2017-01-14,2017-02-05
ORD0000084,CUST000158,canceled,2018-01-02,2018-01-03,2018-01-05,2018-01-17,2018-01-17
ORD0000085,CUST000474,invoiced,2017-08-23,2017-08-23,2017-08-26,2017-09-01,2017-09-20
ORD0000086,CUST000081,shipped,2017-04-29,2017-04-30,2017-05-04,2017-05-10,2017-05-22
ORD0000087,CUST000711,delivered,2018-04-16,2018-04-17,2018-04-18,2018-04-27,2018-05-08
ORD0000088,CUST000334,delivered,2017-11-13,2017-11-14,2017-11-18,2017-11-30,2017-12-11
ORD0000089,CUST000429,delivered,2018-03-13,2018-03-14,2018-03-18,2018-03-28,2018-04-02
ORD0000090,CUST000729,delivered,2018-05-29,2018-05-30,2018-05-31,2018-06-09,2018-06-11
ORD0000091,CUST000511,delivered,2018-06-11,2018-06-12,2018-06-13,2018-06-16,2018-06-26
ORD0000092,CUST000309,shipped,2017-11-21,2017-11-22,2017-11-24,2017-11-28,2017-12-18
ORD0000093,CUST000363,delivered,2017-06-23,2017-06-24,2017-06-28,2017-07-07,2017-07-18
ORD0000094,CUST000483,delivered,2017-02-09,2017-02-10,2017-02-12,2017-02-16,2017-03-01
ORD0000095,CUST000253,delivered,2017-01-18,2017-01-18,2017-01-22,2017-01-25,2017-02-05
ORD0000096,CUST000503,delivered,2018-02-03,2018-02-03,2018-02-05,2018-02-08,2018-03-02
ORD0000097,CUST000782,delivered,2018-01-13,2018-01-14,2018-01-18,2018-01-24,2018-01-27
ORD0000098,CUST000626,delivered,2017-06-23,2017-06-23,2017-06-25,2017-07-08,2017-07-12
ORD0000099,CUST000230,delivered,2018-07-10,2018-07-10,2018-07-12,2018-07-17,2018-07-29
ORD0000100,CUST000757,delivered,2017-06-19,2017-06-19,2017-06-22,2017-07-03,2017-07-18
ORD0000101,CUST000079,delivered,2017-12-13,2017-12-13,2017-12-15,2017-12-26,2018-01-02
ORD0000102,CUST000389,delivered,2018-03-21,2018-03-22,2018-03-23,2018-04-02,2018-04-19
ORD0000103,CUST000741,delivered,2017-09-25,2017-09-25,2017-09-29,2017-10-06,2017-10-09
ORD0000104,CUST000068,delivered,2017-12-04,2017-12-05,2017-12-07,2017-12-12,2017-12-19
ORD0000105,CUST000434,shipped,2018-03-22,2018-03-22,2018-03-26,2018-04-07,2018-04-14
ORD0000106,CUST000514,delivered,2017-01-20,2017-01-21,2017-01-25,2017-02-04,2017-02-17
ORD0000107,CUST000409,delivered,2017-11-21,2017-11-21,2017-11-25,2017-12-05,2017-12-01
ORD0000108,CUST000544,delivered,2018-04-12,2018-04-12,2018-04-13,2018-04-18,2018-05-06
ORD0000109,CUST000700,delivered,2017-01-24,2017-01-25,2017-01-28,2017-02-06,2017-02-13
ORD0000110,CUST000003,delivered,2017-09-18,2017-09-19,2017-09-21,2017-10-01,2017-10-12
ORD0000111,CUST000218,delivered,2018-05-09,2018-05-10,2018-05-11,2018-05-20,2018-06-03
ORD0000112,CUST000105,delivered,2018-04-08,2018-04-09,2018-04-12,2018-04-23,2018-04-21
ORD0000113,CUST000174,shipped,2017-12-17,2017-12-18,2017-12-19,2018-01-01,2018-01-10
ORD0000114,CUST000033,delivered,2017-02-24,2017-02-24,2017-02-26,2017-03-06,2017-03-21
ORD0000115,CUST000483,delivered,2017-06-08,2017-06-09,2017-06-12,2017-06-20,2017-06-29
ORD0000116,CUST000744,delivered,2017-01-22,2017-01-22,2017-01-26,2017-02-03,2017-02-18
ORD0000117,CUST000381,delivered,2017-07-30,2017-07-30,2017-08-01,2017-08-09,2017-08-22
ORD0000118,CUST000310,delivered,2017-11-24,2017-11-24,2017-11-26,2017-12-06,2017-12-13
ORD0000119,CUST000567,delivered,2017-02-17,2017-02-17,2017-02-19,2017-02-23,2017-03-14
ORD0000120,CUST000502,delivered,2018-05-23,2018-05-24,2018-05-27,2018-06-06,2018-06-13
ORD0000121,CUST000698,delivered,2017-03-30,2017-03-31,2017-04-02,2017-04-14,2017-04-23
ORD0000122,CUST000542,delivered,2017-05-24,2017-05-24,2017-05-25,2017-05-28,2017-06-11
ORD0000123,CUST000621,delivered,2018-03-12,2018-03-13,2018-03-16,2018-03-24,2018-03-24
ORD0000124,CUST000683,canceled,2017-11-11,2017-11-12,2017-11-16,2017-11-27,2017-11-29
ORD0000125,CUST000375,delivered,2017-05-20,2017-05-21,2017-05-24,2017-06-02,2017-06-03
ORD0000126,CUST000578,delivered,2017-04-24,2017-04-25,2017-04-27,2017-05-08,2017-05-22
ORD0000127,CUST000135,delivered,2018-03-27,2018-03-28,2018-03-29,2018-04-01,2018-04-25
ORD0000128,CUST000542,delivered,2017-10-13,2017-10-13,2017-10-14,2017-10-27,2017-10-31
ORD0000129,CUST000171,delivered,2017-06-05,2017-06-05,2017-06-06,2017-06-09,2017-06-20
ORD0000130,CUST000460,delivered,2017-05-27,2017-05-27,2017-05-30,2017-06-05,2017-06-10
ORD0000131,CUST000213,delivered,2017-07-02,2017-07-02,2017-07-04,2017-07-07,2017-07-30
ORD0000132,CUST000240,delivered,2017-04-15,2017-04-16,2017-04-17,2017-05-01,2017-05-07
ORD0000133,CUST000725,delivered,2017-10-17,2017-10-18,2017-10-20,2017-11-01,2017-11-06
ORD0000134,CUST000107,delivered,2017-02-07,2017-02-08,2017-02-09,2017-02-17,2017-03-08
ORD0000135,CUST000465,shipped,2018-01-19,2018-01-19,2018-01-22,2018-01-25,2018-02-04
ORD0000136,CUST000213,shipped,2017-01-11,2017-01-11,2017-01-13,2017-01-26,2017-02-06
ORD0000137,CUST000728,delivered,2017-11-22,2017-11-22,2017-11-25,2017-12-05,2017-12-17
ORD0000138,CUST000512,delivered,2018-06-22,2018-06-23,2018-06-26,2018-07-04,2018-07-02
ORD0000139,CUST000495,delivered,2017-08-04,2017-08-05,2017-08-07,2017-08-19,2017-08-26
ORD0000140,CUST000333,delivered,2017-05-18,2017-05-19,2017-05-22,2017-05-27,2017-05-31
ORD0000141,CUST000387,delivered,2018-01-02,2018-01-02,2018-01-06,2018-01-09,2018-01-12
ORD0000142,CUST000137,delivered,2017-01-01,2017-01-01,2017-01-05,2017-01-08,2017-01-16
ORD0000143,CUST000658,delivered,2017-08-11,2017-08-11,2017-08-13,2017-08-22,2017-08-30
ORD0000144,CUST000545,delivered,2017-10-18,2017-10-18,2017-10-21,2017-11-03,2017-11-14
ORD0000145,CUST000405,delivered,2018-03-12,2018-03-12,2018-03-16,2018-03-28,2018-03-30
ORD0000146,CUST000367,delivered,2018-08-06,2018-08-06,2018-08-08,2018-08-21,2018-08-27
ORD0000147,CUST000505,delivered,2018-02-28,2018-02-28,2018-03-01,2018-03-06,2018-03-16
ORD0000148,CUST000090,delivered,2018-04-15,2018-04-15,2018-04-19,2018-04-28,2018-05-02
ORD0000149,CUST000350,delivered,2017-02-13,2017-02-14,2017-02-17,2017-02-24,2017-03-06
ORD0000150,CUST000392,delivered,2018-03-26,2018-03-26,2018-03-29,2018-04-07,2018-04-09
ORD0000151,CUST000127,delivered,2017-10-17,2017-10-17,2017-10-19,2017-10-31,2017-11-14
ORD0000152,CUST000093,delivered,2018-03-02,2018-03-02,2018-03-06,2018-03-14,2018-03-24
ORD0000153,CUST000104,delivered,2017-01-26,2017-01-27,2017-01-28,2017-02-06,2017-02-21
ORD0000154,CUST000553,delivered,2018-06-13,2018-06-14,2018-06-16,2018-06-21,2018-06-23
ORD0000155,CUST000214,delivered,2017-07-19,2017-07-19,2017-07-21,2017-07-28,2017-08-09
ORD0000156,CUST000496,shipped,2017-05-03,2017-05-04,2017-05-07,2017-05-20,2017-05-30
ORD0000157,CUST000133,shipped,2017-05-29,2017-05-29,2017-06-01,2017-06-08,2017-06-25
ORD0000158,CUST000247,delivered,2018-05-29,2018-05-29,2018-06-02,2018-06-14,2018-06-17
ORD0000159,CUST000143,delivered,2018-02-03,2018-02-03,2018-02-06,2018-02-15,2018-02-13
ORD0000160,CUST000368,delivered,2017-05-09,2017-05-09,2017-05-11,2017-05-14,2017-05-29
ORD0000161,CUST000640,delivered,2017-01-21,2017-01-22,2017-01-25,2017-02-08,2017-02-14
ORD0000162,CUST000702,delivered,2018-01-22,2018-01-22,2018-01-23,2018-01-31,2018-02-14
ORD0000163,CUST000152,delivered,2017-12-05,2017-12-05,2017-12-06,2017-12-15,2017-12-31
ORD0000164,CUST000107,delivered,2018-06-01,2018-06-01,2018-06-05,2018-06-13,2018-06-17
ORD0000165,CUST000129,delivered,2018-05-11,2018-05-11,2018-05-15,2018-05-29,2018-06-02
ORD0000166,CUST000010,invoiced,2018-05-20,2018-05-20,2018-05-21,2018-05-29,2018-06-14
ORD0000167,CUST000040,delivered,2018-06-14,2018-06-14,2018-06-18,2018-06-26,2018-07-07
ORD0000168,CUST000702,delivered,2017-03-18,2017-03-18,2017-03-22,2017-03-31,2017-04-14
ORD0000169,CUST000087,delivered,2017-08-10,2017-08-11,2017-08-15,2017-08-29,2017-09-07
ORD0000170,CUST000505,delivered,2017-08-02,2017-08-03,2017-08-06,2017-08-16,2017-08-21
ORD0000171,CUST000099,delivered,2018-06-04,2018-06-04,2018-06-07,2018-06-17,2018-06-26
ORD0000172,CUST000221,shipped,2017-05-30,2017-05-30,2017-06-03,2017-06-15,2017-06-27
ORD0000173,CUST000308,delivered,2017-04-05,2017-04-06,2017-04-08,2017-04-16,2017-04-20
ORD0000174,CUST000154,invoiced,2017-06-19,2017-06-19,2017-06-22,2017-07-01,2017-06-29
ORD0000175,CUST000413,delivered,2018-02-25,2018-02-26,2018-03-01,2018-03-04,2018-03-19
ORD0000176,CUST000432,delivered,2017-03-29,2017-03-29,2017-04-01,2017-04-15,2017-04-14
ORD0000177,CUST000216,delivered,2018-01-15,2018-01-16,2018-01-18,2018-01-29,2018-02-12
ORD0000178,CUST000001,delivered,2018-04-18,2018-04-19,2018-04-20,2018-04-28,2018-05-01
ORD0000179,CUST000642,delivered,2018-01-02,2018-01-02,2018-01-06,2018-01-19,2018-01-21
ORD0000180,CUST000368,delivered,2018-08-14,2018-08-14,2018-08-15,2018-08-23,2018-09-10
ORD0000181,CUST000043,delivered,2018-05-20,2018-05-20,2018-05-23,2018-05-30,2018-06-14
ORD0000182,CUST000468,delivered,2017-01-25,2017-01-25,2017-01-27,2017-01-31,2017-02-16
ORD0000183,CUST000544,delivered,2018-04-23,2018-04-23,2018-04-24,2018-05-01,2018-05-18
ORD0000184,CUST000332,delivered,2017-06-05,2017-06-05,2017-06-08,2017-06-18,2017-07-01
ORD0000185,CUST000345,delivered,2017-06-17,2017-06-18,2017-06-19,2017-07-02,2017-06-28
ORD0000186,CUST000036,delivered,2018-02-27,2018-02-28,2018-03-02,2018-03-14,2018-03-23
ORD0000187,CUST000797,delivered,2017-12-15,2017-12-15,2017-12-18,2017-12-27,2018-01-10
ORD0000188,CUST000006,delivered,2018-05-04,2018-05-05,2018-05-08,2018-05-20,2018-05-16
ORD0000189,CUST000339,invoiced,2018-05-29,2018-05-30,2018-06-03,2018-06-11,2018-06-10
ORD0000190,CUST000363,delivered,2017-12-05,2017-12-05,2017-12-07,2017-12-14,2018-01-01
ORD0000191,CUST000151,delivered,2018-08-11,2018-08-11,2018-08-15,2018-08-24,2018-09-09
ORD0000192,CUST000384,delivered,2018-06-04,2018-06-04,2018-06-06,2018-06-18,2018-06-20
ORD0000193,CUST000252,delivered,2018-02-14,2018-02-15,2018-02-19,2018-02-27,2018-03-02
ORD0000194,CUST000780,delivered,2018-03-23,2018-03-23,2018-03-26,2018-04-02,2018-04-17
ORD0000195,CUST000388,delivered,2018-03-24,2018-03-24,2018-03-27,2018-04-01,2018-04-11
ORD0000196,CUST000253,delivered,2017-07-21,2017-07-22,2017-07-23,2017-07-28,2017-08-05
ORD0000197,CUST000702,canceled,2018-06-28,2018-06-28,2018-07-01,2018-07-11,2018-07-13
ORD0000198,CUST000687,delivered,2017-02-05,2017-02-06,2017-02-08,2017-02-11,2017-02-21
ORD0000199,CUST000236,delivered,2017-01-07,2017-01-08,2017-01-12,2017-01-21,2017-02-03
ORD0000200,CUST000141,delivered,2017-07-24,2017-07-24,2017-07-25,2017-07-31,2017-08-18
ORD0000201,CUST000000,delivered,2017-05-18,2017-05-19,2017-05-23,2017-06-06,2017-06-10
ORD0000202,CUST000766,delivered,2017-07-26,2017-07-27,2017-07-28,2017-08-11,2017-08-21
ORD0000203,CUST000496,delivered,2017-06-10,2017-06-11,2017-06-15,2017-06-24,2017-07-04
ORD0000204,CUST000296,delivered,2018-06-12,2018-06-12,2018-06-15,2018-06-21,2018-06-27
ORD0000205,CUST000059,delivered,2018-04-28,2018-04-28,2018-04-30,2018-05-04,2018-05-08
ORD0000206,CUST000182,delivered,2018-07-21,2018-07-21,2018-07-22,2018-08-03,2018-08-17
ORD0000207,CUST000544,delivered,2017-02-16,2017-02-17,2017-02-18,2017-02-21,2017-03-04
ORD0000208,CUST000058,delivered,2017-05-03,2017-05-04,2017-05-05,2017-05-15,2017-05-14
ORD0000209,CUST000614,delivered,2017-12-10,2017-12-10,2017-12-11,2017-12-18,2017-12-25
ORD0000210,CUST000000,delivered,2017-10-15,2017-10-15,2017-10-17,2017-10-25,2017-10-31
ORD0000211,CUST000410,delivered,2017-05-20,2017-05-20,2017-05-23,2017-05-28,2017-06-03
ORD0000212,CUST000456,delivered,2017-07-28,2017-07-28,2017-07-29,2017-08-01,2017-08-13
ORD0000213,CUST000616,delivered,2017-07-13,2017-07-13,2017-07-17,2017-07-22,2017-08-06
ORD0000214,CUST000125,delivered,2018-01-03,2018-01-03,2018-01-06,2018-01-19,2018-01-17
ORD0000215,CUST000788,delivered,2017-03-12,2017-03-12,2017-03-14,2017-03-21,2017-04-08
ORD0000216,CUST000655,delivered,2018-07-30,2018-07-30,2018-08-01,2018-08-12,2018-08-20
ORD0000217,CUST000489,delivered,2018-01-18,2018-01-19,2018-01-20,2018-01-24,2018-01-30
ORD0000218,CUST000570,delivered,2017-08-20,2017-08-21,2017-08-23,2017-08-28,2017-09-13
ORD0000219,CUST000680,delivered,2017-03-22,2017-03-23,2017-03-26,2017-04-01,2017-04-15
ORD0000220,CUST000765,delivered,2017-10-25,2017-10-26,2017-10-30,2017-11-11,2017-11-20
ORD0000221,CUST000458,delivered,2017-06-07,2017-06-07,2017-06-11,2017-06-14,2017-07-01
ORD0000222,CUST000669,delivered,2017-11-04,2017-11-04,2017-11-07,2017-11-15,2017-11-20
ORD0000223,CUST000035,invoiced,2018-01-02,2018-01-02,2018-01-03,2018-01-06,2018-01-24
ORD0000224,CUST000628,delivered,2017-02-02,2017-02-02,2017-02-04,2017-02-15,2017-02-17
ORD0000225,CUST000668,canceled,2017-01-02,2017-01-02,2017-01-06,2017-01-14,2017-01-18
ORD0000226,CUST000544,delivered,2017-10-25,2017-10-26,2017-10-30,2017-11-06,2017-11-18
ORD0000227,CUST000379,delivered,2017-02-26,2017-02-27,2017-02-28,2017-03-14,2017-03-13
ORD0000228,CUST000729,delivered,2018-03-04,2018-03-04,2018-03-07,2018-03-16,2018-03-16
ORD0000229,CUST000193,delivered,2018-06-10,2018-06-10,2018-06-14,2018-06-18,2018-07-07
ORD0000230,CUST000793,delivered,2018-01-11,2018-01-11,2018-01-15,2018-01-20,2018-01-22
ORD0000231,CUST000707,delivered,2017-01-08,2017-01-09,2017-01-11,2017-01-24,2017-02-01
ORD0000232,CUST000576,delivered,2018-04-10,2018-04-10,2018-04-11,2018-04-23,2018-05-05
ORD0000233,CUST000716,delivered,2018-02-15,2018-02-15,2018-02-19,2018-03-03,2018-03-02
ORD0000234,CUST000051,delivered,2017-11-11,2017-11-11,2017-11-14,2017-11-27,2017-11-29
ORD0000235,CUST000758,delivered,2018-06-10,2018-06-11,2018-06-13,2018-06-25,2018-06-22
ORD0000236,CUST000422,delivered,2017-10-01,2017-10-02,2017-10-03,2017-10-11,2017-10-14
ORD0000237,CUST000664,delivered,2017-06-13,2017-06-14,2017-06-16,2017-06-26,2017-07-01
ORD0000238,CUST000749,shipped,2018-05-08,2018-05-09,2018-05-13,2018-05-25,2018-06-01
ORD0000239,CUST000414,delivered,2017-01-12,2017-01-12,2017-01-13,2017-01-25,2017-01-29
ORD0000240,CUST000039,shipped,2018-07-12,2018-07-12,2018-07-16,2018-07-21,2018-08-09
ORD0000241,CUST000183,delivered,2017-03-21,2017-03-22,2017-03-23,2017-03-30,2017-04-02
ORD0000242,CUST000023,delivered,2017-04-25,2017-04-25,2017-04-29,2017-05-03,2017-05-23
ORD0000243,CUST000638,delivered,2017-01-22,2017-01-23,2017-01-26,2017-01-29,2017-02-04
ORD0000244,CUST000583,delivered,2017-09-28,2017-09-29,2017-10-02,2017-10-15,2017-10-27
ORD0000245,CUST000371,invoiced,2018-08-24,2018-08-25,2018-08-27,2018-09-01,2018-09-05
ORD0000246,CUST000141,delivered,2017-03-26,2017-03-27,2017-03-30,2017-04-13,2017-04-15
ORD0000247,CUST000370,delivered,2017-07-05,2017-07-06,2017-07-07,2017-07-11,2017-07-18
ORD0000248,CUST000348,delivered,2018-01-23,2018-01-24,2018-01-28,2018-02-07,2018-02-16
ORD0000249,CUST000401,delivered,2017-12-04,2017-12-04,2017-12-06,2017-12-13,2017-12-24
ORD0000250,CUST000096,delivered,2018-06-03,2018-06-04,2018-06-06,2018-06-12,2018-06-18
ORD0000251,CUST000648,canceled,2018-06-18,2018-06-19,2018-06-20,2018-06-30,2018-07-16
ORD0000252,CUST000345,delivered,2017-11-06,2017-11-07,2017-11-09,2017-11-14,2017-11-18
ORD0000253,CUST000693,delivered,2018-01-07,2018-01-08,2018-01-10,2018-01-24,2018-01-19
ORD0000254,CUST000333,delivered,2018-02-13,2018-02-13,2018-02-17,2018-02-25,2018-03-07
ORD0000255,CUST000551,delivered,2017-03-06,2017-03-06,2017-03-09,2017-03-15,2017-03-19
ORD0000256,CUST000065,delivered,2017-02-23,2017-02-24,2017-02-26,2017-03-12,2017-03-20
ORD0000257,CUST000340,delivered,2017-07-28,2017-07-28,2017-07-31,2017-08-03,2017-08-26
ORD0000258,CUST000213,delivered,2018-02-06,2018-02-07,2018-02-10,2018-02-21,2018-03-02
ORD0000259,CUST000667,delivered,2017-10-07,2017-10-07,2017-10-11,2017-10-18,2017-10-29
ORD0000260,CUST000088,delivered,2017-05-17,2017-05-18,2017-05-19,2017-05-29,2017-06-08
ORD0000261,CUST000082,delivered,2017-01-15,2017-01-16,2017-01-20,2017-01-27,2017-02-01
ORD0000262,CUST000224,delivered,2017-07-10,2017-07-11,2017-07-13,2017-07-24,2017-07-31
ORD0000263,CUST000399,delivered,2017-12-18,2017-12-18,2017-12-22,2018-01-03,2018-01-09
ORD0000264,CUST000015,delivered,2018-06-24,2018-06-24,2018-06-26,2018-07-06,2018-07-10
ORD0000265,CUST000677,delivered,2018-06-09,2018-06-10,2018-06-13,2018-06-24,2018-06-27
ORD0000266,CUST000231,canceled,2017-05-10,2017-05-11,2017-05-12,2017-05-18,2017-06-04
ORD0000267,CUST000285,delivered,2017-01-30,2017-01-30,2017-02-01,2017-02-15,2017-02-17
ORD0000268,CUST000031,delivered,2018-06-01,2018-06-02,2018-06-05,2018-06-16,2018-06-30
ORD0000269,CUST000200,delivered,2017-09-16,2017-09-16,2017-09-20,2017-09-28,2017-10-08
ORD0000270,CUST000052,delivered,2017-04-28,2017-04-28,2017-04-29,2017-05-02,2017-05-18
ORD0000271,CUST000401,delivered,2018-03-12,2018-03-13,2018-03-17,2018-03-31,2018-03-22
ORD0000272,CUST000166,delivered,2017-01-23,2017-01-23,2017-01-27,2017-01-30,2017-02-03
ORD0000273,CUST000325,delivered,2017-03-06,2017-03-06,2017-03-09,2017-03-19,2017-03-27
ORD0000274,CUST000205,invoiced,2018-02-14,2018-02-15,2018-02-17,2018-02-20,2018-03-05
ORD0000275,CUST000203,delivered,2017-12-07,2017-12-08,2017-12-10,2017-12-16,2017-12-28
ORD0000276,CUST000284,delivered,2018-01-10,2018-01-10,2018-01-14,2018-01-17,2018-01-24
ORD0000277,CUST000390,canceled,2017-09-29,2017-09-29,2017-10-01,2017-10-15,2017-10-18
ORD0000278,CUST000734,delivered,2017-06-17,2017-06-18,2017-06-21,2017-07-05,2017-07-08
ORD0000279,CUST000204,delivered,2018-05-09,2018-05-09,2018-05-12,2018-05-25,2018-05-27
ORD0000280,CUST000611,delivered,2018-04-10,2018-04-11,2018-04-15,2018-04-23,2018-04-30
ORD0000281,CUST000517,delivered,2018-08-27,2018-08-27,2018-08-28,2018-09-04,2018-09-13
ORD0000282,CUST000643,delivered,2018-05-20,2018-05-21,2018-05-24,2018-06-01,2018-06-13
ORD0000283,CUST000165,delivered,2017-12-25,2017-12-26,2017-12-28,2018-01-02,2018-01-06
ORD0000284,CUST000661,invoiced,2017-11-20,2017-11-21,2017-11-24,2017-11-28,2017-11-30
ORD0000285,CUST000080,shipped,2017-01-22,2017-01-22,2017-01-23,2017-02-05,2017-02-14
ORD0000286,CUST000635,delivered,2018-03-25,2018-03-25,2018-03-29,2018-04-07,2018-04-14
ORD0000287,CUST000259,delivered,2017-06-09,2017-06-09,2017-06-12,2017-06-17,2017-06-22
ORD0000288,CUST000626,delivered,2018-04-18,2018-04-19,2018-04-23,2018-05-02,2018-04-28
ORD0000289,CUST000227,delivered,2018-07-20,2018-07-21,2018-07-23,2018-07-30,2018-08-12
ORD0000290,CUST000081,delivered,2017-04-12,2017-04-13,2017-04-15,2017-04-24,2017-04-22
ORD0000291,CUST000620,delivered,2018-02-15,2018-02-15,2018-02-16,2018-02-19,2018-03-10
ORD0000292,CUST000121,delivered,2017-03-09,2017-03-10,2017-03-12,2017-03-21,2017-03-23
ORD0000293,CUST000187,delivered,2017-01-19,2017-01-19,2017-01-21,2017-01-24,2017-01-30
ORD0000294,CUST000237,delivered,2018-02-19,2018-02-19,2018-02-21,2018-03-04,2018-03-11
ORD0000295,CUST000753,delivered,2017-04-21,2017-04-21,2017-04-23,2017-04-28,2017-05-01
ORD0000296,CUST000063,delivered,2017-09-17,2017-09-18,2017-09-19,2017-09-24,2017-10-07
ORD0000297,CUST000622,delivered,2017-11-06,2017-11-06,2017-11-10,2017-11-14,2017-12-01
ORD0000298,CUST000378,delivered,2017-07-19,2017-07-20,2017-07-23,2017-07-26,2017-08-11
ORD0000299,CUST000688,shipped,2018-07-19,2018-07-20,2018-07-23,2018-08-02,2018-08-15
ORD0000300,CUST000468,delivered,2018-01-05,2018-01-06,2018-01-07,2018-01-19,2018-01-25
ORD0000301,CUST000610,delivered,2018-05-17,2018-05-18,2018-05-22,2018-05-31,2018-05-30
ORD0000302,CUST000364,delivered,2017-06-23,2017-06-24,2017-06-27,2017-06-30,2017-07-22
ORD0000303,CUST000365,invoiced,2017-04-01,2017-04-01,2017-04-05,2017-04-18,2017-04-29
ORD0000304,CUST000112,invoiced,2017-05-19,2017-05-20,2017-05-24,2017-06-03,2017-06-14
ORD0000305,CUST000252,delivered,2017-01-15,2017-01-16,2017-01-17,2017-01-25,2017-02-09
ORD0000306,CUST000442,delivered,2018-04-15,2018-04-15,2018-04-17,2018-05-01,2018-05-05
ORD0000307,CUST000487,delivered,2017-08-16,2017-08-17,2017-08-18,2017-08-26,2017-09-01
ORD0000308,CUST000239,shipped,2017-09-09,2017-09-10,2017-09-11,2017-09-22,2017-09-19
ORD0000309,CUST000783,delivered,2018-03-13,2018-03-13,2018-03-14,2018-03-21,2018-03-27
ORD0000310,CUST000125,delivered,2017-06-11,2017-06-11,2017-06-13,2017-06-21,2017-07-02
ORD0000311,CUST000155,delivered,2017-03-18,2017-03-18,2017-03-19,2017-03-25,2017-04-01
ORD0000312,CUST000713,delivered,2017-03-31,2017-03-31,2017-04-01,2017-04-11,2017-04-22
ORD0000313,CUST000454,delivered,2017-06-05,2017-06-05,2017-06-06,2017-06-18,2017-06-29
ORD0000314,CUST000578,delivered,2018-02-13,2018-02-13,2018-02-14,2018-02-21,2018-03-01
ORD0000315,CUST000390,delivered,2017-05-13,2017-05-14,2017-05-18,2017-05-28,2017-06-04
ORD0000316,CUST000194,shipped,2017-03-23,2017-03-24,2017-03-28,2017-04-08,2017-04-04
ORD0000317,CUST000421,invoiced,2017-11-24,2017-11-24,2017-11-26,2017-12-06,2017-12-07
ORD0000318,CUST000433,delivered,2018-02-16,2018-02-16,2018-02-19,2018-02-25,2018-03-11
ORD0000319,CUST000132,shipped,2017-06-30,2017-06-30,2017-07-04,2017-07-15,2017-07-22
ORD0000320,CUST000509,delivered,2018-04-03,2018-04-03,2018-04-06,2018-04-18,2018-04-22
ORD0000321,CUST000110,delivered,2018-06-02,2018-06-02,2018-06-05,2018-06-17,2018-06-20
ORD0000322,CUST000246,delivered,2018-06-28,2018-06-29,2018-06-30,2018-07-11,2018-07-12
ORD0000323,CUST000731,delivered,2018-03-04,2018-03-04,2018-03-08,2018-03-15,2018-03-19
ORD0000324,CUST000322,shipped,2018-02-04,2018-02-05,2018-02-09,2018-02-16,2018-02-27
ORD0000325,CUST000001,delivered,2017-09-15,2017-09-15,2017-09-19,2017-10-03,2017-09-26
ORD0000326,CUST000688,delivered,2017-02-18,2017-02-18,2017-02-21,2017-03-04,2017-03-19
ORD0000327,CUST000224,delivered,2018-02-10,2018-02-10,2018-02-14,2018-02-23,2018-02-20
ORD0000328,CUST000705,delivered,2017-12-04,2017-12-04,2017-12-07,2017-12-21,2018-01-01
ORD0000329,CUST000575,delivered,2017-11-08,2017-11-08,2017-11-09,2017-11-20,2017-12-03
ORD0000330,CUST000050,delivered,2017-04-03,2017-04-04,2017-04-06,2017-04-16,2017-04-26
ORD0000331,CUST000650,delivered,2018-06-12,2018-06-12,2018-06-16,2018-06-25,2018-06-24
ORD0000332,CUST000284,delivered,2018-08-30,2018-08-30,2018-08-31,2018-09-05,2018-09-17
ORD0000333,CUST000549,delivered,2018-06-10,2018-06-11,2018-06-12,2018-06-25,2018-07-03
ORD0000334,CUST000127,delivered,2017-01-11,2017-01-11,2017-01-15,2017-01-29,2017-02-05
ORD0000335,CUST000511,delivered,2017-02-28,2017-02-28,2017-03-03,2017-03-15,2017-03-15
ORD0000336,CUST000011,delivered,2017-10-31,2017-11-01,2017-11-03,2017-11-09,2017-11-26
ORD0000337,CUST000116,delivered,2017-06-18,2017-06-18,2017-06-21,2017-06-30,2017-07-03
ORD0000338,CUST000288,delivered,2017-03-22,2017-03-23,2017-03-24,2017-04-06,2017-04-05
ORD0000339,CUST000051,delivered,2017-04-12,2017-04-13,2017-04-16,2017-04-24,2017-05-05
ORD0000340,CUST000310,shipped,2017-07-05,2017-07-05,2017-07-09,2017-07-22,2017-08-02
ORD0000341,CUST000463,delivered,2018-01-13,2018-01-14,2018-01-18,2018-01-25,2018-01-26
ORD0000342,CUST000465,delivered,2017-10-11,2017-10-12,2017-10-15,2017-10-19,2017-10-23
ORD0000343,CUST000777,delivered,2017-07-05,2017-07-05,2017-07-09,2017-07-17,2017-07-18
ORD0000344,CUST000485,delivered,2018-02-22,2018-02-23,2018-02-25,2018-03-08,2018-03-15
ORD0000345,CUST000421,delivered,2017-08-29,2017-08-30,2017-08-31,2017-09-08,2017-09-24
ORD0000346,CUST000645,delivered,2017-04-16,2017-04-16,2017-04-18,2017-04-25,2017-04-30
ORD0000347,CUST000627,delivered,2018-03-14,2018-03-15,2018-03-19,2018-03-30,2018-04-03
ORD0000348,CUST000535,shipped,2017-04-08,2017-04-09,2017-04-12,2017-04-26,2017-05-02
ORD0000349,CUST000696,delivered,2018-05-19,2018-05-19,2018-05-23,2018-05-29,2018-06-05
ORD0000350,CUST000654,delivered,2017-11-04,2017-11-05,2017-11-08,2017-11-20,2017-12-01
ORD0000351,CUST000638,delivered,2017-05-28,2017-05-29,2017-05-31,2017-06-04,2017-06-13
ORD0000352,CUST000609,delivered,2017-11-05,2017-11-05,2017-11-07,2017-11-16,2017-11-17
ORD0000353,CUST000279,delivered,2017-05-23,2017-05-24,2017-05-28,2017-06-04,2017-06-21
ORD0000354,CUST000776,delivered,2017-03-09,2017-03-09,2017-03-12,2017-03-22,2017-03-28
ORD0000355,CUST000639,shipped,2018-05-10,2018-05-11,2018-05-14,2018-05-28,2018-06-03
ORD0000356,CUST000714,delivered,2017-03-14,2017-03-14,2017-03-18,2017-04-01,2017-04-01
ORD0000357,CUST000233,delivered,2017-04-09,2017-04-10,2017-04-14,2017-04-23,2017-04-21
ORD0000358,CUST000411,shipped,2017-05-31,2017-05-31,2017-06-01,2017-06-10,2017-06-17
ORD0000359,CUST000028,delivered,2017-01-21,2017-01-21,2017-01-22,2017-02-03,2017-02-02
ORD0000360,CUST000468,delivered,2017-01-07,2017-01-07,2017-01-08,2017-01-15,2017-02-01
ORD0000361,CUST000334,shipped,2018-05-04,2018-05-04,2018-05-08,2018-05-19,2018-05-31
ORD0000362,CUST000104,shipped,2017-11-01,2017-11-01,2017-11-03,2017-11-06,2017-11-19
ORD0000363,CUST000732,shipped,2017-09-22,2017-09-22,2017-09-23,2017-10-01,2017-10-02
ORD0000364,CUST000030,delivered,2017-05-16,2017-05-16,2017-05-20,2017-05-24,2017-06-13
ORD0000365,CUST000424,delivered,2017-05-12,2017-05-13,2017-05-14,2017-05-18,2017-06-03
ORD0000366,CUST000361,delivered,2018-06-22,2018-06-23,2018-06-25,2018-06-28,2018-07-09
ORD0000367,CUST000349,delivered,2017-11-20,2017-11-21,2017-11-22,2017-11-29,2017-12-09
ORD0000368,CUST000410,delivered,2018-04-14,2018-04-15,2018-04-17,2018-04-20,2018-04-24
ORD0000369,CUST000771,delivered,2017-02-22,2017-02-23,2017-02-27,2017-03-07,2017-03-16
ORD0000370,CUST000168,delivered,2018-04-17,2018-04-18,2018-04-19,2018-04-30,2018-05-03
ORD0000371,CUST000537,delivered,2017-05-04,2017-05-05,2017-05-09,2017-05-17,2017-05-28
ORD0000372,CUST000364,delivered,2018-02-15,2018-02-15,2018-02-16,2018-02-23,2018-02-28
ORD0000373,CUST000408,canceled,2017-04-05,2017-04-06,2017-04-10,2017-04-18,2017-04-24
ORD0000374,CUST000601,delivered,2018-02-04,2018-02-05,2018-02-06,2018-02-14,2018-03-03
ORD0000375,CUST000246,delivered,2017-07-27,2017-07-28,2017-07-29,2017-08-11,2017-08-19
ORD0000376,CUST000376,delivered,2018-02-04,2018-02-05,2018-02-06,2018-02-09,2018-02-17
ORD0000377,CUST000032,delivered,2018-07-25,2018-07-26,2018-07-29,2018-08-08,2018-08-20
ORD0000378,CUST000663,delivered,2017-05-14,2017-05-14,2017-05-16,2017-05-28,2017-05-31
ORD0000379,CUST000446,canceled,2018-01-03,2018-01-04,2018-01-07,2018-01-15,2018-01-15
ORD0000380,CUST000627,delivered,2017-04-30,2017-05-01,2017-05-04,2017-05-17,2017-05-18
ORD0000381,CUST000125,delivered,2018-01-14,2018-01-14,2018-01-18,2018-01-31,2018-01-29
ORD0000382,CUST000607,delivered,2017-04-23,2017-04-24,2017-04-25,2017-05-02,2017-05-09
ORD0000383,CUST000074,delivered,2017-09-19,2017-09-20,2017-09-24,2017-10-08,2017-10-06
ORD0000384,CUST000616,delivered,2017-01-04,2017-01-05,2017-01-09,2017-01-22,2017-01-14
ORD0000385,CUST000305,delivered,2017-04-06,2017-04-06,2017-04-07,2017-04-12,2017-04-20
ORD0000386,CUST000389,delivered,2018-04-17,2018-04-17,2018-04-18,2018-04-22,2018-05-03
ORD0000387,CUST000267,delivered,2018-06-12,2018-06-13,2018-06-17,2018-06-26,2018-06-23
ORD0000388,CUST000379,invoiced,2017-02-08,2017-02-09,2017-02-12,2017-02-15,2017-02-20
ORD0000389,CUST000794,delivered,2017-11-24,2017-11-25,2017-11-29,2017-12-10,2017-12-22
ORD0000390,CUST000201,delivered,2017-07-01,2017-07-02,2017-07-06,2017-07-17,2017-07-14
ORD0000391,CUST000662,delivered,2017-03-07,2017-03-07,2017-03-08,2017-03-18,2017-03-21
ORD0000392,CUST000098,delivered,2018-05-22,2018-05-23,2018-05-27,2018-06-02,2018-06-01
ORD0000393,CUST000415,delivered,2017-07-15,2017-07-15,2017-07-19,2017-07-30,2017-08-09
ORD0000394,CUST000587,delivered,2018-03-06,2018-03-07,2018-03-11,2018-03-17,2018-03-18
ORD0000395,CUST000799,delivered,2017-02-01,2017-02-02,2017-02-06,2017-02-18,2017-02-15
ORD0000396,CUST000495,shipped,2017-10-07,2017-10-07,2017-10-11,2017-10-20,2017-10-20
ORD0000397,CUST000368,delivered,2018-05-23,2018-05-24,2018-05-25,2018-06-07,2018-06-05
ORD0000398,CUST000167,delivered,2017-01-05,2017-01-05,2017-01-09,2017-01-21,2017-02-01
ORD0000399,CUST000143,delivered,2017-12-18,2017-12-19,2017-12-21,2017-12-24,2018-01-11
ORD0000400,CUST000310,delivered,2017-07-03,2017-07-04,2017-07-07,2017-07-13,2017-07-17
ORD0000401,CUST000512,delivered,2017-07-14,2017-07-14,2017-07-18,2017-07-25,2017-08-07
ORD0000402,CUST000051,delivered,2018-06-16,2018-06-16,2018-06-19,2018-07-01,2018-06-26
ORD0000403,CUST000318,delivered,2017-08-05,2017-08-06,2017-08-08,2017-08-22,2017-08-23
ORD0000404,CUST000161,delivered,2017-02-17,2017-02-17,2017-02-19,2017-02-25,2017-03-18
ORD0000405,CUST000535,delivered,2018-07-31,2018-07-31,2018-08-02,2018-08-05,2018-08-24
ORD0000406,CUST000079,delivered,2017-12-19,2017-12-19,2017-12-21,2017-12-30,2017-12-29
ORD0000407,CUST000067,delivered,2018-04-03,2018-04-03,2018-04-04,2018-04-18,2018-04-13
ORD0000408,CUST000075,delivered,2018-04-01,2018-04-01,2018-04-05,2018-04-19,2018-04-21
ORD0000409,CUST000763,shipped,2017-01-21,2017-01-22,2017-01-25,2017-02-02,2017-02-06
ORD0000410,CUST000216,delivered,2018-08-23,2018-08-24,2018-08-25,2018-09-06,2018-09-09
ORD0000411,CUST000754,delivered,2017-08-27,2017-08-27,2017-08-31,2017-09-06,2017-09-23
ORD0000412,CUST000512,delivered,2018-08-05,2018-08-05,2018-08-07,2018-08-10,2018-08-28
ORD0000413,CUST000494,delivered,2017-12-24,2017-12-24,2017-12-25,2017-12-28,2018-01-04
ORD0000414,CUST000525,delivered,2017-02-18,2017-02-18,2017-02-21,2017-03-02,2017-02-28
ORD0000415,CUST000088,delivered,2017-04-29,2017-04-30,2017-05-02,2017-05-15,2017-05-25
ORD0000416,CUST000479,delivered,2017-02-03,2017-02-03,2017-02-06,2017-02-19,2017-02-25
ORD0000417,CUST000110,delivered,2017-11-16,2017-11-16,2017-11-18,2017-11-25,2017-12-03
ORD0000418,CUST000055,canceled,2018-06-08,2018-06-08,2018-06-12,2018-06-26,2018-06-30
ORD0000419,CUST000322,delivered,2018-06-15,2018-06-16,2018-06-17,2018-06-20,2018-06-30
ORD0000420,CUST000132,delivered,2018-05-18,2018-05-19,2018-05-23,2018-05-29,2018-06-06
ORD0000421,CUST000019,delivered,2018-06-26,2018-06-27,2018-06-29,2018-07-07,2018-07-22
ORD0000422,CUST000327,delivered,2018-06-19,2018-06-20,2018-06-22,2018-07-06,2018-07-04
ORD0000423,CUST000247,delivered,2017-12-13,2017-12-13,2017-12-16,2017-12-22,2017-12-23
ORD0000424,CUST000580,delivered,2017-03-21,2017-03-21,2017-03-25,2017-04-01,2017-04-17
ORD0000425,CUST000742,delivered,2017-04-30,2017-04-30,2017-05-03,2017-05-13,2017-05-15
ORD0000426,CUST000354,shipped,2017-02-07,2017-02-07,2017-02-11,2017-02-23,2017-02-19
ORD0000427,CUST000782,delivered,2018-08-03,2018-08-04,2018-08-08,2018-08-20,2018-08-19
ORD0000428,CUST000736,shipped,2017-01-15,2017-01-16,2017-01-19,2017-01-31,2017-01-30
ORD0000429,CUST000365,delivered,2017-02-27,2017-02-28,2017-03-01,2017-03-11,2017-03-20
ORD0000430,CUST000706,shipped,2017-03-26,2017-03-27,2017-03-30,2017-04-03,2017-04-09
ORD0000431,CUST000230,delivered,2018-01-19,2018-01-19,2018-01-23,2018-01-30,2018-02-15
ORD0000432,CUST000303,delivered,2018-07-25,2018-07-25,2018-07-26,2018-07-31,2018-08-20
ORD0000433,CUST000254,delivered,2017-02-26,2017-02-27,2017-03-01,2017-03-12,2017-03-10
ORD0000434,CUST000116,delivered,2018-06-14,2018-06-14,2018-06-15,2018-06-28,2018-06-30
ORD0000435,CUST000468,delivered,2018-07-22,2018-07-23,2018-07-26,2018-08-03,2018-08-15
ORD0000436,CUST000247,delivered,2017-10-15,2017-10-16,2017-10-19,2017-10-22,2017-11-10
ORD0000437,CUST000760,delivered,2017-08-14,2017-08-14,2017-08-18,2017-08-28,2017-09-11
ORD0000438,CUST000749,delivered,2017-10-15,2017-10-15,2017-10-19,2017-10-27,2017-10-25
ORD0000439,CUST000109,delivered,2018-01-22,2018-01-22,2018-01-25,2018-01-28,2018-02-11
ORD0000440,CUST000395,delivered,2018-08-30,2018-08-31,2018-09-04,2018-09-15,2018-09-13
ORD0000441,CUST000152,delivered,2018-07-24,2018-07-25,2018-07-27,2018-08-06,2018-08-14
ORD0000442,CUST000673,delivered,2017-01-22,2017-01-22,2017-01-26,2017-02-08,2017-02-15
ORD0000443,CUST000208,delivered,2017-03-17,2017-03-17,2017-03-21,2017-04-01,2017-04-07
ORD0000444,CUST000082,shipped,2017-03-14,2017-03-14,2017-03-15,2017-03-23,2017-04-07
ORD0000445,CUST000484,shipped,2017-12-10,2017-12-10,2017-12-13,2017-12-24,2017-12-31
ORD0000446,CUST000764,shipped,2018-05-29,2018-05-29,2018-05-31,2018-06-05,2018-06-12
ORD0000447,CUST000335,delivered,2017-02-06,2017-02-06,2017-02-07,2017-02-18,2017-02-25
ORD0000448,CUST000295,delivered,2017-11-04,2017-11-04,2017-11-08,2017-11-12,2017-11-24
ORD0000449,CUST000374,delivered,2018-07-14,2018-07-15,2018-07-17,2018-07-20,2018-07-24
ORD0000450,CUST000728,delivered,2017-04-05,2017-04-05,2017-04-08,2017-04-16,2017-04-21
ORD0000451,CUST000586,delivered,2018-03-06,2018-03-06,2018-03-07,2018-03-15,2018-03-25
ORD0000452,CUST000300,delivered,2017-12-10,2017-12-11,2017-12-15,2017-12-28,2017-12-24
ORD0000453,CUST000134,delivered,2017-03-07,2017-03-07,2017-03-11,2017-03-23,2017-03-31
ORD0000454,CUST000360,delivered,2017-02-19,2017-02-19,2017-02-23,2017-03-07,2017-03-03
ORD0000455,CUST000145,delivered,2017-11-09,2017-11-09,2017-11-12,2017-11-21,2017-11-20
ORD0000456,CUST000625,delivered,2017-08-05,2017-08-06,2017-08-07,2017-08-13,2017-08-27
ORD0000457,CUST000125,delivered,2017-07-21,2017-07-22,2017-07-25,2017-07-31,2017-08-15
ORD0000458,CUST000100,canceled,2017-04-18,2017-04-18,2017-04-19,2017-04-28,2017-05-04
ORD0000459,CUST000058,delivered,2017-12-18,2017-12-19,2017-12-21,2017-12-29,2018-01-16
ORD0000460,CUST000073,delivered,2018-05-19,2018-05-20,2018-05-24,2018-06-03,2018-05-31
ORD0000461,CUST000570,delivered,2017-11-13,2017-11-14,2017-11-16,2017-11-24,2017-12-04
ORD0000462,CUST000604,invoiced,2017-08-24,2017-08-25,2017-08-27,2017-09-10,2017-09-12
ORD0000463,CUST000541,delivered,2018-03-28,2018-03-28,2018-03-29,2018-04-02,2018-04-15
ORD0000464,CUST000618,canceled,2018-02-27,2018-02-27,2018-03-03,2018-03-06,2018-03-16
ORD0000465,CUST000022,delivered,2018-04-05,2018-04-06,2018-04-09,2018-04-12,2018-04-26
ORD0000466,CUST000110,canceled,2017-07-11,2017-07-12,2017-07-13,2017-07-16,2017-08-09
ORD0000467,CUST000172,delivered,2018-05-06,2018-05-07,2018-05-08,2018-05-21,2018-06-04
ORD0000468,CUST000775,delivered,2017-09-15,2017-09-16,2017-09-17,2017-09-22,2017-09-28
ORD0000469,CUST000792,delivered,2018-04-21,2018-04-22,2018-04-25,2018-05-08,2018-05-12
ORD0000470,CUST000198,delivered,2018-07-08,2018-07-08,2018-07-11,2018-07-25,2018-07-27
ORD0000471,CUST000069,delivered,2017-03-23,2017-03-24,2017-03-28,2017-03-31,2017-04-09
ORD0000472,CUST000662,canceled,2017-12-09,2017-12-09,2017-12-10,2017-12-23,2018-01-06
ORD0000473,CUST000004,invoiced,2017-12-06,2017-12-06,2017-12-10,2017-12-14,2017-12-22
ORD0000474,CUST000248,canceled,2017-11-23,2017-11-23,2017-11-24,2017-12-06,2017-12-11
ORD0000475,CUST000603,delivered,2017-01-22,2017-01-22,2017-01-23,2017-01-30,2017-02-16
ORD0000476,CUST000195,delivered,2018-04-15,2018-04-15,2018-04-18,2018-04-26,2018-05-14
ORD0000477,CUST000404,delivered,2017-02-17,2017-02-17,2017-02-18,2017-03-03,2017-03-15
ORD0000478,CUST000422,delivered,2018-03-02,2018-03-02,2018-03-03,2018-03-11,2018-03-16
ORD0000479,CUST000116,delivered,2018-06-13,2018-06-14,2018-06-16,2018-06-20,2018-06-28
ORD0000480,CUST000591,delivered,2017-11-30,2017-12-01,2017-12-02,2017-12-14,2017-12-18
ORD0000481,CUST000211,delivered,2017-01-14,2017-01-14,2017-01-18,2017-02-01,2017-01-28
ORD0000482,CUST000372,delivered,2017-03-30,2017-03-31,2017-04-04,2017-04-11,2017-04-21
ORD0000483,CUST000421,delivered,2018-01-15,2018-01-16,2018-01-19,2018-01-25,2018-02-04
ORD0000484,CUST000036,delivered,2017-07-25,2017-07-26,2017-07-27,2017-07-30,2017-08-11
ORD0000485,CUST000468,delivered,2018-04-25,2018-04-25,2018-04-29,2018-05-10,2018-05-23
ORD0000486,CUST000669,delivered,2017-07-26,2017-07-26,2017-07-29,2017-08-08,2017-08-20
ORD0000487,CUST000782,delivered,2018-02-21,2018-02-22,2018-02-23,2018-03-02,2018-03-18
ORD0000488,CUST000537,delivered,2018-05-25,2018-05-25,2018-05-28,2018-06-03,2018-06-23
ORD0000489,CUST000123,shipped,2017-01-24,2017-01-25,2017-01-26,2017-01-30,2017-02-10
ORD0000490,CUST000483,delivered,2017-01-10,2017-01-11,2017-01-13,2017-01-27,2017-01-24
ORD0000491,CUST000129,shipped,2017-01-19,2017-01-20,2017-01-22,2017-01-31,2017-02-08
ORD0000492,CUST000406,canceled,2018-05-30,2018-05-31,2018-06-04,2018-06-10,2018-06-26
ORD0000493,CUST000204,shipped,2018-08-09,2018-08-10,2018-08-13,2018-08-18,2018-09-05
ORD0000494,CUST000120,delivered,2018-01-26,2018-01-27,2018-01-31,2018-02-04,2018-02-13
ORD0000495,CUST000143,delivered,2017-01-01,2017-01-01,2017-01-04,2017-01-11,2017-01-28
ORD0000496,CUST000594,delivered,2018-05-16,2018-05-17,2018-05-20,2018-05-29,2018-06-13
ORD0000497,CUST000318,delivered,2018-05-21,2018-05-21,2018-05-24,2018-05-30,2018-06-04
ORD0000498,CUST000008,delivered,2018-04-30,2018-04-30,2018-05-03,2018-05-16,2018-05-29
ORD0000499,CUST000042,delivered,2017-06-29,2017-06-30,2017-07-01,2017-07-05,2017-07-12
ORD0000500,CUST000497,delivered,2018-05-16,2018-05-16,2018-05-20,2018-05-29,2018-06-10
ORD0000501,CUST000537,delivered,2017-09-16,2017-09-16,2017-09-18,2017-09-26,2017-10-14
ORD0000502,CUST000493,delivered,2017-11-06,2017-11-06,2017-11-10,2017-11-24,2017-11-24
ORD0000503,CUST000262,delivered,2017-10-16,2017-10-17,2017-10-20,2017-10-25,2017-10-31
ORD0000504,CUST000200,delivered,2018-05-15,2018-05-15,2018-05-16,2018-05-26,2018-06-09
ORD0000505,CUST000708,delivered,2018-04-19,2018-04-20,2018-04-22,2018-04-30,2018-05-16
ORD0000506,CUST000489,delivered,2018-02-21,2018-02-22,2018-02-25,2018-03-09,2018-03-11
ORD0000507,CUST000425,delivered,2017-10-04,2017-10-05,2017-10-07,2017-10-15,2017-10-22
ORD0000508,CUST000123,shipped,2017-04-27,2017-04-27,2017-04-30,2017-05-05,2017-05-24
ORD0000509,CUST000496,delivered,2018-05-30,2018-05-31,2018-06-01,2018-06-13,2018-06-19
ORD0000510,CUST000425,delivered,2017-03-14,2017-03-15,2017-03-16,2017-03-28,2017-04-09
ORD0000511,CUST000360,invoiced,2017-07-21,2017-07-21,2017-07-22,2017-08-05,2017-08-01
ORD0000512,CUST000354,delivered,2018-01-07,2018-01-08,2018-01-10,2018-01-18,2018-02-02
ORD0000513,CUST000275,delivered,2017-07-12,2017-07-12,2017-07-13,2017-07-25,2017-07-30
ORD0000514,CUST000260,delivered,2017-01-31,2017-02-01,2017-02-05,2017-02-11,2017-02-17
ORD0000515,CUST000157,delivered,2018-06-15,2018-06-16,2018-06-20,2018-06-30,2018-07-09
ORD0000516,CUST000402,delivered,2017-09-04,2017-09-05,2017-09-07,2017-09-18,2017-09-30
ORD0000517,CUST000052,delivered,2017-08-25,2017-08-26,2017-08-30,2017-09-08,2017-09-22
ORD0000518,CUST000251,invoiced,2017-05-09,2017-05-10,2017-05-11,2017-05-16,2017-06-05
ORD0000519,CUST000272,delivered,2017-01-15,2017-01-16,2017-01-17,2017-01-21,2017-02-11
ORD0000520,CUST000548,shipped,2018-02-18,2018-02-18,2018-02-19,2018-03-04,2018-02-28
ORD0000521,CUST000799,delivered,2018-01-25,2018-01-25,2018-01-26,2018-01-31,2018-02-18
ORD0000522,CUST000007,delivered,2017-06-15,2017-06-15,2017-06-19,2017-06-29,2017-07-07
ORD0000523,CUST000331,delivered,2017-12-21,2017-12-22,2017-12-23,2017-12-26,2018-01-16
ORD0000524,CUST000569,delivered,2017-06-28,2017-06-28,2017-06-30,2017-07-04,2017-07-11
ORD0000525,CUST000163,delivered,2018-04-01,2018-04-02,2018-04-04,2018-04-16,2018-04-26
ORD0000526,CUST000756,delivered,2017-08-18,2017-08-19,2017-08-20,2017-08-28,2017-09-04
ORD0000527,CUST000070,delivered,2017-06-04,2017-06-05,2017-06-06,2017-06-09,2017-06-17
ORD0000528,CUST000691,delivered,2018-03-13,2018-03-14,2018-03-15,2018-03-28,2018-04-08
ORD0000529,CUST000348,delivered,2018-04-28,2018-04-29,2018-05-01,2018-05-06,2018-05-21
ORD0000530,CUST000155,delivered,2017-06-27,2017-06-28,2017-06-30,2017-07-03,2017-07-14
ORD0000531,CUST000717,delivered,2017-09-28,2017-09-29,2017-10-02,2017-10-12,2017-10-23
ORD0000532,CUST000204,delivered,2018-08-30,2018-08-31,2018-09-02,2018-09-11,2018-09-18
ORD0000533,CUST000270,delivered,2017-04-28,2017-04-29,2017-05-03,2017-05-14,2017-05-26
ORD0000534,CUST000279,delivered,2017-08-02,2017-08-03,2017-08-04,2017-08-12,2017-08-27
ORD0000535,CUST000115,delivered,2017-06-22,2017-06-22,2017-06-23,2017-07-01,2017-07-16
ORD0000536,CUST000544,delivered,2018-01-14,2018-01-15,2018-01-19,2018-01-27,2018-02-01
ORD0000537,CUST000265,delivered,2018-05-24,2018-05-24,2018-05-27,2018-06-04,2018-06-14
ORD0000538,CUST000546,delivered,2018-03-21,2018-03-21,2018-03-25,2018-03-31,2018-04-07
ORD0000539,CUST000415,delivered,2018-04-18,2018-04-19,2018-04-21,2018-05-01,2018-05-06
ORD0000540,CUST000493,delivered,2018-06-17,2018-06-17,2018-06-20,2018-07-01,2018-07-14
ORD0000541,CUST000561,delivered,2017-04-21,2017-04-21,2017-04-25,2017-04-29,2017-05-17
ORD0000542,CUST000741,delivered,2017-11-05,2017-11-05,2017-11-08,2017-11-13,2017-11-24
ORD0000543,CUST000664,shipped,2018-04-29,2018-04-30,2018-05-04,2018-05-12,2018-05-13
ORD0000544,CUST000662,shipped,2017-05-27,2017-05-27,2017-05-31,2017-06-08,2017-06-23
ORD0000545,CUST000608,canceled,2017-03-02,2017-03-03,2017-03-05,2017-03-19,2017-03-19
ORD0000546,CUST000389,delivered,2018-04-23,2018-04-23,2018-04-25,2018-05-06,2018-05-03
ORD0000547,CUST000684,delivered,2017-10-25,2017-10-26,2017-10-27,2017-10-30,2017-11-13
ORD0000548,CUST000014,delivered,2017-05-31,2017-06-01,2017-06-03,2017-06-11,2017-06-17
ORD0000549,CUST000265,delivered,2018-07-15,2018-07-15,2018-07-17,2018-07-29,2018-07-26
ORD0000550,CUST000293,delivered,2017-02-07,2017-02-08,2017-02-09,2017-02-20,2017-03-03
ORD0000551,CUST000116,delivered,2018-06-15,2018-06-16,2018-06-20,2018-07-04,2018-07-09
ORD0000552,CUST000699,delivered,2017-11-30,2017-12-01,2017-12-05,2017-12-19,2017-12-21
ORD0000553,CUST000294,delivered,2018-07-10,2018-07-11,2018-07-14,2018-07-21,2018-07-20
ORD0000554,CUST000390,delivered,2017-09-10,2017-09-10,2017-09-13,2017-09-19,2017-09-28
ORD0000555,CUST000698,delivered,2017-02-18,2017-02-18,2017-02-21,2017-03-02,2017-03-12
ORD0000556,CUST000794,delivered,2017-06-16,2017-06-17,2017-06-18,2017-06-23,2017-07-06
ORD0000557,CUST000224,delivered,2018-01-26,2018-01-26,2018-01-27,2018-02-09,2018-02-13
ORD0000558,CUST000073,delivered,2017-11-28,2017-11-28,2017-11-30,2017-12-07,2017-12-13
ORD0000559,CUST000610,delivered,2017-11-11,2017-11-11,2017-11-14,2017-11-22,2017-12-05
ORD0000560,CUST000047,delivered,2017-10-30,2017-10-30,2017-11-03,2017-11-16,2017-11-22
ORD0000561,CUST000055,shipped,2018-04-25,2018-04-25,2018-04-28,2018-05-07,2018-05-19
ORD0000562,CUST000750,delivered,2017-10-27,2017-10-27,2017-10-29,2017-11-07,2017-11-25
ORD0000563,CUST000437,delivered,2017-02-18,2017-02-19,2017-02-22,2017-02-27,2017-03-15
ORD0000564,CUST000106,delivered,2017-03-19,2017-03-19,2017-03-20,2017-03-26,2017-04-05
ORD0000565,CUST000136,delivered,2018-08-02,2018-08-03,2018-08-04,2018-08-17,2018-08-15
ORD0000566,CUST000133,shipped,2018-06-11,2018-06-12,2018-06-13,2018-06-18,2018-06-27
ORD0000567,CUST000587,delivered,2017-02-09,2017-02-10,2017-02-14,2017-02-22,2017-02-20
ORD0000568,CUST000083,delivered,2018-01-07,2018-01-08,2018-01-09,2018-01-14,2018-02-04
ORD0000569,CUST000332,canceled,2017-08-12,2017-08-13,2017-08-15,2017-08-19,2017-08-30
ORD0000570,CUST000762,delivered,2017-08-28,2017-08-29,2017-08-31,2017-09-14,2017-09-24
ORD0000571,CUST000680,delivered,2018-01-31,2018-01-31,2018-02-01,2018-02-04,2018-02-18
ORD0000572,CUST000448,delivered,2018-04-25,2018-04-26,2018-04-30,2018-05-14,2018-05-10
ORD0000573,CUST000292,delivered,2017-11-17,2017-11-18,2017-11-20,2017-12-01,2017-12-02
ORD0000574,CUST000115,delivered,2017-08-14,2017-08-14,2017-08-16,2017-08-30,2017-08-31
ORD0000575,CUST000675,delivered,2017-12-02,2017-12-03,2017-12-05,2017-12-15,2017-12-24
ORD0000576,CUST000442,delivered,2018-07-23,2018-07-24,2018-07-27,2018-08-06,2018-08-04
ORD0000577,CUST000699,invoiced,2018-04-06,2018-04-07,2018-04-10,2018-04-19,2018-04-26
ORD0000578,CUST000434,delivered,2017-03-13,2017-03-14,2017-03-16,2017-03-23,2017-04-08
ORD0000579,CUST000540,delivered,2017-06-28,2017-06-28,2017-06-30,2017-07-04,2017-07-19
ORD0000580,CUST000196,shipped,2018-08-10,2018-08-10,2018-08-11,2018-08-14,2018-08-31
ORD0000581,CUST000158,shipped,2018-07-05,2018-07-06,2018-07-08,2018-07-14,2018-07-28
ORD0000582,CUST000347,delivered,2018-01-25,2018-01-26,2018-01-27,2018-02-09,2018-02-14
ORD0000583,CUST000353,delivered,2018-05-21,2018-05-21,2018-05-23,2018-06-03,2018-06-18
ORD0000584,CUST000019,delivered,2017-03-17,2017-03-18,2017-03-21,2017-03-31,2017-04-12
ORD0000585,CUST000725,delivered,2017-12-13,2017-12-13,2017-12-15,2017-12-19,2017-12-27
ORD0000586,CUST000154,delivered,2017-07-31,2017-07-31,2017-08-03,2017-08-16,2017-08-28
ORD0000587,CUST000298,invoiced,2018-07-22,2018-07-22,2018-07-24,2018-08-03,2018-08-10
ORD0000588,CUST000630,delivered,2018-07-07,2018-07-08,2018-07-09,2018-07-12,2018-08-03
ORD0000589,CUST000562,delivered,2018-01-23,2018-01-23,2018-01-26,2018-02-01,2018-02-11
ORD0000590,CUST000121,delivered,2017-09-01,2017-09-01,2017-09-02,2017-09-12,2017-09-16
ORD0000591,CUST000730,delivered,2017-03-22,2017-03-23,2017-03-26,2017-04-05,2017-04-06
ORD0000592,CUST000216,delivered,2018-08-16,2018-08-16,2018-08-20,2018-08-23,2018-09-10
ORD0000593,CUST000434,delivered,2017-05-09,2017-05-09,2017-05-10,2017-05-15,2017-06-03
ORD0000594,CUST000786,invoiced,2017-10-12,2017-10-13,2017-10-15,2017-10-28,2017-11-05
ORD0000595,CUST000611,delivered,2017-04-19,2017-04-20,2017-04-24,2017-05-04,2017-05-17
ORD0000596,CUST000371,delivered,2018-08-14,2018-08-15,2018-08-17,2018-08-20,2018-09-09
ORD0000597,CUST000182,canceled,2017-08-14,2017-08-15,2017-08-17,2017-08-25,2017-09-11
ORD0000598,CUST000243,invoiced,2017-01-26,2017-01-26,2017-01-28,2017-02-02,2017-02-09
ORD0000599,CUST000718,delivered,2018-07-19,2018-07-19,2018-07-21,2018-07-25,2018-08-10
ORD0000600,CUST000251,delivered,2018-06-08,2018-06-08,2018-06-11,2018-06-19,2018-07-04
ORD0000601,CUST000753,delivered,2018-04-18,2018-04-19,2018-04-20,2018-04-26,2018-05-11
ORD0000602,CUST000130,delivered,2017-03-11,2017-03-12,2017-03-14,2017-03-22,2017-04-03
ORD0000603,CUST000335,delivered,2018-01-28,2018-01-29,2018-01-31,2018-02-07,2018-02-18
ORD0000604,CUST000777,delivered,2017-01-25,2017-01-26,2017-01-28,2017-02-07,2017-02-17
ORD0000605,CUST000444,delivered,2018-05-16,2018-05-17,2018-05-18,2018-05-29,2018-06-04
ORD0000606,CUST000755,delivered,2018-05-31,2018-06-01,2018-06-04,2018-06-11,2018-06-26
ORD0000607,CUST000272,delivered,2017-09-30,2017-10-01,2017-10-02,2017-10-09,2017-10-24
ORD0000608,CUST000653,canceled,2017-01-07,2017-01-08,2017-01-10,2017-01-21,2017-01-28
ORD0000609,CUST000267,delivered,2017-06-13,2017-06-14,2017-06-17,2017-06-30,2017-07-10
ORD0000610,CUST000117,delivered,2017-03-25,2017-03-25,2017-03-26,2017-04-06,2017-04-09
ORD0000611,CUST000288,delivered,2017-02-28,2017-03-01,2017-03-05,2017-03-12,2017-03-10
ORD0000612,CUST000583,delivered,2017-04-29,2017-04-29,2017-05-03,2017-05-09,2017-05-10
ORD0000613,CUST000735,delivered,2017-08-26,2017-08-27,2017-08-28,2017-09-08,2017-09-22
ORD0000614,CUST000004,shipped,2017-10-10,2017-10-11,2017-10-12,2017-10-19,2017-11-08
ORD0000615,CUST000493,delivered,2018-02-05,2018-02-06,2018-02-07,2018-02-14,2018-02-21
ORD0000616,CUST000607,delivered,2018-05-10,2018-05-10,2018-05-13,2018-05-21,2018-05-21
ORD0000617,CUST000362,delivered,2018-05-06,2018-05-06,2018-05-07,2018-05-18,2018-05-19
ORD0000618,CUST000714,delivered,2017-04-29,2017-04-29,2017-04-30,2017-05-07,2017-05-22
ORD0000619,CUST000546,delivered,2017-09-24,2017-09-25,2017-09-27,2017-09-30,2017-10-21
ORD0000620,CUST000138,delivered,2018-06-10,2018-06-10,2018-06-13,2018-06-24,2018-06-22
ORD0000621,CUST000376,delivered,2017-05-29,2017-05-29,2017-06-01,2017-06-10,2017-06-24
ORD0000622,CUST000371,delivered,2018-05-27,2018-05-27,2018-05-30,2018-06-10,2018-06-11
ORD0000623,CUST000205,delivered,2017-03-25,2017-03-26,2017-03-28,2017-04-09,2017-04-04
ORD0000624,CUST000362,delivered,2017-03-20,2017-03-20,2017-03-21,2017-03-27,2017-03-31
ORD0000625,CUST000296,delivered,2017-08-17,2017-08-18,2017-08-21,2017-08-31,2017-08-27
ORD0000626,CUST000509,delivered,2017-09-17,2017-09-17,2017-09-20,2017-09-27,2017-10-07
ORD0000627,CUST000787,delivered,2017-12-08,2017-12-08,2017-12-12,2017-12-23,2017-12-27
ORD0000628,CUST000104,delivered,2018-05-10,2018-05-11,2018-05-13,2018-05-23,2018-06-08
ORD0000629,CUST000635,delivered,2018-08-20,2018-08-20,2018-08-21,2018-08-24,2018-09-03
ORD0000630,CUST000174,delivered,2018-04-13,2018-04-13,2018-04-16,2018-04-25,2018-04-28
ORD0000631,CUST000274,delivered,2018-07-02,2018-07-02,2018-07-03,2018-07-17,2018-07-13
ORD0000632,CUST000211,delivered,2018-01-24,2018-01-24,2018-01-25,2018-01-28,2018-02-17
ORD0000633,CUST000092,delivered,2017-09-14,2017-09-14,2017-09-17,2017-09-22,2017-10-05
ORD0000634,CUST000682,delivered,2017-05-30,2017-05-31,2017-06-01,2017-06-14,2017-06-18
ORD0000635,CUST000789,delivered,2018-03-14,2018-03-14,2018-03-17,2018-03-21,2018-04-12
ORD0000636,CUST000217,delivered,2018-06-16,2018-06-17,2018-06-19,2018-06-23,2018-07-08
ORD0000637,CUST000564,shipped,2017-02-13,2017-02-14,2017-02-15,2017-02-22,2017-02-27
ORD0000638,CUST000792,delivered,2017-10-25,2017-10-26,2017-10-27,2017-10-31,2017-11-10
ORD0000639,CUST000380,delivered,2017-11-11,2017-11-12,2017-11-16,2017-11-25,2017-11-21
ORD0000640,CUST000011,delivered,2017-03-28,2017-03-29,2017-03-31,2017-04-13,2017-04-12
ORD0000641,CUST000147,delivered,2017-07-22,2017-07-22,2017-07-24,2017-07-30,2017-08-17
ORD0000642,CUST000340,delivered,2017-01-21,2017-01-21,2017-01-23,2017-01-27,2017-02-10
ORD0000643,CUST000171,delivered,2017-08-26,2017-08-27,2017-08-30,2017-09-13,2017-09-08
ORD0000644,CUST000414,delivered,2017-04-24,2017-04-24,2017-04-27,2017-05-06,2017-05-13
ORD0000645,CUST000264,delivered,2018-01-30,2018-01-31,2018-02-01,2018-02-04,2018-02-26
ORD0000646,CUST000456,delivered,2018-01-16,2018-01-17,2018-01-20,2018-02-02,2018-02-06
ORD0000647,CUST000114,delivered,2017-09-21,2017-09-22,2017-09-23,2017-10-01,2017-10-10
ORD0000648,CUST000441,delivered,2018-03-05,2018-03-05,2018-03-09,2018-03-12,2018-03-19
ORD0000649,CUST000076,delivered,2017-05-27,2017-05-28,2017-06-01,2017-06-04,2017-06-08
ORD0000650,CUST000136,delivered,2017-01-17,2017-01-17,2017-01-20,2017-01-28,2017-02-04
ORD0000651,CUST000131,delivered,2018-08-15,2018-08-16,2018-08-18,2018-08-21,2018-09-04
ORD0000652,CUST000501,delivered,2017-11-20,2017-11-21,2017-11-23,2017-11-28,2017-12-05
ORD0000653,CUST000024,delivered,2017-05-03,2017-05-03,2017-05-06,2017-05-19,2017-05-28
ORD0000654,CUST000238,delivered,2017-06-29,2017-06-30,2017-07-03,2017-07-09,2017-07-09
ORD0000655,CUST000636,delivered,2017-05-18,2017-05-18,2017-05-22,2017-06-03,2017-06-01
ORD0000656,CUST000661,delivered,2018-03-02,2018-03-03,2018-03-04,2018-03-12,2018-03-15
ORD0000657,CUST000383,canceled,2018-03-05,2018-03-05,2018-03-07,2018-03-14,2018-03-28
ORD0000658,CUST000430,delivered,2018-04-23,2018-04-23,2018-04-25,2018-04-30,2018-05-10
ORD0000659,CUST000472,delivered,2018-04-24,2018-04-25,2018-04-27,2018-05-01,2018-05-20
ORD0000660,CUST000033,delivered,2018-02-02,2018-02-03,2018-02-06,2018-02-15,2018-02-27
ORD0000661,CUST000427,delivered,2017-04-22,2017-04-23,2017-04-27,2017-05-01,2017-05-20
ORD0000662,CUST000322,delivered,2017-10-30,2017-10-30,2017-11-02,2017-11-05,2017-11-27
ORD0000663,CUST000381,delivered,2018-01-21,2018-01-22,2018-01-26,2018-01-30,2018-02-04
ORD0000664,CUST000452,shipped,2018-02-07,2018-02-08,2018-02-09,2018-02-19,2018-02-25
ORD0000665,CUST000227,delivered,2018-03-10,2018-03-10,2018-03-13,2018-03-22,2018-03-27
ORD0000666,CUST000132,delivered,2017-02-19,2017-02-19,2017-02-21,2017-02-28,2017-03-08
ORD0000667,CUST000768,delivered,2017-03-14,2017-03-15,2017-03-18,2017-03-29,2017-04-12
ORD0000668,CUST000533,delivered,2017-08-17,2017-08-18,2017-08-19,2017-08-31,2017-09-05
ORD0000669,CUST000504,delivered,2017-01-04,2017-01-04,2017-01-07,2017-01-18,2017-01-16
ORD0000670,CUST000181,delivered,2018-03-31,2018-04-01,2018-04-02,2018-04-06,2018-04-15
ORD0000671,CUST000376,delivered,2017-08-22,2017-08-22,2017-08-26,2017-09-02,2017-09-16
ORD0000672,CUST000576,delivered,2018-04-05,2018-04-06,2018-04-09,2018-04-21,2018-04-21
ORD0000673,CUST000012,delivered,2017-06-01,2017-06-01,2017-06-04,2017-06-15,2017-06-26
ORD0000674,CUST000261,delivered,2017-08-02,2017-08-03,2017-08-04,2017-08-09,2017-08-22
ORD0000675,CUST000235,delivered,2018-07-03,2018-07-04,2018-07-06,2018-07-20,2018-07-22
ORD0000676,CUST000478,delivered,2018-01-10,2018-01-10,2018-01-12,2018-01-20,2018-01-26
ORD0000677,CUST000447,delivered,2018-01-02,2018-01-03,2018-01-05,2018-01-14,2018-01-28
ORD0000678,CUST000619,delivered,2017-11-21,2017-11-22,2017-11-25,2017-12-09,2017-12-01
ORD0000679,CUST000421,delivered,2018-01-21,2018-01-21,2018-01-24,2018-02-07,2018-02-07
ORD0000680,CUST000499,delivered,2017-10-05,2017-10-06,2017-10-09,2017-10-16,2017-10-17
ORD0000681,CUST000674,delivered,2018-03-22,2018-03-22,2018-03-23,2018-04-02,2018-04-14
ORD0000682,CUST000363,delivered,2018-03-14,2018-03-15,2018-03-17,2018-03-29,2018-04-04
ORD0000683,CUST000188,delivered,2018-02-07,2018-02-08,2018-02-10,2018-02-21,2018-03-01
ORD0000684,CUST000033,delivered,2018-05-27,2018-05-27,2018-05-30,2018-06-05,2018-06-08
ORD0000685,CUST000489,delivered,2017-02-22,2017-02-22,2017-02-25,2017-03-06,2017-03-17
ORD0000686,CUST000207,delivered,2017-09-10,2017-09-10,2017-09-11,2017-09-19,2017-10-05
ORD0000687,CUST000671,invoiced,2017-11-20,2017-11-21,2017-11-24,2017-11-30,2017-12-07
ORD0000688,CUST000282,delivered,2018-06-19,2018-06-19,2018-06-21,2018-07-05,2018-06-29
ORD0000689,CUST000374,canceled,2017-10-27,2017-10-28,2017-11-01,2017-11-08,2017-11-10
ORD0000690,CUST000507,delivered,2017-11-13,2017-11-14,2017-11-17,2017-11-23,2017-11-23
ORD0000691,CUST000126,delivered,2017-09-10,2017-09-10,2017-09-12,2017-09-20,2017-10-04
ORD0000692,CUST000114,delivered,2017-02-05,2017-02-05,2017-02-09,2017-02-12,2017-02-22
ORD0000693,CUST000487,delivered,2018-06-09,2018-06-09,2018-06-13,2018-06-21,2018-06-25
ORD0000694,CUST000205,delivered,2018-01-15,2018-01-15,2018-01-17,2018-01-23,2018-02-05
ORD0000695,CUST000365,delivered,2017-01-10,2017-01-10,2017-01-13,2017-01-17,2017-02-06
ORD0000696,CUST000181,delivered,2017-05-05,2017-05-06,2017-05-09,2017-05-19,2017-05-21
ORD0000697,CUST000436,delivered,2018-04-25,2018-04-25,2018-04-27,2018-05-04,2018-05-21
ORD0000698,CUST000393,canceled,2018-06-23,2018-06-23,2018-06-25,2018-07-04,2018-07-05
ORD0000699,CUST000765,invoiced,2017-12-24,2017-12-25,2017-12-27,2018-01-03,2018-01-03
ORD0000700,CUST000660,delivered,2017-02-03,2017-02-03,2017-02-05,2017-02-10,2017-02-28
ORD0000701,CUST000647,delivered,2018-07-02,2018-07-03,2018-07-05,2018-07-15,2018-07-25
ORD0000702,CUST000489,invoiced,2017-02-10,2017-02-11,2017-02-15,2017-02-24,2017-03-09
ORD0000703,CUST000394,delivered,2018-08-18,2018-08-19,2018-08-23,2018-09-02,2018-09-04
ORD0000704,CUST000141,delivered,2017-08-12,2017-08-12,2017-08-16,2017-08-21,2017-08-30
ORD0000705,CUST000437,invoiced,2017-10-14,2017-10-15,2017-10-18,2017-10-28,2017-11-08
ORD0000706,CUST000651,delivered,2017-12-05,2017-12-06,2017-12-10,2017-12-22,2017-12-22
ORD0000707,CUST000514,canceled,2017-04-02,2017-04-02,2017-04-06,2017-04-20,2017-04-13
ORD0000708,CUST000779,delivered,2018-03-15,2018-03-16,2018-03-20,2018-03-29,2018-04-05
ORD0000709,CUST000353,delivered,2018-08-30,2018-08-31,2018-09-03,2018-09-07,2018-09-23
ORD0000710,CUST000730,delivered,2017-04-08,2017-04-08,2017-04-09,2017-04-22,2017-05-03
ORD0000711,CUST000121,delivered,2018-02-10,2018-02-11,2018-02-12,2018-02-15,2018-03-07
ORD0000712,CUST000091,delivered,2018-07-01,2018-07-01,2018-07-04,2018-07-17,2018-07-27
ORD0000713,CUST000756,delivered,2017-07-19,2017-07-19,2017-07-20,2017-07-23,2017-08-06
ORD0000714,CUST000379,canceled,2017-05-18,2017-05-18,2017-05-22,2017-05-27,2017-06-01
ORD0000715,CUST000664,delivered,2017-02-06,2017-02-06,2017-02-09,2017-02-18,2017-02-18
ORD0000716,CUST000251,delivered,2017-01-19,2017-01-19,2017-01-22,2017-01-29,2017-01-29
ORD0000717,CUST000182,delivered,2018-06-20,2018-06-20,2018-06-23,2018-07-02,2018-07-09
ORD0000718,CUST000092,delivered,2017-07-12,2017-07-12,2017-07-14,2017-07-18,2017-07-25
ORD0000719,CUST000111,delivered,2017-05-10,2017-05-11,2017-05-14,2017-05-17,2017-06-06
ORD0000720,CUST000096,delivered,2017-05-24,2017-05-24,2017-05-25,2017-05-28,2017-06-09
ORD0000721,CUST000028,delivered,2018-07-09,2018-07-09,2018-07-12,2018-07-24,2018-08-06
ORD0000722,CUST000440,delivered,2017-05-02,2017-05-03,2017-05-07,2017-05-12,2017-05-29
ORD0000723,CUST000405,delivered,2017-11-04,2017-11-05,2017-11-08,2017-11-17,2017-11-21
ORD0000724,CUST000417,delivered,2018-03-22,2018-03-22,2018-03-26,2018-04-02,2018-04-05
ORD0000725,CUST000710,delivered,2017-10-06,2017-10-07,2017-10-10,2017-10-19,2017-10-25
ORD0000726,CUST000206,delivered,2017-05-12,2017-05-13,2017-05-17,2017-05-25,2017-05-27
ORD0000727,CUST000348,delivered,2017-10-10,2017-10-11,2017-10-12,2017-10-22,2017-10-21
ORD0000728,CUST000209,delivered,2017-04-13,2017-04-14,2017-04-16,2017-04-25,2017-04-30
ORD0000729,CUST000688,delivered,2018-01-17,2018-01-17,2018-01-18,2018-01-28,2018-01-27
ORD0000730,CUST000240,delivered,2017-11-28,2017-11-29,2017-11-30,2017-12-12,2017-12-26
ORD0000731,CUST000105,delivered,2017-11-07,2017-11-08,2017-11-10,2017-11-19,2017-11-25
ORD0000732,CUST000675,shipped,2017-01-31,2017-01-31,2017-02-04,2017-02-15,2017-02-13
ORD0000733,CUST000325,canceled,2017-04-22,2017-04-23,2017-04-27,2017-05-02,2017-05-20
ORD0000734,CUST000535,delivered,2018-06-18,2018-06-19,2018-06-21,2018-07-05,2018-07-05
ORD0000735,CUST000517,delivered,2017-05-10,2017-05-11,2017-05-15,2017-05-28,2017-05-31
ORD0000736,CUST000710,delivered,2017-10-11,2017-10-11,2017-10-12,2017-10-22,2017-10-25
ORD0000737,CUST000032,delivered,2018-02-21,2018-02-22,2018-02-25,2018-03-01,2018-03-11
ORD0000738,CUST000304,canceled,2018-04-27,2018-04-27,2018-04-30,2018-05-08,2018-05-07
ORD0000739,CUST000331,invoiced,2017-09-13,2017-09-13,2017-09-16,2017-09-24,2017-10-06
ORD0000740,CUST000431,delivered,2017-11-10,2017-11-10,2017-11-14,2017-11-25,2017-11-20
ORD0000741,CUST000330,delivered,2017-07-31,2017-07-31,2017-08-01,2017-08-10,2017-08-24
ORD0000742,CUST000270,shipped,2017-07-15,2017-07-16,2017-07-20,2017-07-27,2017-07-27
ORD0000743,CUST000689,delivered,2017-04-10,2017-04-11,2017-04-13,2017-04-17,2017-04-28
ORD0000744,CUST000471,delivered,2018-03-27,2018-03-28,2018-04-01,2018-04-05,2018-04-19
ORD0000745,CUST000250,delivered,2017-10-06,2017-10-07,2017-10-11,2017-10-24,2017-10-29
ORD0000746,CUST000468,delivered,2018-07-27,2018-07-27,2018-07-29,2018-08-01,2018-08-08
ORD0000747,CUST000218,shipped,2018-02-23,2018-02-23,2018-02-27,2018-03-02,2018-03-12
ORD0000748,CUST000799,delivered,2018-08-19,2018-08-19,2018-08-22,2018-08-25,2018-09-09
ORD0000749,CUST000784,delivered,2017-03-31,2017-03-31,2017-04-02,2017-04-05,2017-04-17
ORD0000750,CUST000153,delivered,2017-04-30,2017-04-30,2017-05-04,2017-05-17,2017-05-11
ORD0000751,CUST000669,delivered,2017-05-03,2017-05-03,2017-05-06,2017-05-20,2017-05-21
ORD0000752,CUST000020,delivered,2017-09-17,2017-09-17,2017-09-18,2017-09-26,2017-10-05
ORD0000753,CUST000646,delivered,2017-02-21,2017-02-22,2017-02-24,2017-02-28,2017-03-09
ORD0000754,CUST000427,delivered,2018-02-28,2018-03-01,2018-03-04,2018-03-13,2018-03-28
ORD0000755,CUST000090,delivered,2017-11-08,2017-11-08,2017-11-10,2017-11-19,2017-11-29
ORD0000756,CUST000312,shipped,2017-06-04,2017-06-05,2017-06-08,2017-06-21,2017-06-18
ORD0000757,CUST000742,delivered,2018-02-25,2018-02-25,2018-02-27,2018-03-07,2018-03-07
ORD0000758,CUST000288,delivered,2017-11-02,2017-11-02,2017-11-05,2017-11-10,2017-11-20
ORD0000759,CUST000577,invoiced,2017-01-26,2017-01-26,2017-01-29,2017-02-06,2017-02-05
ORD0000760,CUST000728,delivered,2017-10-22,2017-10-23,2017-10-25,2017-11-03,2017-11-17
ORD0000761,CUST000282,delivered,2017-06-25,2017-06-26,2017-06-28,2017-07-02,2017-07-18
ORD0000762,CUST000729,delivered,2018-04-11,2018-04-11,2018-04-12,2018-04-16,2018-04-26
ORD0000763,CUST000159,delivered,2018-06-29,2018-06-29,2018-07-03,2018-07-12,2018-07-18
ORD0000764,CUST000283,delivered,2017-09-20,2017-09-21,2017-09-24,2017-10-08,2017-10-14
ORD0000765,CUST000745,delivered,2017-01-15,2017-01-15,2017-01-19,2017-01-28,2017-02-02
ORD0000766,CUST000590,delivered,2017-12-10,2017-12-11,2017-12-15,2017-12-19,2017-12-20
ORD0000767,CUST000255,delivered,2017-04-28,2017-04-28,2017-04-30,2017-05-04,2017-05-13
ORD0000768,CUST000241,delivered,2018-08-12,2018-08-13,2018-08-17,2018-08-31,2018-08-30
ORD0000769,CUST000038,delivered,2018-04-13,2018-04-14,2018-04-18,2018-04-29,2018-05-04
ORD0000770,CUST000585,delivered,2017-06-21,2017-06-21,2017-06-23,2017-07-06,2017-07-12
ORD0000771,CUST000259,delivered,2017-09-19,2017-09-19,2017-09-21,2017-10-01,2017-10-09
ORD0000772,CUST000276,delivered,2017-04-01,2017-04-02,2017-04-04,2017-04-11,2017-04-26
ORD0000773,CUST000143,delivered,2017-12-01,2017-12-02,2017-12-06,2017-12-19,2017-12-21
ORD0000774,CUST000141,delivered,2018-08-26,2018-08-26,2018-08-28,2018-09-11,2018-09-08
ORD0000775,CUST000428,invoiced,2017-09-26,2017-09-27,2017-10-01,2017-10-08,2017-10-07
ORD0000776,CUST000137,delivered,2017-05-01,2017-05-01,2017-05-04,2017-05-14,2017-05-19
ORD0000777,CUST000508,delivered,2017-02-06,2017-02-07,2017-02-09,2017-02-18,2017-02-25
ORD0000778,CUST000462,canceled,2017-07-28,2017-07-29,2017-08-01,2017-08-06,2017-08-22
ORD0000779,CUST000386,delivered,2017-10-15,2017-10-15,2017-10-16,2017-10-22,2017-11-08
ORD0000780,CUST000256,canceled,2017-05-12,2017-05-12,2017-05-15,2017-05-27,2017-05-23
ORD0000781,CUST000255,delivered,2017-01-30,2017-01-31,2017-02-03,2017-02-12,2017-02-19
ORD0000782,CUST000356,delivered,2017-08-29,2017-08-29,2017-09-01,2017-09-06,2017-09-26
ORD0000783,CUST000066,delivered,2018-06-21,2018-06-22,2018-06-25,2018-07-05,2018-07-04
ORD0000784,CUST000315,delivered,2017-05-03,2017-05-04,2017-05-05,2017-05-14,2017-05-16
ORD0000785,CUST000733,delivered,2018-08-03,2018-08-04,2018-08-07,2018-08-21,2018-08-26
ORD0000786,CUST000167,shipped,2017-08-28,2017-08-28,2017-08-31,2017-09-14,2017-09-17
ORD0000787,CUST000150,delivered,2018-01-08,2018-01-08,2018-01-12,2018-01-19,2018-01-27
ORD0000788,CUST000670,invoiced,2017-02-17,2017-02-17,2017-02-19,2017-03-02,2017-03-05
ORD0000789,CUST000626,delivered,2018-08-05,2018-08-06,2018-08-07,2018-08-11,2018-09-02
ORD0000790,CUST000220,delivered,2017-02-20,2017-02-21,2017-02-24,2017-03-10,2017-03-15
ORD0000791,CUST000530,delivered,2018-02-12,2018-02-12,2018-02-15,2018-02-18,2018-02-23
ORD0000792,CUST000473,delivered,2017-05-31,2017-05-31,2017-06-03,2017-06-08,2017-06-26
ORD0000793,CUST000764,delivered,2017-04-05,2017-04-05,2017-04-08,2017-04-13,2017-04-18
ORD0000794,CUST000013,delivered,2017-12-28,2017-12-28,2017-12-29,2018-01-06,2018-01-16
ORD0000795,CUST000095,delivered,2017-06-03,2017-06-04,2017-06-06,2017-06-10,2017-06-19
ORD0000796,CUST000201,delivered,2017-11-02,2017-11-02,2017-11-05,2017-11-11,2017-12-01
ORD0000797,CUST000325,delivered,2017-11-01,2017-11-02,2017-11-06,2017-11-10,2017-11-26
ORD0000798,CUST000303,delivered,2017-10-07,2017-10-07,2017-10-09,2017-10-17,2017-10-30
ORD0000799,CUST000651,delivered,2018-01-17,2018-01-17,2018-01-20,2018-02-03,2018-02-04
ORD0000800,CUST000438,delivered,2017-09-29,2017-09-29,2017-10-03,2017-10-12,2017-10-19
ORD0000801,CUST000495,delivered,2017-09-04,2017-09-04,2017-09-05,2017-09-19,2017-09-15
ORD0000802,CUST000208,delivered,2017-05-17,2017-05-17,2017-05-18,2017-05-24,2017-06-12
ORD0000803,CUST000592,delivered,2017-03-09,2017-03-10,2017-03-14,2017-03-25,2017-04-01
ORD0000804,CUST000302,delivered,2017-09-14,2017-09-14,2017-09-15,2017-09-18,2017-09-26
ORD0000805,CUST000584,delivered,2017-02-15,2017-02-16,2017-02-18,2017-03-04,2017-03-06
ORD0000806,CUST000777,delivered,2018-03-28,2018-03-29,2018-03-30,2018-04-05,2018-04-13
ORD0000807,CUST000775,delivered,2017-05-26,2017-05-27,2017-05-30,2017-06-13,2017-06-05
ORD0000808,CUST000600,delivered,2018-02-12,2018-02-13,2018-02-14,2018-02-26,2018-03-05
ORD0000809,CUST000076,delivered,2017-06-20,2017-06-20,2017-06-23,2017-06-26,2017-07-01
ORD0000810,CUST000139,delivered,2017-05-11,2017-05-12,2017-05-16,2017-05-25,2017-05-27
ORD0000811,CUST000605,delivered,2017-10-21,2017-10-21,2017-10-25,2017-11-02,2017-11-11
ORD0000812,CUST000445,delivered,2017-03-25,2017-03-25,2017-03-27,2017-04-07,2017-04-17
ORD0000813,CUST000196,shipped,2017-07-31,2017-08-01,2017-08-03,2017-08-10,2017-08-22
ORD0000814,CUST000450,delivered,2017-11-16,2017-11-16,2017-11-20,2017-12-03,2017-12-07
ORD0000815,CUST000375,delivered,2017-11-05,2017-11-06,2017-11-07,2017-11-21,2017-11-25
ORD0000816,CUST000287,delivered,2017-11-23,2017-11-23,2017-11-26,2017-12-01,2017-12-20
ORD0000817,CUST000342,delivered,2017-05-16,2017-05-16,2017-05-19,2017-06-01,2017-06-13
ORD0000818,CUST000753,delivered,2018-06-30,2018-06-30,2018-07-03,2018-07-13,2018-07-23
ORD0000819,CUST000524,delivered,2017-02-24,2017-02-24,2017-02-28,2017-03-10,2017-03-22
ORD0000820,CUST000236,delivered,2017-08-16,2017-08-17,2017-08-21,2017-09-04,2017-09-12
ORD0000821,CUST000000,delivered,2018-01-01,2018-01-01,2018-01-05,2018-01-12,2018-01-11
ORD0000822,CUST000015,delivered,2017-01-27,2017-01-28,2017-01-31,2017-02-09,2017-02-24
ORD0000823,CUST000342,delivered,2017-12-25,2017-12-25,2017-12-29,2018-01-01,2018-01-14
ORD0000824,CUST000404,delivered,2018-02-07,2018-02-07,2018-02-10,2018-02-16,2018-03-02
ORD0000825,CUST000468,delivered,2017-10-22,2017-10-23,2017-10-25,2017-11-02,2017-11-06
ORD0000826,CUST000794,delivered,2017-05-14,2017-05-14,2017-05-15,2017-05-21,2017-06-01
ORD0000827,CUST000166,delivered,2017-05-22,2017-05-22,2017-05-26,2017-06-05,2017-06-14
ORD0000828,CUST000318,delivered,2018-03-26,2018-03-27,2018-03-31,2018-04-05,2018-04-21
ORD0000829,CUST000586,delivered,2017-07-22,2017-07-23,2017-07-24,2017-07-30,2017-08-16
ORD0000830,CUST000552,delivered,2018-06-09,2018-06-10,2018-06-11,2018-06-16,2018-07-04
ORD0000831,CUST000221,delivered,2017-01-10,2017-01-11,2017-01-15,2017-01-21,2017-01-29
ORD0000832,CUST000248,shipped,2017-03-06,2017-03-07,2017-03-10,2017-03-18,2017-04-03
ORD0000833,CUST000656,shipped,2017-12-14,2017-12-14,2017-12-15,2017-12-20,2017-12-29
ORD0000834,CUST000005,delivered,2017-01-15,2017-01-16,2017-01-20,2017-02-03,2017-02-09
ORD0000835,CUST000139,delivered,2018-05-26,2018-05-26,2018-05-29,2018-06-06,2018-06-20
ORD0000836,CUST000282,delivered,2018-04-19,2018-04-20,2018-04-22,2018-04-25,2018-05-01
ORD0000837,CUST000491,delivered,2017-01-20,2017-01-20,2017-01-22,2017-01-27,2017-02-15
ORD0000838,CUST000400,delivered,2018-06-18,2018-06-19,2018-06-22,2018-07-03,2018-07-11
ORD0000839,CUST000488,delivered,2018-07-01,2018-07-01,2018-07-03,2018-07-07,2018-07-12
ORD0000840,CUST000678,delivered,2017-06-19,2017-06-19,2017-06-21,2017-06-26,2017-06-30
ORD0000841,CUST000289,delivered,2018-06-22,2018-06-22,2018-06-23,2018-07-06,2018-07-19
ORD0000842,CUST000373,delivered,2018-01-26,2018-01-26,2018-01-29,2018-02-03,2018-02-08
ORD0000843,CUST000560,delivered,2017-07-31,2017-07-31,2017-08-04,2017-08-12,2017-08-28
ORD0000844,CUST000365,delivered,2018-03-10,2018-03-10,2018-03-13,2018-03-22,2018-04-08
ORD0000845,CUST000683,delivered,2018-07-31,2018-08-01,2018-08-03,2018-08-11,2018-08-19
ORD0000846,CUST000413,delivered,2017-02-26,2017-02-26,2017-02-28,2017-03-05,2017-03-08
ORD0000847,CUST000010,delivered,2018-04-02,2018-04-02,2018-04-04,2018-04-08,2018-04-13
ORD0000848,CUST000066,delivered,2017-01-30,2017-01-31,2017-02-04,2017-02-13,2017-02-24
ORD0000849,CUST000233,delivered,2017-02-15,2017-02-15,2017-02-16,2017-02-22,2017-03-01
ORD0000850,CUST000617,delivered,2017-01-16,2017-01-17,2017-01-21,2017-01-25,2017-02-02
ORD0000851,CUST000271,delivered,2017-11-01,2017-11-01,2017-11-02,2017-11-12,2017-11-23
ORD0000852,CUST000549,shipped,2017-06-09,2017-06-10,2017-06-13,2017-06-19,2017-07-07
ORD0000853,CUST000663,shipped,2018-04-20,2018-04-21,2018-04-23,2018-04-27,2018-05-14
ORD0000854,CUST000617,delivered,2017-07-27,2017-07-28,2017-07-29,2017-08-08,2017-08-19
ORD0000855,CUST000144,delivered,2017-05-06,2017-05-06,2017-05-07,2017-05-12,2017-06-02
ORD0000856,CUST000243,shipped,2017-09-09,2017-09-10,2017-09-13,2017-09-22,2017-09-30
ORD0000857,CUST000248,delivered,2018-08-21,2018-08-21,2018-08-23,2018-08-29,2018-09-17
ORD0000858,CUST000514,delivered,2018-03-31,2018-04-01,2018-04-04,2018-04-07,2018-04-28
ORD0000859,CUST000348,canceled,2017-09-23,2017-09-24,2017-09-27,2017-10-06,2017-10-16
ORD0000860,CUST000786,delivered,2017-05-04,2017-05-05,2017-05-09,2017-05-16,2017-05-28
ORD0000861,CUST000429,delivered,2017-04-23,2017-04-24,2017-04-26,2017-05-03,2017-05-21
ORD0000862,CUST000785,delivered,2017-12-25,2017-12-26,2017-12-29,2018-01-03,2018-01-20
ORD0000863,CUST000038,shipped,2017-10-09,2017-10-09,2017-10-13,2017-10-19,2017-10-26
ORD0000864,CUST000512,delivered,2018-04-17,2018-04-17,2018-04-18,2018-04-24,2018-05-02
ORD0000865,CUST000584,delivered,2017-07-19,2017-07-19,2017-07-21,2017-07-28,2017-08-14
ORD0000866,CUST000331,delivered,2018-06-13,2018-06-13,2018-06-17,2018-06-28,2018-06-24
ORD0000867,CUST000493,canceled,2017-09-06,2017-09-06,2017-09-08,2017-09-18,2017-09-17
ORD0000868,CUST000670,shipped,2018-05-11,2018-05-12,2018-05-15,2018-05-26,2018-05-21
ORD0000869,CUST000426,delivered,2018-04-08,2018-04-08,2018-04-11,2018-04-17,2018-04-21
ORD0000870,CUST000656,delivered,2018-01-19,2018-01-19,2018-01-23,2018-01-27,2018-02-06
ORD0000871,CUST000681,shipped,2017-07-28,2017-07-28,2017-07-30,2017-08-03,2017-08-13
ORD0000872,CUST000654,delivered,2017-10-06,2017-10-06,2017-10-10,2017-10-17,2017-10-17
ORD0000873,CUST000758,delivered,2017-09-03,2017-09-04,2017-09-07,2017-09-17,2017-09-27
ORD0000874,CUST000790,delivered,2017-08-15,2017-08-16,2017-08-20,2017-09-01,2017-09-12
ORD0000875,CUST000764,delivered,2017-05-02,2017-05-03,2017-05-05,2017-05-10,2017-05-13
ORD0000876,CUST000258,delivered,2017-01-16,2017-01-16,2017-01-20,2017-01-24,2017-01-30
ORD0000877,CUST000235,shipped,2018-04-16,2018-04-17,2018-04-19,2018-04-26,2018-04-29
ORD0000878,CUST000720,delivered,2017-09-09,2017-09-09,2017-09-10,2017-09-18,2017-09-29
ORD0000879,CUST000389,delivered,2017-02-07,2017-02-08,2017-02-11,2017-02-24,2017-02-22
ORD0000880,CUST000056,delivered,2018-06-11,2018-06-12,2018-06-13,2018-06-27,2018-07-09
ORD0000881,CUST000624,delivered,2017-02-23,2017-02-24,2017-02-27,2017-03-08,2017-03-10
ORD0000882,CUST000163,delivered,2018-04-03,2018-04-04,2018-04-08,2018-04-16,2018-04-18
ORD0000883,CUST000042,delivered,2017-02-25,2017-02-26,2017-03-02,2017-03-15,2017-03-18
ORD0000884,CUST000499,delivered,2018-07-18,2018-07-19,2018-07-23,2018-08-05,2018-08-10
ORD0000885,CUST000547,delivered,2017-05-14,2017-05-14,2017-05-18,2017-05-28,2017-06-03
ORD0000886,CUST000763,delivered,2018-03-02,2018-03-02,2018-03-03,2018-03-07,2018-03-14
ORD0000887,CUST000274,shipped,2018-04-10,2018-04-11,2018-04-13,2018-04-17,2018-04-26
ORD0000888,CUST000340,canceled,2017-05-31,2017-05-31,2017-06-03,2017-06-13,2017-06-14
ORD0000889,CUST000110,delivered,2017-12-16,2017-12-16,2017-12-18,2017-12-26,2017-12-26
ORD0000890,CUST000767,delivered,2017-05-23,2017-05-24,2017-05-25,2017-05-30,2017-06-16
ORD0000891,CUST000360,delivered,2017-10-24,2017-10-24,2017-10-26,2017-11-06,2017-11-03
ORD0000892,CUST000791,shipped,2018-07-05,2018-07-05,2018-07-06,2018-07-09,2018-07-21
ORD0000893,CUST000529,delivered,2018-07-30,2018-07-30,2018-08-03,2018-08-06,2018-08-27
ORD0000894,CUST000088,delivered,2017-12-17,2017-12-18,2017-12-22,2018-01-04,2018-01-07
ORD0000895,CUST000780,delivered,2018-03-14,2018-03-14,2018-03-16,2018-03-24,2018-04-09
ORD0000896,CUST000574,delivered,2018-07-01,2018-07-01,2018-07-03,2018-07-11,2018-07-20
ORD0000897,CUST000331,delivered,2018-01-22,2018-01-23,2018-01-27,2018-02-07,2018-02-02
ORD0000898,CUST000078,delivered,2017-04-30,2017-04-30,2017-05-03,2017-05-14,2017-05-10
ORD0000899,CUST000077,delivered,2018-07-14,2018-07-15,2018-07-19,2018-08-02,2018-08-03
ORD0000900,CUST000766,invoiced,2018-08-07,2018-08-08,2018-08-10,2018-08-23,2018-09-02
ORD0000901,CUST000561,delivered,2017-11-15,2017-11-16,2017-11-17,2017-11-20,2017-11-28
ORD0000902,CUST000580,delivered,2017-05-15,2017-05-15,2017-05-18,2017-05-28,2017-06-09
ORD0000903,CUST000432,delivered,2017-09-28,2017-09-29,2017-10-01,2017-10-05,2017-10-26
ORD0000904,CUST000002,delivered,2018-05-04,2018-05-04,2018-05-07,2018-05-17,2018-06-01
ORD0000905,CUST000493,delivered,2017-03-09,2017-03-09,2017-03-12,2017-03-26,2017-03-26
ORD0000906,CUST000597,delivered,2018-06-24,2018-06-24,2018-06-26,2018-07-03,2018-07-06
ORD0000907,CUST000757,delivered,2017-07-21,2017-07-21,2017-07-23,2017-07-29,2017-08-19
ORD0000908,CUST000292,shipped,2017-04-12,2017-04-13,2017-04-14,2017-04-22,2017-05-03
ORD0000909,CUST000203,delivered,2018-07-02,2018-07-03,2018-07-07,2018-07-21,2018-07-21
ORD0000910,CUST000656,delivered,2018-01-01,2018-01-01,2018-01-03,2018-01-07,2018-01-16
ORD0000911,CUST000474,delivered,2017-04-24,2017-04-25,2017-04-26,2017-05-05,2017-05-06
ORD0000912,CUST000005,delivered,2017-03-03,2017-03-04,2017-03-07,2017-03-14,2017-03-24
ORD0000913,CUST000109,delivered,2017-12-15,2017-12-15,2017-12-17,2017-12-21,2018-01-04
ORD0000914,CUST000459,delivered,2018-07-03,2018-07-03,2018-07-04,2018-07-08,2018-07-27
ORD0000915,CUST000000,delivered,2017-04-11,2017-04-12,2017-04-16,2017-04-25,2017-04-26
ORD0000916,CUST000019,delivered,2018-08-06,2018-08-07,2018-08-11,2018-08-23,2018-09-01
ORD0000917,CUST000370,delivered,2018-02-04,2018-02-04,2018-02-08,2018-02-17,2018-02-24
ORD0000918,CUST000437,delivered,2017-04-20,2017-04-20,2017-04-21,2017-04-28,2017-05-04
ORD0000919,CUST000337,delivered,2017-01-29,2017-01-30,2017-02-02,2017-02-12,2017-02-15
ORD0000920,CUST000538,delivered,2017-02-26,2017-02-26,2017-02-28,2017-03-13,2017-03-08
ORD0000921,CUST000436,delivered,2017-11-04,2017-11-04,2017-11-06,2017-11-09,2017-12-02
ORD0000922,CUST000042,delivered,2017-06-28,2017-06-28,2017-06-29,2017-07-11,2017-07-26
ORD0000923,CUST000134,delivered,2017-04-23,2017-04-24,2017-04-28,2017-05-06,2017-05-11
ORD0000924,CUST000686,delivered,2017-04-20,2017-04-20,2017-04-23,2017-05-01,2017-05-08
ORD0000925,CUST000099,delivered,2017-06-18,2017-06-18,2017-06-22,2017-07-03,2017-07-04
ORD0000926,CUST000533,shipped,2017-01-22,2017-01-23,2017-01-24,2017-02-06,2017-02-13
ORD0000927,CUST000533,delivered,2017-07-20,2017-07-21,2017-07-23,2017-08-05,2017-08-16
ORD0000928,CUST000233,delivered,2017-07-31,2017-08-01,2017-08-02,2017-08-16,2017-08-25
ORD0000929,CUST000349,delivered,2017-09-16,2017-09-17,2017-09-20,2017-09-26,2017-10-08
ORD0000930,CUST000268,delivered,2017-02-03,2017-02-04,2017-02-07,2017-02-12,2017-02-14
ORD0000931,CUST000068,delivered,2017-05-27,2017-05-27,2017-05-30,2017-06-10,2017-06-24
ORD0000932,CUST000110,shipped,2017-06-25,2017-06-26,2017-06-29,2017-07-10,2017-07-17
ORD0000933,CUST000053,delivered,2018-04-18,2018-04-18,2018-04-21,2018-05-04,2018-05-09
ORD0000934,CUST000482,delivered,2017-12-15,2017-12-15,2017-12-16,2017-12-20,2018-01-11
ORD0000935,CUST000497,delivered,2018-08-02,2018-08-03,2018-08-04,2018-08-17,2018-08-16
ORD0000936,CUST000293,delivered,2018-01-21,2018-01-22,2018-01-23,2018-02-02,2018-02-16
ORD0000937,CUST000402,delivered,2017-06-24,2017-06-24,2017-06-28,2017-07-11,2017-07-23
ORD0000938,CUST000155,delivered,2017-11-12,2017-11-13,2017-11-16,2017-11-28,2017-11-26
ORD0000939,CUST000128,delivered,2017-06-21,2017-06-21,2017-06-24,2017-06-27,2017-07-19
ORD0000940,CUST000128,delivered,2017-11-18,2017-11-18,2017-11-22,2017-12-01,2017-12-17
ORD0000941,CUST000469,delivered,2017-08-24,2017-08-25,2017-08-27,2017-09-06,2017-09-12
ORD0000942,CUST000224,delivered,2017-05-22,2017-05-23,2017-05-24,2017-06-04,2017-06-12
ORD0000943,CUST000413,canceled,2017-02-27,2017-02-27,2017-02-28,2017-03-10,2017-03-09
ORD0000944,CUST000293,delivered,2017-07-23,2017-07-23,2017-07-26,2017-08-06,2017-08-04
ORD0000945,CUST000169,delivered,2018-07-16,2018-07-16,2018-07-19,2018-08-01,2018-07-29
ORD0000946,CUST000655,delivered,2017-10-05,2017-10-06,2017-10-07,2017-10-15,2017-10-20
ORD0000947,CUST000555,shipped,2017-05-29,2017-05-30,2017-05-31,2017-06-04,2017-06-13
ORD0000948,CUST000422,delivered,2017-06-30,2017-07-01,2017-07-05,2017-07-13,2017-07-29
ORD0000949,CUST000456,delivered,2017-02-14,2017-02-14,2017-02-17,2017-02-25,2017-03-05
ORD0000950,CUST000722,delivered,2017-05-18,2017-05-18,2017-05-20,2017-06-01,2017-06-08
ORD0000951,CUST000311,delivered,2018-07-15,2018-07-16,2018-07-19,2018-08-02,2018-08-12
ORD0000952,CUST000719,delivered,2017-03-04,2017-03-04,2017-03-08,2017-03-13,2017-03-20
ORD0000953,CUST000023,delivered,2017-12-02,2017-12-02,2017-12-05,2017-12-09,2017-12-17
ORD0000954,CUST000341,delivered,2017-07-14,2017-07-15,2017-07-16,2017-07-20,2017-08-10
ORD0000955,CUST000451,delivered,2018-08-15,2018-08-15,2018-08-17,2018-08-31,2018-09-05
ORD0000956,CUST000479,canceled,2017-03-26,2017-03-27,2017-03-30,2017-04-07,2017-04-12
ORD0000957,CUST000628,delivered,2017-11-20,2017-11-21,2017-11-25,2017-12-03,2017-11-30
ORD0000958,CUST000665,delivered,2017-09-14,2017-09-14,2017-09-18,2017-10-01,2017-09-27
ORD0000959,CUST000099,delivered,2018-07-14,2018-07-14,2018-07-16,2018-07-19,2018-08-09
ORD0000960,CUST000789,shipped,2017-05-30,2017-05-31,2017-06-03,2017-06-14,2017-06-14
ORD0000961,CUST000622,delivered,2018-06-29,2018-06-29,2018-07-01,2018-07-14,2018-07-24
ORD0000962,CUST000395,delivered,2018-02-10,2018-02-11,2018-02-13,2018-02-21,2018-02-20
ORD0000963,CUST000799,delivered,2017-06-07,2017-06-08,2017-06-10,2017-06-19,2017-07-05
ORD0000964,CUST000094,delivered,2017-11-26,2017-11-27,2017-11-30,2017-12-14,2017-12-09
ORD0000965,CUST000760,delivered,2017-09-21,2017-09-21,2017-09-22,2017-09-30,2017-10-02
ORD0000966,CUST000221,delivered,2017-06-16,2017-06-16,2017-06-19,2017-06-23,2017-06-27
ORD0000967,CUST000115,delivered,2017-04-06,2017-04-07,2017-04-10,2017-04-17,2017-04-17
ORD0000968,CUST000051,delivered,2018-05-22,2018-05-22,2018-05-25,2018-05-31,2018-06-05
ORD0000969,CUST000274,shipped,2017-08-09,2017-08-10,2017-08-12,2017-08-23,2017-08-27
ORD0000970,CUST000206,delivered,2018-03-31,2018-03-31,2018-04-02,2018-04-13,2018-04-13
ORD0000971,CUST000051,delivered,2018-05-27,2018-05-27,2018-05-28,2018-06-04,2018-06-07
ORD0000972,CUST000266,delivered,2017-04-01,2017-04-01,2017-04-03,2017-04-11,2017-04-21
ORD0000973,CUST000743,delivered,2018-04-13,2018-04-14,2018-04-15,2018-04-22,2018-05-08
ORD0000974,CUST000493,delivered,2018-01-20,2018-01-20,2018-01-23,2018-02-01,2018-02-11
ORD0000975,CUST000681,delivered,2018-03-09,2018-03-09,2018-03-10,2018-03-22,2018-03-29
ORD0000976,CUST000336,delivered,2017-09-18,2017-09-19,2017-09-21,2017-09-29,2017-10-10
ORD0000977,CUST000017,delivered,2018-05-28,2018-05-29,2018-06-02,2018-06-09,2018-06-15
ORD0000978,CUST000668,delivered,2018-06-01,2018-06-01,2018-06-05,2018-06-14,2018-06-22
ORD0000979,CUST000714,delivered,2017-11-22,2017-11-23,2017-11-26,2017-12-09,2017-12-19
ORD0000980,CUST000651,delivered,2017-12-03,2017-12-03,2017-12-06,2017-12-13,2017-12-25
ORD0000981,CUST000183,delivered,2018-02-26,2018-02-27,2018-03-03,2018-03-08,2018-03-20
ORD0000982,CUST000602,delivered,2017-09-06,2017-09-07,2017-09-10,2017-09-24,2017-09-19
ORD0000983,CUST000362,delivered,2017-04-26,2017-04-27,2017-04-30,2017-05-14,2017-05-07
ORD0000984,CUST000007,delivered,2018-03-26,2018-03-26,2018-03-28,2018-04-02,2018-04-23
ORD0000985,CUST000606,delivered,2017-02-26,2017-02-27,2017-03-02,2017-03-09,2017-03-21
ORD0000986,CUST000095,delivered,2018-05-18,2018-05-18,2018-05-21,2018-05-28,2018-05-31
ORD0000987,CUST000649,delivered,2017-11-06,2017-11-06,2017-11-10,2017-11-14,2017-12-02
ORD0000988,CUST000262,delivered,2018-02-28,2018-03-01,2018-03-04,2018-03-15,2018-03-16
ORD0000989,CUST000418,delivered,2017-06-03,2017-06-04,2017-06-05,2017-06-15,2017-06-30
ORD0000990,CUST000294,delivered,2017-09-02,2017-09-02,2017-09-05,2017-09-15,2017-10-01
ORD0000991,CUST000155,delivered,2017-09-15,2017-09-16,2017-09-19,2017-09-25,2017-10-01
ORD0000992,CUST000684,delivered,2018-08-28,2018-08-28,2018-09-01,2018-09-15,2018-09-17
ORD0000993,CUST000110,delivered,2017-02-15,2017-02-16,2017-02-18,2017-02-24,2017-03-12
ORD0000994,CUST000539,delivered,2018-01-31,2018-02-01,2018-02-05,2018-02-09,2018-02-15
ORD0000995,CUST000768,delivered,2018-08-16,2018-08-16,2018-08-19,2018-08-31,2018-09-06
ORD0000996,CUST000449,delivered,2017-06-08,2017-06-09,2017-06-12,2017-06-26,2017-06-18
ORD0000997,CUST000636,shipped,2017-09-19,2017-09-19,2017-09-23,2017-10-07,2017-10-15
ORD0000998,CUST000022,delivered,2017-07-21,2017-07-22,2017-07-24,2017-08-02,2017-08-19
ORD0000999,CUST000526,delivered,2018-05-29,2018-05-29,2018-05-30,2018-06-06,2018-06-10
