Id,Neighborhood,OverallQual,OverallCond,YearBuilt,YearRemodAdd,GrLivArea,LotArea,BedroomAbvGr,FullBath,GarageCars,TotalBsmtSF,1stFlrSF,MasVnrArea,GarageArea,SalePrice
1,CollgCr,4,5,1938,1995,1833,18637,6,1,3,909,841,0,1270,193600
2,Gilbert,6,5,1986,1986,1088,13378,3,1,2,533,915,656,324,217800
3,NWAmes,8,6,1933,1954,2216,10498,3,1,2,1053,913,0,747,266500
4,NWAmes,6,5,1898,1987,334,4215,6,1,2,691,450,1016,559,114500
5,Crawfor,6,5,1959,1963,2174,8952,2,1,2,739,896,549,450,281100
6,NridgHt,8,4,1883,1994,1097,22186,5,2,2,1103,1049,942,423,308200
7,SawyerW,4,6,1915,1967,729,21403,4,2,1,890,1082,1090,208,115700
8,SawyerW,7,5,1963,1967,2573,7182,1,2,2,1131,1659,0,360,279600
9,Timber,5,7,1970,1982,1253,9906,1,1,2,561,1260,0,448,207200
10,NWAmes,6,6,1909,1981,1462,4404,4,1,2,864,1115,1219,554,224500
11,Timber,8,3,1941,1960,1952,12881,2,1,1,1345,1279,378,221,287000
12,Mitchel,5,6,1929,1998,1777,5363,4,2,2,1144,1173,85,522,213900
13,Sawyer,6,6,1989,1989,1860,8657,2,1,2,986,1326,1586,585,242500
14,Mitchel,8,5,1951,1955,1654,13843,6,2,0,554,869,0,0,278400
15,Somerst,4,8,1989,1989,1122,7596,1,1,2,540,1077,1213,429,203400
16,NoRidge,7,6,1897,2006,1749,9724,3,2,2,786,761,0,500,348400
17,NridgHt,5,5,1959,1978,2671,16124,4,1,1,629,1123,0,297,389000
18,NridgHt,7,7,1893,1960,1892,16478,2,2,1,740,967,742,224,358900
19,Timber,6,6,1924,1983,1356,7025,4,2,2,801,1572,0,526,234000
20,NAmes,5,5,1977,1977,1331,5242,5,2,2,871,1226,1205,530,180400
21,OldTown,6,5,1930,1951,1514,8044,5,2,2,1127,1847,0,564,200400
22,SawyerW,8,5,1936,1989,966,6499,4,2,0,616,1356,0,0,182400
23,OldTown,5,4,1979,1979,2133,4249,4,2,0,724,1824,0,0,212500
24,Crawfor,5,5,1965,1970,1166,14903,1,1,2,465,1765,0,443,163700
25,OldTown,8,5,1929,2002,1758,4507,5,2,1,1050,967,540,213,200600
26,NAmes,6,7,1944,1984,2978,9401,2,1,2,1467,1597,0,657,316700
27,NoRidge,6,6,1962,1988,1160,9684,3,3,2,1172,1455,521,471,311800
28,OldTown,6,7,1876,1971,1275,5260,4,2,2,388,469,715,319,144700
29,SawyerW,7,7,1966,2009,1710,8800,1,2,2,219,747,917,665,253200
30,Edwards,7,5,1898,1972,2037,13757,6,3,2,2112,887,0,429,227400
31,NoRidge,5,6,1987,1987,1014,9993,3,2,0,1365,906,0,0,208400
32,BrkSide,5,6,2003,2003,1810,6099,2,1,2,1073,1183,0,441,201700
33,Sawyer,7,6,1969,1969,1705,14579,2,2,2,1433,1215,1355,507,244900
34,Edwards,7,7,1893,1957,869,8215,4,2,1,983,969,0,301,134100
35,Mitchel,3,6,1954,1996,1237,12724,6,1,1,1046,636,927,196,134300
36,Sawyer,6,6,1895,1989,2150,10901,4,2,3,685,1331,146,690,267800
37,SawyerW,6,6,1988,1988,1211,10199,2,2,1,947,364,411,189,210500
38,Somerst,8,6,1877,1989,593,7749,6,2,2,1115,704,1263,571,173100
39,OldTown,8,5,1882,1978,1309,7263,5,1,2,948,1088,0,354,191300
40,Sawyer,6,5,1901,1957,2312,7686,4,1,2,974,400,795,623,293900
41,CollgCr,10,3,1939,1978,345,6652,4,1,2,312,1094,1437,502,220800
42,Timber,4,6,1952,1994,1527,24942,3,2,2,1442,838,1261,511,225100
43,OldTown,6,6,1915,2002,1741,9547,6,1,2,1294,1512,114,392,180400
44,NWAmes,6,6,1906,1984,1495,6381,5,2,2,352,644,0,424,230400
45,Edwards,7,7,2006,2006,639,11671,2,2,2,766,1362,449,482,184300
46,Crawfor,7,6,1897,1963,1283,17738,3,2,2,362,1413,44,495,231400
47,NWAmes,8,7,1940,1996,1113,6388,3,2,2,1626,1417,182,589,209500
48,NridgHt,7,7,1901,1993,2491,12550,6,2,0,1688,1286,0,0,421200
49,Somerst,7,7,1884,1993,859,9579,2,1,2,1129,1531,691,594,177500
50,NoRidge,6,7,1996,2000,1803,3372,1,1,1,1039,1184,0,198,327800
51,NWAmes,4,5,1880,2001,889,4808,4,2,2,1374,815,0,693,133900
52,Mitchel,6,6,1933,1959,1846,6477,5,2,2,1416,1828,0,555,258600
53,OldTown,6,6,1949,1982,1263,6673,6,2,1,1717,1422,0,231,194000
54,Timber,4,6,1970,1977,1196,5689,5,1,2,1610,1237,241,397,220200
55,Sawyer,7,8,1994,1994,2186,8143,1,2,2,1298,1253,0,400,249800
56,NoRidge,5,6,1886,1965,1181,14086,3,2,2,1051,1136,456,598,221600
57,Somerst,7,6,1956,1975,640,5998,3,2,2,843,1238,1219,557,208900
58,NWAmes,7,6,1877,1967,1070,15577,3,2,2,1405,1674,326,430,209500
59,OldTown,4,5,1876,1968,1460,15473,5,2,2,809,771,363,563,135300
60,Edwards,5,5,1971,1975,1912,8214,3,1,2,1142,1421,0,415,184000
61,NAmes,5,5,1961,2004,484,8668,2,2,3,777,938,0,718,132500
62,Somerst,5,6,1999,1999,1329,13789,1,1,1,414,444,1538,350,225800
63,NWAmes,8,7,1919,1989,804,5809,1,1,2,1168,371,0,379,191000
64,Edwards,6,5,1912,2007,471,4192,1,2,2,1457,674,29,501,110700
65,NWAmes,5,6,1974,1977,2366,3705,4,2,3,615,804,1060,789,272600
66,Timber,7,5,1942,1953,1453,9215,2,2,2,720,560,0,432,302900
67,Mitchel,8,4,1994,1994,769,5572,3,2,2,1224,1257,70,556,207600
68,BrkSide,5,6,1923,1951,1255,2226,1,1,1,884,809,893,91,152300
69,SawyerW,6,5,1895,1969,1063,19382,6,2,3,1135,1588,663,739,161600
70,NridgHt,5,5,1957,1973,1015,27086,5,2,2,1189,1699,0,563,270400
71,Gilbert,7,4,1881,1997,1805,6910,3,1,2,1753,1519,0,389,247800
72,Sawyer,7,4,1957,2002,2386,33708,1,1,2,1546,1511,0,587,251100
73,BrkSide,6,6,1943,1996,2009,9416,3,3,2,1538,1948,0,411,236500
74,Somerst,6,8,1924,1974,894,14482,5,1,2,1517,1156,64,535,161300
75,NWAmes,4,5,2000,2000,1138,11655,5,2,2,1239,1255,1581,372,155900
76,NWAmes,4,6,1895,1969,1146,8599,6,2,1,1469,1353,0,192,149000
77,Crawfor,6,5,1988,2005,1769,5444,1,2,2,1452,1601,0,382,233000
78,NoRidge,4,5,1875,1992,1757,9611,4,1,2,190,801,0,343,279200
79,Crawfor,6,4,1940,1970,1000,4274,3,1,1,1273,1356,0,188,184200
80,Sawyer,4,5,2002,2002,1697,3589,4,1,2,1722,764,0,593,219600
81,Crawfor,5,3,1887,1989,1867,5382,3,2,0,1231,1896,976,0,227300
82,NWAmes,5,4,1961,1961,1663,11288,1,2,2,718,1219,1124,323,188300
83,NAmes,3,5,1908,1968,1078,8764,3,1,2,1454,1250,0,607,124000
84,Timber,5,5,2003,2003,1940,5646,1,2,2,551,846,729,658,307500
85,Gilbert,6,6,1904,2006,1857,11907,2,1,3,1128,862,0,793,230800
86,OldTown,8,6,1893,1975,1482,12378,3,2,1,1298,1042,547,230,188100
87,NWAmes,8,5,1876,1988,1972,5291,3,2,2,1971,1596,824,351,250600
88,OldTown,6,7,1984,2000,2033,6476,3,1,2,1564,1924,1059,720,234600
89,Crawfor,7,4,1977,1999,2789,9247,6,1,2,1094,878,0,390,326100
90,Crawfor,7,6,1943,1974,1606,8478,1,2,2,1270,1309,417,442,261800
91,CollgCr,5,5,1874,1953,1608,4915,3,2,1,415,334,0,116,196000
92,NWAmes,4,4,1970,1970,751,10063,6,2,1,1001,1897,77,310,115100
93,NoRidge,5,6,1931,1997,1865,8205,2,1,2,551,754,0,405,320900
94,OldTown,6,6,1961,1990,1398,8941,3,2,2,2028,1322,635,244,163200
95,NoRidge,7,5,1915,1993,1504,3586,4,2,2,840,1776,893,409,305300
96,Timber,4,7,1997,1997,705,13019,5,2,2,695,663,0,559,160700
97,CollgCr,7,6,1980,1980,998,9881,1,2,0,969,987,363,0,203000
98,NWAmes,6,7,1883,1987,1372,15466,5,2,0,1534,1529,0,0,183800
99,Mitchel,5,6,1997,1997,759,12347,4,1,3,981,828,1343,837,149200
100,OldTown,8,4,1902,1961,1916,15994,4,2,1,883,766,1017,258,248400
101,SawyerW,7,4,2000,2000,1741,8782,6,2,0,1045,1535,841,0,231900
102,NAmes,7,4,1886,2003,1900,4510,1,1,2,1287,1337,464,603,260100
103,BrkSide,8,6,1991,2008,1452,13979,1,1,2,599,926,619,390,183800
104,Gilbert,6,5,1986,1986,2319,7666,1,3,2,1444,2011,627,610,328200
105,Somerst,6,6,1919,2005,2836,11274,3,2,2,1388,334,90,442,404000
106,OldTown,6,5,1996,1996,1427,5996,5,2,2,1530,568,0,520,167500
107,BrkSide,4,4,1904,1967,1543,10873,5,2,2,813,1551,741,453,175800
108,Timber,6,6,1941,1996,1482,4516,5,3,1,1043,585,488,347,250600
109,Timber,6,7,1895,1972,1123,14848,2,2,2,1408,1012,0,324,219500
110,CollgCr,5,5,1957,1990,638,9239,3,1,2,1624,1576,0,547,141000
111,NAmes,5,5,1960,1964,1321,12552,3,3,2,1712,533,0,522,216500
112,Gilbert,7,7,1944,1966,1909,5578,5,2,2,757,1376,0,504,251400
113,NoRidge,7,6,1996,1996,1552,8590,4,1,2,1046,1310,1393,332,329700
114,Mitchel,7,7,1994,1994,1177,11807,2,1,0,948,1222,220,0,176400
115,SawyerW,5,7,1980,2009,2151,11415,3,1,2,1551,2327,0,515,270000
116,Edwards,7,5,1953,2008,1748,10332,4,1,2,1010,1392,0,352,233400
117,Sawyer,7,5,1953,1961,3083,6460,6,1,2,1434,1373,0,727,345700
118,Timber,5,6,1990,1990,1906,8648,5,1,2,817,1352,591,534,336800
119,NoRidge,6,5,1931,2007,1803,7678,4,2,3,356,846,676,899,318000
120,NAmes,3,5,1954,1963,1341,4166,2,1,2,941,1523,0,356,135300
121,NWAmes,8,6,2001,2001,1950,6398,6,2,2,853,1315,1401,584,326300
122,Mitchel,6,6,1886,1955,928,7479,5,1,2,714,911,16,700,160600
123,Sawyer,5,5,1947,1996,1584,6787,3,1,1,703,1110,0,258,218700
124,NridgHt,7,4,1891,1971,1463,8662,3,2,2,430,988,201,580,342200
125,NAmes,4,6,1982,1999,1842,10523,3,2,1,779,930,1042,247,231800
126,NWAmes,6,5,1954,1991,1734,8853,2,2,2,710,1221,666,409,206800
127,Timber,7,5,1950,1966,1614,7260,5,2,0,1464,908,290,0,310900
128,NoRidge,7,5,1876,1968,2193,13676,2,2,2,790,1021,314,599,420100
129,Timber,6,5,1962,1993,2358,5112,4,2,2,1130,1113,0,428,370800
130,Crawfor,6,5,1874,1951,2313,6100,1,2,0,1175,1008,0,0,285400
131,NridgHt,8,7,1895,1982,2002,5287,6,3,2,747,982,0,427,398800
132,Somerst,6,5,1918,1998,1773,11424,6,2,3,2050,1315,0,719,238500
133,NWAmes,7,4,1873,1994,1991,11342,5,2,2,1316,1346,0,517,247800
134,NWAmes,5,6,2008,2008,1772,10955,1,2,1,1177,814,0,178,211800
135,Sawyer,6,7,1879,1975,2037,21281,1,2,2,1211,379,0,301,213600
136,Timber,6,6,1907,1958,1477,6242,4,2,2,997,1275,0,535,249900
137,Somerst,4,5,1940,2007,1662,9133,2,2,2,746,965,0,589,202300
138,OldTown,5,4,1976,1976,2321,11620,4,2,3,865,1319,1428,635,248300
139,SawyerW,6,5,1995,1995,1999,7639,6,2,2,785,1407,979,511,279400
140,NridgHt,7,5,1929,1974,1938,11985,4,3,2,805,1517,0,281,325200
141,Gilbert,3,4,1882,2007,1550,13780,3,1,2,1135,334,0,308,162500
142,NWAmes,8,4,1961,2006,1588,12911,6,2,2,212,1779,209,341,273400
143,CollgCr,9,7,1920,2008,1055,19838,1,1,2,1086,867,475,449,205500
144,Sawyer,6,7,1999,1999,1551,20405,1,2,3,945,583,0,671,272600
145,NridgHt,5,7,1967,1983,1635,11605,2,1,3,1186,810,1568,804,346600
146,NoRidge,5,6,1967,1987,1701,6364,4,2,2,2047,398,0,353,330800
147,Somerst,4,3,1949,2000,913,45508,5,1,2,454,1395,717,749,167700
148,NWAmes,5,6,1983,1983,2398,5095,2,2,1,515,1604,719,236,256000
149,Edwards,4,8,1954,1999,1346,8528,2,1,1,1007,908,875,266,143900
150,Sawyer,6,4,1937,1952,785,13769,5,2,2,1926,1462,0,733,181300
151,BrkSide,10,4,1981,1981,1114,10353,5,2,2,342,1296,1598,439,212900
152,Timber,7,4,1875,1950,986,10090,4,1,2,1014,1286,0,322,206800
153,NridgHt,5,6,2009,2009,1165,11110,4,2,2,754,491,0,313,267900
154,Sawyer,3,3,1888,1978,1756,13325,5,2,1,1018,1316,0,360,173000
155,NridgHt,5,6,2005,2005,2099,5172,4,2,3,502,1571,1204,613,407000
156,Somerst,7,5,1985,1985,1372,13511,5,2,1,914,910,0,195,247800
157,Timber,6,6,1920,1969,334,9764,4,1,2,1261,1671,386,498,140500
158,CollgCr,7,6,1918,1957,801,13172,1,2,2,804,1468,1419,530,181300
159,Timber,8,5,1957,1976,1753,9175,6,2,0,1368,1972,895,0,345600
160,Timber,7,5,1991,1991,929,5290,3,3,2,1885,1029,0,457,288100
161,NAmes,7,6,1939,1996,1472,12192,3,2,2,1363,1506,0,549,223900
162,CollgCr,6,7,1913,2007,862,4597,2,2,2,1552,1513,537,437,172000
163,NWAmes,5,5,1903,1979,1454,11614,5,2,2,1400,925,1053,529,206800
164,OldTown,7,4,1987,1993,1367,31483,2,2,1,905,419,797,261,184800
165,NAmes,8,6,1899,1995,1410,6634,2,2,3,181,913,891,749,218000
166,BrkSide,4,6,1879,1952,1283,5658,6,2,1,673,1569,504,363,136300
167,Timber,8,8,1928,1962,748,9783,4,2,2,1492,1476,72,671,229900
168,Sawyer,7,6,2004,2004,2049,7573,3,2,2,533,1369,0,354,267400
169,SawyerW,4,7,1929,1993,1392,10334,2,2,3,1001,1405,126,689,170100
170,BrkSide,6,6,1931,1969,1965,6495,1,1,2,1070,1402,1296,373,208400
171,Crawfor,7,6,1872,2001,1573,5145,1,2,2,598,948,0,682,217900
172,NridgHt,6,7,1992,1992,1810,2097,3,2,2,1747,1493,0,372,401200
173,BrkSide,8,8,1946,1964,1355,5016,5,2,2,1288,849,602,636,222200
174,Crawfor,8,6,1986,1986,1482,9661,3,1,2,1733,1082,1460,653,276500
175,SawyerW,5,7,1998,1999,1130,14256,3,2,2,1601,1023,90,339,209800
176,Gilbert,5,3,1922,1992,1535,11882,1,2,0,1432,1688,0,0,160900
177,NridgHt,7,4,1878,1986,1648,12411,5,2,2,266,972,56,245,318400
178,Gilbert,7,5,1899,1978,881,12722,2,1,0,583,1019,1402,0,141300
179,NAmes,5,6,2007,2007,1659,6429,2,2,3,1068,1223,1348,849,249300
180,Crawfor,5,4,1970,1979,1903,3353,4,1,2,976,1108,0,545,251600
181,NridgHt,4,5,1999,1999,2413,8189,1,1,1,841,717,281,315,311500
182,Edwards,6,6,1923,1985,1503,3980,1,2,1,1032,1533,1347,203,185900
183,Sawyer,5,7,1941,1993,1354,9786,1,2,3,2231,348,0,696,208300
184,Somerst,5,6,1969,1969,641,8366,1,1,3,1026,1349,0,1167,168600
185,Sawyer,6,6,1914,1988,1300,24185,6,2,2,948,1587,0,544,169800
186,NAmes,8,5,1977,2006,1863,16472,3,2,2,1059,884,1364,276,268400
187,OldTown,4,5,1904,1987,1395,11393,1,1,2,1269,849,0,596,156500
188,Gilbert,6,7,1995,1995,334,6663,4,2,2,1265,684,786,692,130400
189,Gilbert,5,6,1988,1988,1355,4296,2,3,2,1109,852,0,382,190900
190,BrkSide,5,4,1899,1994,1477,24834,1,1,2,770,603,0,649,160600
191,BrkSide,7,5,1958,1992,1552,8371,2,1,1,735,1856,0,245,210100
192,Gilbert,5,7,1902,2006,2254,10748,2,2,2,1007,728,1527,432,273800
193,Gilbert,6,4,1886,1964,1815,6019,5,2,3,856,1384,0,638,255300
194,Gilbert,6,5,1946,1998,1086,20715,6,2,2,585,1882,1278,526,211000
195,Somerst,7,4,1944,1956,1457,5622,6,1,2,476,334,1250,388,265000
196,OldTown,5,6,1995,1995,1069,7288,4,1,2,1345,1542,1344,445,150500
197,NWAmes,7,5,1952,2005,1774,10796,3,2,2,512,827,1322,604,263400
198,NWAmes,7,4,1988,1997,1461,14679,1,2,2,1173,1269,0,534,247900
199,CollgCr,7,4,1904,1996,1636,7508,3,2,2,1857,1058,99,560,256900
200,Gilbert,4,7,1932,1986,1263,9227,4,3,2,233,858,0,404,197800
201,CollgCr,6,6,1965,1982,606,6434,4,2,1,1029,1083,673,231,175800
202,Edwards,7,6,1877,1974,1564,8551,4,1,0,764,1007,529,0,185700
203,Edwards,5,5,1947,1996,1715,11543,6,2,3,965,1617,908,778,213400
204,OldTown,7,4,1913,1997,2196,18882,6,2,3,508,980,810,887,229900
205,Crawfor,6,6,1911,1954,1593,9489,1,2,0,707,1221,1427,0,218000
206,SawyerW,6,5,1901,1961,1343,4946,2,1,1,1486,1059,0,169,163400
207,NoRidge,6,6,1896,1974,2390,20782,2,2,2,1514,919,1234,537,370200
208,Gilbert,7,5,2008,2008,1411,12784,2,1,3,1109,1251,931,494,219200
209,Somerst,5,5,1908,1960,1243,11110,4,3,2,573,1400,1182,474,212200
210,Edwards,5,6,1950,1978,1521,22306,2,2,2,941,1034,0,659,186600
211,Gilbert,7,5,1948,1989,1474,19643,4,2,3,1877,1946,374,669,246100
212,Edwards,7,8,1974,1996,1165,5323,1,2,2,841,1441,0,367,175100
213,OldTown,6,7,1932,1995,933,8216,2,1,2,2182,1492,782,509,148300
214,Mitchel,5,4,1972,1999,1537,4452,4,2,2,1194,1445,0,563,228400
215,NAmes,6,6,1956,1973,682,8724,3,1,2,1017,1990,1196,411,141500
216,Gilbert,7,5,1926,1979,1302,10248,2,2,2,1018,1488,0,516,218800
217,Gilbert,7,5,1952,1964,1314,3731,1,1,0,842,1872,982,0,213400
218,Somerst,8,5,1909,1950,1499,8435,1,2,1,909,1463,761,142,290500
219,NridgHt,7,5,1956,1968,1594,7056,5,2,0,1502,1081,0,0,329000
220,NridgHt,7,7,1902,1954,1284,15517,4,2,2,1754,558,0,482,315100
221,OldTown,7,6,1896,1983,1411,20684,6,1,2,636,1430,0,393,172300
222,Crawfor,6,6,2000,2000,1614,15891,5,1,2,1152,664,915,574,217500
223,NridgHt,4,4,1955,1955,1452,7959,6,2,0,179,1214,461,0,227000
224,Timber,6,2,1958,1984,1151,13540,6,2,3,601,1169,0,544,281800
225,Gilbert,7,4,1952,1956,1535,7318,1,1,2,1207,1147,0,579,248100
226,SawyerW,5,7,1880,1968,2463,5845,5,2,2,1123,1519,0,236,296500
227,Crawfor,5,5,1892,2008,1573,5970,3,2,3,1418,741,720,417,197100
228,Sawyer,6,5,1940,1980,1643,15538,5,3,2,1104,1537,1244,515,228100
229,Gilbert,4,6,2006,2006,1223,21485,5,1,2,998,717,0,220,184400
230,OldTown,8,6,2005,2005,1303,8469,5,1,1,165,1550,1493,222,230900
231,NoRidge,4,5,1919,1982,1154,12567,1,2,2,1091,1248,0,436,193000
232,NAmes,4,6,1906,2007,1442,6613,5,1,2,1070,1432,1248,604,159900
233,NoRidge,7,6,1874,2003,1899,13841,5,1,2,463,1935,789,266,303200
234,Mitchel,8,8,1974,2000,1438,4033,6,2,2,993,736,683,454,237900
235,NoRidge,7,7,1978,2002,2051,16097,3,1,2,1130,499,1549,458,393300
236,Mitchel,8,5,1999,1999,1538,16586,1,2,1,1460,1361,0,177,287700
237,Mitchel,6,6,1983,1983,1064,6532,5,1,2,1859,910,376,400,213100
238,Edwards,6,4,1881,1975,1525,17990,5,2,0,405,1613,508,0,180400
239,OldTown,5,5,1998,1998,1059,1970,2,1,3,436,833,326,1050,176700
240,Edwards,6,6,1993,1993,1108,7648,4,1,2,451,1512,1543,375,176700
241,Timber,8,6,1992,1992,1333,14235,4,3,0,1177,1290,978,0,324000
242,Crawfor,4,4,1885,1982,2458,8487,4,2,1,505,906,1379,349,225400
243,Somerst,7,5,1872,1995,1974,3787,5,1,2,1034,1636,957,499,265400
244,Crawfor,6,5,1889,1985,925,9822,5,2,3,1252,797,1337,667,161200
245,NAmes,9,6,1903,1951,1464,5976,5,2,2,433,1218,934,653,253600
246,BrkSide,7,6,1925,1990,2104,17483,4,1,2,1102,914,0,320,205700
247,CollgCr,6,6,1890,1955,1771,3743,4,1,2,1222,1395,0,576,252000
248,NAmes,8,6,1924,2002,1475,8865,2,1,1,353,1335,123,107,234100
249,CollgCr,6,5,1974,1974,574,4189,1,1,1,762,1171,809,152,126000
250,NWAmes,8,5,1964,1987,935,9379,6,1,2,562,627,0,548,177700
251,SawyerW,4,5,1975,1994,1414,5140,3,2,2,1026,1073,0,369,213100
252,Crawfor,5,6,1903,1971,2065,8300,5,2,2,598,866,164,428,201700
253,NoRidge,6,6,1880,2001,2239,6756,5,1,2,2453,1010,0,378,360100
254,SawyerW,9,5,1897,1997,1232,6789,6,2,0,1262,964,0,0,222700
255,Crawfor,4,4,1995,1995,1972,9545,5,3,2,932,1670,0,710,268700
256,OldTown,7,6,1996,1996,1088,12953,2,2,2,1104,1197,1517,243,171900
257,Somerst,6,4,1986,1998,1818,9544,3,1,1,887,1416,1356,186,233500
258,SawyerW,4,5,1888,1999,334,8351,6,1,2,870,1602,1324,490,92000
259,Sawyer,6,4,1917,1950,959,16322,6,2,2,832,774,1076,387,193200
260,NridgHt,7,7,1904,1998,926,5892,4,2,2,939,2070,1572,519,277100
261,Edwards,5,6,1882,1999,684,11860,4,2,2,1176,1168,657,593,104100
262,Edwards,7,7,1971,1986,1623,7645,1,2,2,582,536,39,394,221600
263,CollgCr,6,4,1979,1979,1009,26997,6,2,0,419,1291,979,0,165700
264,Gilbert,6,4,1939,1964,980,5963,1,1,2,1407,1296,0,623,178400
265,NWAmes,7,8,1985,1985,1452,5361,1,1,1,1714,842,0,280,230600
266,Gilbert,3,6,1943,1997,835,8459,3,1,1,972,2172,854,276,122200
267,Crawfor,4,3,2002,2002,837,7994,1,2,2,1074,516,216,495,142400
268,NWAmes,4,5,1937,2003,1748,9780,6,1,2,1014,1295,0,627,179800
269,CollgCr,6,5,1892,1962,1748,9016,4,2,2,981,1300,0,391,258900
270,BrkSide,5,6,1914,1981,2089,8543,5,1,1,1489,1623,1554,275,166300
271,Mitchel,7,4,1906,1993,2065,17536,6,2,2,825,1505,0,635,248800
272,Edwards,6,5,1882,1965,897,17515,6,2,2,1441,1065,0,581,145000
273,Crawfor,5,6,1901,2001,1518,9112,2,1,2,832,812,0,587,194800
274,BrkSide,7,6,1884,1982,2297,8503,6,2,1,913,1475,0,199,253000
275,Sawyer,6,5,1968,1993,1906,9560,6,1,1,808,1022,0,249,246700
276,CollgCr,5,4,1872,2007,944,11259,4,1,2,463,1429,259,271,138500
277,Mitchel,6,6,1980,1980,1776,3894,5,3,2,1172,1076,0,421,237800
278,OldTown,6,3,1976,1976,1125,17811,1,2,1,1281,1159,0,247,148100
279,Mitchel,10,6,1926,1958,1346,14089,3,1,1,592,1878,1413,266,223100
280,NAmes,7,6,1950,2002,1742,7626,6,2,2,1158,683,0,562,276800
281,Timber,4,5,1911,1962,1752,6232,4,2,1,918,852,471,265,240400
282,SawyerW,8,4,1911,2008,1348,4801,4,2,2,968,1372,322,472,260900
283,OldTown,7,6,1956,1956,653,11779,6,3,2,895,864,0,315,148700
284,Mitchel,8,6,1952,1958,1343,22780,2,1,2,1114,1762,0,464,228900
285,Mitchel,4,5,1972,1972,1531,2496,1,2,2,1006,334,0,479,224000
286,Mitchel,5,3,1888,1988,378,8670,5,1,1,1039,625,469,101,95200
287,Gilbert,4,6,1996,2009,1298,3756,6,2,2,1279,1111,0,680,182100
288,Timber,8,7,1933,1993,1087,7078,2,2,2,1273,1446,1341,673,238400
289,Sawyer,5,5,1890,1995,1274,7181,4,2,2,625,1012,0,460,154200
290,SawyerW,3,5,1944,2004,1211,17885,3,1,2,1437,1226,0,522,145400
291,NoRidge,8,6,1994,1994,502,9763,6,2,3,1505,1727,0,863,281400
292,CollgCr,7,5,1980,2000,1201,13180,2,2,2,817,1564,0,622,255100
293,Sawyer,5,5,1972,1987,1184,6853,4,3,1,283,1086,1466,366,161300
294,NAmes,7,7,1934,1970,1685,10166,2,2,0,548,1254,0,0,233400
295,Gilbert,7,6,1950,1997,744,9802,1,1,2,1219,1003,0,528,170700
296,NridgHt,5,7,1971,1990,1502,24059,2,1,2,869,2163,946,452,278400
297,Edwards,9,6,2000,2000,918,8378,6,2,1,1238,688,0,307,184000
298,Timber,7,6,1974,1974,1747,10040,2,1,2,1836,957,0,517,337100
299,Mitchel,5,5,1938,2004,1995,15905,6,2,2,608,1581,391,469,236900
300,Mitchel,5,5,1948,1979,2121,6314,6,1,2,982,1190,0,210,209300
301,OldTown,6,6,1917,1996,2517,4161,1,1,2,1642,1742,778,354,231500
302,Somerst,5,7,1964,2006,334,7296,2,2,2,832,2034,0,685,151900
303,Mitchel,6,5,1908,1965,1096,12301,2,1,2,393,1319,0,524,182800
304,BrkSide,5,7,1925,1994,2042,7552,5,1,2,1073,1043,944,464,211700
305,BrkSide,7,7,1954,1976,964,9644,6,1,2,1753,592,0,401,174100
306,OldTown,6,8,1910,1959,2238,6809,2,2,2,1405,653,0,499,217900
307,NoRidge,5,6,1888,1956,1549,8274,1,2,2,568,334,328,426,237600
308,NridgHt,7,6,1982,1982,1612,4817,6,1,2,708,1156,381,573,314900
309,Sawyer,6,5,1930,1984,1198,12696,1,2,2,243,1789,830,387,166300
310,NAmes,8,6,2007,2007,2057,12534,1,2,2,1257,778,438,419,342100
311,Mitchel,5,6,1872,1982,1926,19654,2,1,1,1397,1443,0,144,212600
312,Timber,8,5,2002,2002,1614,5231,4,1,3,1112,1397,0,610,340300
313,OldTown,6,4,2000,2000,361,24265,4,2,3,796,691,0,617,149700
314,Timber,6,5,1969,2006,953,7217,4,1,2,1127,1537,207,424,214200
315,Crawfor,8,3,1881,2009,334,3240,5,2,0,402,1162,0,0,125300
316,NridgHt,3,5,1909,1962,1977,15735,5,1,1,887,1883,0,202,227400
317,Gilbert,8,4,1890,1963,2087,15800,3,3,2,1298,1043,1439,663,326500
318,OldTown,9,6,1932,2008,1275,7063,6,1,1,1331,1804,1231,262,221800
319,Mitchel,4,8,1908,1984,1503,5232,4,1,2,1190,334,0,529,152600
320,OldTown,7,7,1939,1986,1365,2274,2,1,2,262,1279,0,419,164700
321,Mitchel,4,5,1973,1973,2289,4438,3,2,1,501,334,0,224,245500
322,CollgCr,6,7,1995,1996,1551,5774,5,2,2,798,362,638,560,251600
323,NridgHt,7,6,1964,1981,1218,12856,2,2,2,1504,1307,1563,394,262000
324,BrkSide,7,6,1920,1976,1477,10332,1,1,2,892,509,0,705,196100
325,Somerst,5,5,1906,1975,1525,9648,2,1,2,965,495,0,489,224200
326,NWAmes,5,7,1934,1976,1698,7078,5,2,3,1206,904,1096,775,240800
327,Edwards,8,5,1983,1983,1041,8738,1,3,2,1015,1356,0,450,230200
328,Gilbert,3,4,1902,1989,999,12656,4,1,0,1038,1363,236,0,96100
329,Timber,6,5,1959,2009,534,11819,2,1,2,652,1271,1540,648,192200
330,Somerst,6,6,1986,2006,1075,10330,3,1,0,744,1220,0,0,182700
331,NAmes,7,5,1984,1984,1762,14749,2,2,2,1116,695,1216,454,288000
332,Gilbert,9,7,1977,1977,1654,4830,4,2,2,1724,630,1300,636,277500
333,OldTown,4,6,1984,1984,2019,5155,2,1,2,671,1617,317,357,226100
334,NAmes,6,5,1982,1982,334,13402,3,1,2,910,1163,0,412,135700
335,Crawfor,6,6,2007,2007,1765,6887,1,2,2,1173,1391,0,557,216100
336,Timber,6,2,1981,1981,1312,7683,4,2,2,1756,1035,269,695,291800
337,CollgCr,7,6,1882,1984,1473,6086,5,1,2,1433,1158,1407,397,218600
338,CollgCr,10,6,1970,1999,1340,6679,6,2,2,484,1376,700,424,295300
339,NWAmes,7,5,1988,1988,1338,6382,3,3,2,858,1191,0,452,267600
340,NridgHt,8,7,1991,1991,1489,19492,6,2,2,812,730,1122,698,351600
341,NWAmes,7,5,1932,1976,1977,9344,4,1,2,540,926,1191,383,251000
342,NAmes,8,6,1878,1998,2017,10560,6,2,2,1028,394,1513,470,309500
343,NWAmes,4,5,1925,2008,789,4168,6,3,1,1717,1360,1265,305,118200
344,Crawfor,7,4,1975,1978,1679,5891,1,2,2,1114,866,0,374,244600
345,NridgHt,4,5,1959,1992,1046,5925,3,3,2,1148,1200,0,564,244700
346,Somerst,9,4,2001,2001,1526,10952,1,2,1,569,815,1437,335,315100
347,Sawyer,7,6,1966,1997,1527,6037,5,1,2,1476,1142,462,206,218800
348,Crawfor,6,6,1973,1973,1854,11305,6,2,1,1209,1831,1571,294,236000
349,Somerst,7,6,1968,1969,758,3824,3,2,2,1193,983,567,729,239800
350,Gilbert,4,5,1880,1968,1758,5263,5,2,2,1439,1238,0,526,212400
351,Sawyer,3,4,1968,1979,1570,4093,6,3,0,787,1549,0,0,196400
352,Gilbert,6,6,1906,1966,2022,8622,3,2,2,423,1513,222,470,222700
353,Edwards,5,3,1999,2001,1239,5153,4,1,1,1159,938,1539,143,140800
354,Crawfor,6,6,1996,1996,1809,7920,2,1,2,955,1665,1008,669,210900
355,Edwards,5,7,1946,1987,922,4214,1,1,2,879,1517,435,431,154800
356,CollgCr,7,5,1907,1999,1056,3969,3,2,2,1735,1315,0,594,212000
357,Crawfor,7,7,1979,1979,1602,6099,1,2,2,1538,334,1224,625,228900
358,NWAmes,7,6,1933,1982,1017,19250,1,1,1,1159,1483,500,222,183400
359,NoRidge,6,7,2007,2007,1726,4174,1,1,3,614,1339,0,613,306000
360,NWAmes,7,6,1986,2006,334,7728,6,2,2,2716,1667,0,551,158000
361,CollgCr,5,5,1975,2007,1479,10787,3,3,3,1267,1555,140,1033,218800
362,Crawfor,8,6,1993,1993,1498,9460,5,2,2,1040,1373,1107,542,267300
363,SawyerW,6,5,1956,1971,1261,5795,5,1,3,782,646,263,536,181400
364,Crawfor,5,5,1956,2008,1927,5222,4,3,3,953,334,0,616,232200
365,NAmes,6,6,1900,1987,1627,8852,1,2,2,650,1500,1022,595,186600
366,NoRidge,5,5,1901,1967,1267,15138,5,1,2,530,1529,1425,519,252100
367,Somerst,5,5,1945,1971,1159,7093,5,2,1,964,931,872,182,211900
368,NWAmes,6,7,1943,1968,1534,10310,4,2,1,1493,889,105,309,201400
369,NoRidge,5,6,1913,1959,1498,8581,5,1,2,1022,859,1049,449,230700
370,NAmes,8,3,1895,1984,1414,19171,5,2,2,0,1002,1240,528,200600
371,Gilbert,5,6,1986,1986,1888,5105,2,1,2,1761,960,1252,321,252300
372,BrkSide,7,5,1880,1988,968,14955,6,2,2,431,1329,0,513,136300
373,Somerst,5,7,1929,1955,1408,5112,6,2,2,653,999,387,388,209000
374,Edwards,7,7,1999,1999,2421,7459,5,2,2,1480,689,0,444,310300
375,NWAmes,7,7,1884,1988,1399,15029,1,1,2,1323,1496,1064,443,178400
376,Timber,3,6,1955,1962,1176,13694,6,1,2,1638,1215,1255,383,168000
377,CollgCr,7,7,1894,1968,1421,4630,5,2,2,1398,1626,724,539,259000
378,NAmes,7,3,1967,1980,1245,8919,1,2,2,1452,1299,0,402,192800
379,Gilbert,7,4,1910,2001,1344,15158,6,1,2,726,1054,754,509,187600
380,NWAmes,6,7,1894,1984,1785,11689,6,3,2,798,809,46,510,263100
381,BrkSide,6,4,1975,1985,1623,4911,3,1,0,1182,1883,1359,0,200700
382,BrkSide,3,5,1882,1985,445,7757,5,2,2,880,1267,232,404,73000
383,Timber,6,7,1951,1973,2179,11118,2,3,2,1134,1084,0,385,364600
384,Mitchel,6,8,1877,1966,1340,7798,3,1,1,1613,770,0,227,185400
385,BrkSide,6,6,1951,2007,1127,4913,6,1,0,1396,584,250,0,148500
386,BrkSide,5,6,1929,1958,1731,9415,1,2,2,1645,984,139,407,188100
387,Edwards,8,3,2009,2009,2256,23726,6,1,2,985,1782,1109,613,316200
388,Crawfor,6,6,2004,2004,1917,9170,5,2,1,988,1573,1339,221,256800
389,NoRidge,5,6,1977,1997,1401,3751,3,2,2,1469,406,0,394,288600
390,Crawfor,4,7,1892,1990,1656,4683,1,2,2,1,812,942,555,191000
391,Mitchel,5,6,2005,2005,1456,14332,4,2,2,1575,947,1103,393,207900
392,Timber,6,7,1938,1966,796,11118,2,2,2,933,1096,870,363,209500
393,BrkSide,8,4,2008,2008,1105,10710,5,3,1,860,1350,0,269,190800
394,NWAmes,6,6,1953,1982,707,11472,4,2,2,662,599,0,571,155400
395,Sawyer,6,5,1985,1985,2700,20324,1,1,2,1162,1471,264,420,264200
396,SawyerW,7,4,1921,1968,1096,12147,2,1,1,1391,1022,0,238,185800
397,Edwards,7,5,1873,1959,1619,7750,2,2,2,1153,1245,0,340,216200
398,SawyerW,6,6,1922,1960,1879,8013,3,1,0,431,1307,813,0,231200
399,BrkSide,7,6,2006,2006,1496,10946,6,2,2,1649,1051,0,335,198300
400,Timber,7,4,1994,1994,1712,3191,3,1,2,262,1245,0,462,349100
401,NWAmes,7,7,1968,1968,1222,24955,4,2,2,1273,1093,0,261,200500
402,Somerst,6,6,1892,1954,1758,7662,6,1,1,710,1337,1130,290,228500
403,NWAmes,5,7,1967,1980,1017,5237,3,2,2,731,1299,0,443,181100
404,NridgHt,6,7,1957,1967,1279,8764,2,1,0,239,1451,0,0,229700
405,CollgCr,7,5,1941,1963,1908,6647,1,2,2,412,1770,0,457,234400
406,Gilbert,8,7,1938,1958,1212,24146,3,2,2,1697,957,1552,354,245800
407,NoRidge,7,5,1888,1980,1842,9104,5,2,2,1050,1349,886,756,298800
408,CollgCr,6,6,1969,1975,1016,10422,5,2,2,1009,1041,255,303,191300
409,Timber,7,7,1906,1991,2343,12909,4,2,2,1064,1228,0,463,357900
410,NridgHt,5,6,1875,1957,2253,6654,4,1,2,1424,1051,0,456,344500
411,Sawyer,8,6,1938,1955,1433,8564,5,1,2,1066,1178,1122,424,230500
412,Somerst,8,5,1884,1952,2063,10277,4,2,0,1146,726,1124,0,276300
413,Sawyer,8,6,1895,1992,1592,11779,1,2,2,1139,873,382,455,264500
414,NoRidge,5,6,1981,1981,951,5019,4,3,1,1003,1874,0,265,208500
415,NoRidge,5,6,1982,2000,2176,6121,2,1,0,856,2127,1354,0,318400
416,Mitchel,8,4,1924,1967,793,2150,2,2,2,1359,1382,935,630,164400
417,NridgHt,7,5,1934,2003,1390,6572,4,1,2,765,866,737,419,273400
418,NWAmes,5,5,1883,1957,1107,9791,4,2,0,1551,1502,187,0,128800
419,OldTown,5,6,1942,1964,2118,14811,2,1,2,1480,1940,0,513,208400
420,Sawyer,7,8,1985,1998,1484,12426,4,1,2,1488,942,355,529,227000
421,NAmes,5,4,1991,1991,1399,5971,1,2,2,627,1106,0,531,183600
422,NWAmes,7,5,2007,2007,1584,7249,5,1,2,1568,1165,345,495,270500
423,Sawyer,8,7,1936,1953,2318,13704,1,3,2,1428,1368,0,324,312700
424,NoRidge,6,7,1913,1967,2035,7479,2,1,2,394,1110,0,404,359600
425,NridgHt,9,6,1931,2006,2365,7907,5,1,2,838,1256,1451,512,459200
426,NoRidge,7,6,1998,1998,1188,17187,5,1,2,1914,1283,0,353,250900
427,OldTown,6,6,1944,2005,2050,13219,4,2,2,961,467,0,646,235200
428,Timber,7,6,1920,1967,1237,5489,3,2,2,1738,859,0,649,238100
429,Mitchel,8,6,1873,2000,584,6709,4,1,2,1528,624,1210,335,151000
430,NAmes,5,7,2004,2004,1174,20907,6,1,1,730,1298,692,195,195200
431,NWAmes,6,4,1975,1990,1311,10698,4,1,2,1281,896,655,419,213900
432,Crawfor,5,7,1894,1984,774,16755,3,1,1,1018,855,0,155,125100
433,Sawyer,4,4,1986,1986,2516,5055,1,1,2,339,895,0,389,237400
434,Somerst,6,7,1893,1976,898,11370,5,2,2,865,1005,1283,564,162900
435,OldTown,7,5,1913,1987,1471,12353,6,2,1,1471,1236,1046,304,188100
436,BrkSide,6,5,1956,1995,927,16510,6,2,2,981,1165,1245,463,143800
437,Somerst,7,4,1906,1987,1914,16932,1,2,2,600,1389,267,376,319900
438,Mitchel,6,7,1960,1960,1447,7315,3,2,2,1545,1512,0,439,192800
439,NAmes,5,6,2001,2001,1560,10485,3,1,2,1011,385,0,447,202500
440,BrkSide,7,6,1927,1979,1816,8010,1,2,2,1666,1530,521,480,223800
441,Timber,5,5,1939,1998,1077,12445,6,2,2,594,866,494,403,239800
442,CollgCr,6,7,1914,1966,2026,4262,3,2,2,1801,1002,957,471,232600
443,NAmes,5,5,1884,1968,1438,3386,5,2,2,1272,1817,214,527,205500
444,Gilbert,5,5,1910,1988,334,10328,4,1,3,1385,981,211,987,122000
445,OldTown,5,7,2002,2002,1028,8910,3,2,1,1328,1266,124,236,155300
446,Sawyer,8,6,1881,1994,2558,10263,2,1,2,988,958,0,599,278400
447,Mitchel,6,8,1879,1976,1865,7626,1,1,3,507,1249,1094,851,233900
448,Crawfor,5,6,1962,2007,1200,15399,6,1,3,571,1751,135,766,194100
449,SawyerW,5,8,1976,1976,1578,11577,3,2,2,1491,985,593,507,187100
450,Somerst,7,6,1897,1971,1809,7072,1,2,1,1017,1007,318,224,297000
451,Crawfor,6,6,1916,1967,1782,8328,1,2,2,1386,1734,78,606,265400
452,NoRidge,7,6,1896,1969,2542,3591,1,2,2,1181,905,1307,415,424700
453,BrkSide,7,6,2004,2004,1720,28078,2,2,2,1062,1545,0,580,214800
454,NoRidge,7,7,1884,2008,2060,7847,2,2,1,1117,1123,82,200,368100
455,NoRidge,4,6,1891,1982,1905,12151,3,1,1,1554,1099,0,250,257100
456,Edwards,6,5,1887,1992,1152,10242,3,2,2,686,1542,1036,612,165500
457,Gilbert,4,5,1977,1984,1920,8828,3,2,0,967,1026,0,0,182900
458,Sawyer,9,6,2004,2004,1437,9879,4,2,0,1389,1468,0,0,249400
459,Timber,6,5,2009,2009,1244,2979,2,1,1,0,1227,1509,224,282800
460,Edwards,8,6,1911,1982,1806,12453,2,2,0,1190,636,0,0,200300
461,Gilbert,7,6,1936,1986,2104,6954,1,2,2,719,1299,0,493,308800
462,OldTown,5,6,1899,1975,1760,12826,1,2,2,1304,1180,0,613,180200
463,Timber,8,7,1915,1974,2478,12223,2,1,2,346,576,1382,557,360100
464,Edwards,6,6,1897,1991,1907,8541,2,1,2,1427,894,1146,587,236300
465,NAmes,8,5,1890,1984,2322,16350,1,2,1,376,1391,0,281,286700
466,Crawfor,5,5,1929,1981,1380,23072,6,1,2,680,1153,236,353,211800
467,NridgHt,7,6,1941,1995,543,5928,2,1,2,1092,534,150,582,219200
468,Crawfor,6,7,1959,1966,956,6850,1,1,2,647,1908,0,295,170300
469,Mitchel,6,6,1890,1952,1654,3588,3,1,2,1028,1412,394,405,197800
470,SawyerW,5,5,1923,2005,929,8595,3,1,0,574,517,1136,0,114600
471,Timber,4,6,2000,2000,1555,10458,2,1,2,860,879,400,263,265800
472,BrkSide,4,7,1944,1973,1690,5821,6,3,2,1384,1565,0,568,168500
473,NoRidge,8,6,1919,1960,1053,7975,1,1,2,1173,1469,447,475,294500
474,OldTown,5,5,1980,1980,1801,24758,6,2,2,1669,1503,1537,462,228900
475,BrkSide,5,4,1965,1965,1726,10541,1,1,0,914,334,0,0,160700
476,Mitchel,6,8,1948,1954,885,8496,3,2,3,1424,1594,1299,304,170300
477,NAmes,7,6,1935,1981,1552,10839,6,2,1,1300,1431,59,228,260100
478,Edwards,8,4,1967,1994,2519,10658,6,1,2,1955,1957,523,548,281600
479,NridgHt,8,5,1941,1968,1500,3165,3,2,3,2307,1044,308,984,390300
480,Mitchel,4,8,1961,2001,798,8225,1,1,2,1280,1199,1440,565,137200
481,Sawyer,4,7,1890,1967,778,7187,5,1,2,771,1841,0,687,100500
482,NoRidge,5,5,1982,1982,2015,16884,4,2,2,787,1396,1289,449,301600
483,BrkSide,7,5,1952,1999,1264,7677,6,1,2,1448,459,0,368,186800
484,BrkSide,7,7,1953,1960,1828,20838,5,1,2,842,1451,119,539,242000
485,Crawfor,8,7,1993,1995,1197,13851,4,2,1,1159,812,382,337,194300
486,NAmes,4,6,1911,1997,1267,17894,5,1,2,555,1110,1013,503,135500
487,Crawfor,5,3,1956,1986,1802,6157,4,2,1,959,1376,47,159,203300
488,Edwards,7,6,1955,2009,1803,9706,6,2,2,975,1079,1513,413,222400
489,Gilbert,5,6,1901,1963,1809,23542,1,2,2,948,1136,0,517,201800
490,BrkSide,8,5,1914,1976,1533,4186,2,2,2,1602,1483,0,534,190800
491,NWAmes,4,5,1946,1963,2272,12048,5,2,2,1255,986,0,458,218100
492,SawyerW,9,4,1966,1981,1794,15801,3,2,2,1404,1580,1394,418,273800
493,Timber,6,6,1967,1976,1065,8413,1,2,3,1228,1571,0,571,244200
494,SawyerW,4,4,1996,1996,1365,10328,2,3,2,468,1522,0,437,215700
495,Gilbert,9,6,1927,2003,1569,17631,1,3,2,1331,1481,1423,480,268200
496,Timber,4,4,1985,2003,858,20917,3,2,1,671,1873,255,257,196700
497,NridgHt,7,5,1913,1965,1284,4071,3,3,0,774,1886,0,0,286600
498,NoRidge,5,5,1923,1959,2228,15961,2,1,1,786,905,103,275,337600
499,Edwards,4,4,1929,1992,977,5040,5,1,2,1825,334,895,361,140900
500,OldTown,5,4,1936,2006,1279,12469,1,1,2,1150,1007,446,381,139900
501,NridgHt,8,7,1943,2008,1312,3979,6,1,1,1188,1862,288,213,309300
502,NridgHt,7,5,1968,1968,1658,4194,4,2,3,1672,1131,410,825,339000
503,NoRidge,4,4,1888,2007,1812,28372,4,1,2,813,1471,0,669,297000
504,Crawfor,7,6,1978,1992,1353,13984,5,2,2,1673,1261,0,364,255800
505,NoRidge,6,5,1948,1965,1984,3009,4,1,2,845,956,1393,589,340700
506,SawyerW,7,7,1990,1990,998,5243,3,3,2,994,1623,0,371,206400
507,Sawyer,4,5,2000,2000,1045,5724,3,2,3,835,1391,640,912,161400
508,CollgCr,3,5,1897,1975,2503,7230,5,1,2,769,1462,1260,474,244100
509,Edwards,4,4,2007,2007,1669,5710,5,2,0,996,2020,0,0,186000
510,Somerst,8,7,1900,1959,1714,4360,3,1,2,1486,894,0,632,290100
511,SawyerW,6,5,1946,1999,909,6542,5,1,2,1983,1249,0,403,184400
512,Crawfor,10,5,1909,1987,1750,8094,6,1,1,212,831,1542,197,262000
513,OldTown,5,4,1997,1997,852,5520,3,1,2,1642,1233,0,515,124900
514,Timber,5,4,1973,1973,1381,14059,2,2,2,1111,810,0,407,276300
515,NWAmes,4,6,1956,1988,1038,5109,3,2,2,969,962,0,450,146300
516,BrkSide,8,8,1872,2004,1353,11509,4,1,2,1022,1330,0,444,195900
517,Crawfor,7,6,1875,1976,1280,10673,5,2,1,1632,1593,0,318,169700
518,Edwards,7,4,1950,1965,1879,6872,2,1,1,1373,1266,0,136,240900
519,Mitchel,7,7,1938,1953,1328,6523,5,2,1,788,1016,0,178,178800
520,Gilbert,8,5,1987,1987,1358,14533,5,1,3,1393,1278,1155,797,221100
521,NAmes,5,5,1937,1961,1498,5894,2,1,2,1006,1180,504,553,172900
522,Crawfor,8,6,1994,2008,2275,15069,5,2,2,774,764,1567,493,315000
523,NAmes,7,5,1964,1992,2470,8939,2,2,0,517,1415,437,0,265500
524,BrkSide,5,7,2005,2005,1067,16672,2,2,2,649,1174,0,461,173000
525,Somerst,6,6,1902,1982,1169,4099,1,2,2,1195,905,348,298,217100
526,BrkSide,5,4,1909,1979,1598,8245,3,2,2,809,1303,574,733,152200
527,Sawyer,7,6,1980,1980,1761,6245,3,2,2,1252,389,0,525,263500
528,CollgCr,8,3,1972,1972,2436,20031,6,2,2,1511,493,1572,403,334900
529,Timber,7,5,1913,1962,1304,9786,5,2,1,918,1387,0,350,281000
530,NridgHt,8,7,1955,1983,1760,6828,2,1,1,950,480,461,340,341300
531,BrkSide,6,7,1924,2005,1622,5076,2,2,2,416,2148,452,622,169200
532,BrkSide,5,5,1899,1959,1303,5625,4,1,2,1588,1205,0,618,153600
533,NWAmes,6,6,1909,1977,1442,11043,6,2,2,1481,687,0,421,231200
534,Timber,4,6,1913,1997,1347,12437,6,1,0,986,922,1433,0,191600
535,NoRidge,6,7,1900,1985,830,20324,3,2,3,900,1227,109,608,246600
536,NridgHt,7,5,1917,1976,2769,9078,3,1,1,992,1165,0,300,371700
537,SawyerW,7,7,2007,2007,2256,3274,2,2,2,1134,611,557,520,279300
538,NAmes,4,6,1901,2005,2354,10937,4,2,2,1257,1265,729,636,263600
539,Somerst,6,6,1982,1982,1238,11478,4,2,3,1031,429,749,801,214600
540,Mitchel,4,6,1936,1950,1075,7190,1,2,2,1037,1706,0,525,134200
541,Mitchel,5,6,1928,2004,2200,12125,4,1,2,1398,881,1433,377,273000
542,Gilbert,6,7,1989,1989,1072,9721,2,1,3,1306,988,0,441,223200
543,NAmes,6,5,1966,1977,2589,11926,5,2,2,1832,1536,0,351,336800
544,NWAmes,3,4,1951,1959,1581,4452,5,1,0,1499,1395,0,0,177100
545,CollgCr,6,5,1894,1994,2505,11128,4,2,0,523,1540,714,0,262400
546,NAmes,6,8,1872,1980,537,4395,5,2,2,1003,1478,0,497,127800
547,Gilbert,6,7,1886,1972,1291,5350,2,2,2,921,1248,762,342,190400
548,Sawyer,6,5,2001,2001,2262,9389,1,2,1,640,668,44,330,295400
549,NWAmes,8,5,1889,1982,1370,6699,5,2,2,1091,500,0,610,201800
550,SawyerW,2,5,1926,2004,1575,6719,3,1,2,1408,1176,0,496,156900
551,CollgCr,6,6,1910,1972,1494,9259,4,2,2,939,1100,234,555,220100
552,Sawyer,3,5,1877,1952,868,8850,4,2,2,1145,1408,0,463,122600
553,NoRidge,5,5,1979,1979,1223,4266,2,1,2,1084,846,55,579,230000
554,NAmes,7,5,1975,1975,2230,7887,1,2,1,1201,774,734,222,268400
555,Timber,10,6,1920,1973,662,13876,5,2,2,603,1098,0,577,271600
556,Crawfor,7,7,1918,1975,1336,10153,3,2,2,1736,989,148,392,205300
557,Crawfor,6,5,1946,2002,1627,24951,5,2,2,1267,553,815,721,234500
558,NAmes,7,6,1909,1977,1111,11492,6,3,2,802,1167,1386,447,203400
559,Edwards,5,7,1982,1982,1761,19547,1,1,2,1992,2055,0,321,231300
560,Timber,7,5,1988,1988,2150,4628,2,2,1,862,1197,0,163,348700
561,SawyerW,7,6,2004,2004,1829,8523,4,1,3,825,1602,0,808,289200
562,BrkSide,8,6,1970,1978,1899,5097,2,1,2,1139,1789,354,516,233100
563,Mitchel,6,6,2005,2005,1190,6010,1,1,2,1216,1208,723,358,197400
564,Edwards,7,7,1887,1956,1429,21213,3,3,1,1511,1374,0,289,170700
565,BrkSide,6,6,1934,1969,1297,3674,5,2,2,1595,963,512,503,182200
566,Mitchel,6,6,1961,1995,1883,14372,6,2,2,1149,718,0,570,267600
567,CollgCr,6,6,1893,1953,2277,11394,4,2,2,1223,871,896,398,250100
568,NoRidge,7,5,1906,1979,1733,12470,2,1,2,543,1740,1316,452,341700
569,Gilbert,6,7,1994,1994,1072,7635,6,2,2,1797,1011,0,568,172300
570,SawyerW,6,6,1892,1976,371,18056,2,2,2,699,1124,1562,722,112100
571,BrkSide,5,5,1943,1975,1614,9792,1,1,1,1159,857,366,187,145900
572,OldTown,6,5,1911,1987,1915,11983,1,2,2,1522,1220,0,442,181700
573,OldTown,5,5,1931,1962,1075,3262,2,2,2,791,1511,0,199,135100
574,Crawfor,6,6,1936,1972,1527,5024,5,2,1,1539,1893,377,264,201900
575,Edwards,4,4,1968,2004,875,7228,6,2,1,802,407,0,129,134500
576,Somerst,8,5,1880,1993,1658,11818,6,1,2,1248,1056,451,374,246600
577,Gilbert,5,5,1979,1990,678,4681,1,1,2,1200,1415,1450,472,142900
578,Crawfor,8,6,1986,1986,1840,3695,3,3,2,320,1483,932,386,288900
579,SawyerW,5,7,1876,1974,1200,9121,3,1,1,1126,1584,0,276,157900
580,Sawyer,9,7,1970,1970,1675,5348,2,2,2,827,959,0,591,250400
581,Mitchel,7,5,1947,1985,1455,9883,5,1,2,1803,500,1530,451,229200
582,Crawfor,5,6,1948,1998,1965,7305,1,1,2,998,1715,0,404,211400
583,Sawyer,7,6,1968,2001,1990,11623,1,1,2,995,1344,0,294,274600
584,Crawfor,7,6,1959,1967,1397,4140,1,1,1,982,1197,0,230,185800
585,Timber,8,6,1888,1970,2477,6468,5,1,2,733,1439,1197,397,322700
586,Gilbert,6,4,1968,1968,1679,7309,3,2,2,1530,1162,1081,419,234800
587,SawyerW,8,5,1960,1969,525,13788,3,2,2,0,1414,0,596,190800
588,NWAmes,6,4,1971,1975,1161,6688,1,1,2,1290,364,1254,401,197100
589,NridgHt,4,7,1901,1979,848,8705,4,1,2,1295,1448,0,260,174100
590,Gilbert,7,7,1994,1994,934,5098,3,1,2,422,1523,0,384,225900
591,Crawfor,6,4,1889,1997,1350,11281,6,1,1,1019,1302,1343,194,188100
592,Crawfor,6,4,1876,2005,1108,12034,4,2,1,1077,942,0,118,154600
593,Edwards,7,6,1967,1998,1576,8162,1,2,1,989,1138,0,368,205200
594,NridgHt,8,5,1954,1991,1182,6345,1,1,3,991,1568,0,546,273900
595,NridgHt,5,6,1885,1976,2473,6441,5,1,3,411,1425,0,678,395000
596,Gilbert,5,8,1906,1985,1732,7465,1,1,2,829,1345,0,548,207700
597,Somerst,6,5,1883,1954,535,11360,5,1,1,1353,1417,228,314,146200
598,Timber,7,6,1925,2002,1781,7338,6,2,1,1137,1388,1139,269,344200
599,OldTown,6,5,1969,1994,1522,15604,6,2,2,761,946,0,640,172500
600,Sawyer,6,7,1889,2004,668,8082,1,2,2,1017,1147,925,327,161100
601,NridgHt,5,4,2004,2004,1214,4966,4,1,1,1094,1591,0,197,233200
602,Timber,5,4,2002,2007,1431,20836,3,1,2,908,1180,0,546,257400
603,NAmes,5,6,1953,1953,1447,6195,3,1,2,1053,729,1289,407,211000
604,CollgCr,5,7,1953,1989,796,5551,6,1,2,980,852,0,351,155200
605,BrkSide,7,5,1901,1981,2054,7173,3,2,2,948,846,1583,380,227800
606,SawyerW,5,5,2008,2009,1706,15705,5,2,1,476,702,0,194,233400
607,SawyerW,9,4,2009,2009,1927,13827,2,1,1,1523,806,919,182,257700
608,NoRidge,3,6,1954,1982,1517,11488,1,3,1,1305,1885,1410,220,266100
609,NAmes,5,4,2001,2001,1359,10777,4,3,2,661,1106,155,269,221100
610,OldTown,6,8,1877,1969,1944,10335,2,2,2,1288,1796,0,309,222300
611,BrkSide,6,6,1989,1998,1539,10156,5,1,2,1483,1585,0,504,204700
612,NoRidge,6,6,1945,1993,1885,10888,5,2,2,987,707,132,396,342900
613,NWAmes,6,5,1903,1995,1751,7253,6,2,2,1325,992,0,453,253300
614,Sawyer,7,5,1988,1988,1507,5766,4,1,2,884,816,0,381,266300
615,NWAmes,4,5,1893,1951,2294,12719,1,2,0,1455,1400,76,0,243100
616,OldTown,8,6,1891,1952,2106,5216,1,2,2,869,1205,1352,341,222900
617,OldTown,4,7,1993,1993,2069,8745,1,1,2,663,565,0,395,190200
618,Timber,5,6,1926,1973,1213,6235,5,1,2,467,1050,0,575,222200
619,OldTown,6,5,1878,1995,714,5830,1,1,0,309,1191,84,0,110200
620,Somerst,7,6,1887,1976,1324,11930,2,1,1,2160,1278,1185,260,236600
621,SawyerW,7,5,1950,1975,1277,10003,6,1,2,591,744,16,465,197800
622,NridgHt,8,7,1918,1958,2398,15998,3,3,2,1155,946,399,496,441300
623,Somerst,6,5,1881,1961,334,7230,6,1,0,874,1199,0,0,125200
624,Somerst,7,5,1962,1986,2552,11252,3,2,2,1222,1216,1136,317,395900
625,SawyerW,5,6,1893,1995,1795,5924,3,1,1,1951,782,876,284,213800
626,Crawfor,7,5,1896,2001,1847,10086,2,2,0,930,1122,1403,0,249600
627,BrkSide,7,7,1923,1950,2466,4909,2,1,2,623,999,363,468,215800
628,Mitchel,6,6,1963,1967,2441,5909,2,1,3,908,1467,292,896,265100
629,Timber,5,5,1937,1955,1798,10695,1,1,3,1162,1049,518,884,286400
630,CollgCr,8,7,1951,1966,1669,3815,3,1,1,1276,1376,1573,237,258300
631,SawyerW,7,6,1964,1971,1778,15706,2,2,2,915,1486,1568,564,236200
632,NAmes,8,7,1915,1986,1750,9405,2,1,1,1480,1414,0,257,254900
633,OldTown,6,5,2009,2009,1659,6950,2,1,0,966,1506,0,0,207200
634,Gilbert,7,6,1917,2001,1877,10118,6,2,2,922,1068,1598,405,226100
635,BrkSide,9,7,1983,1983,1194,12082,6,1,2,618,688,0,667,208600
636,NoRidge,7,5,1989,1989,1894,23108,1,2,2,1808,691,568,355,367800
637,Timber,8,7,1970,1996,944,4258,3,2,2,814,1353,0,335,236400
638,Crawfor,8,6,1917,1966,1518,6436,3,1,2,1736,1942,404,545,252800
639,Gilbert,8,6,1886,2004,1821,15939,4,1,2,632,908,0,557,226100
640,NWAmes,6,3,1939,1961,472,7967,6,1,2,744,1702,622,687,152600
641,NAmes,8,4,2001,2009,456,10713,2,2,2,1130,620,492,204,154700
642,NoRidge,7,5,1993,2008,1658,3300,5,2,2,832,1200,0,556,359400
643,BrkSide,6,7,1916,2002,609,10995,3,1,1,952,555,0,244,104900
644,SawyerW,6,4,1905,1971,1557,8547,1,1,3,228,880,426,958,217000
645,Edwards,7,5,1910,1970,1256,9086,3,2,2,558,728,1005,332,175600
646,Sawyer,7,6,1889,1979,1742,9694,6,3,2,1262,1578,1101,568,251100
647,NAmes,4,6,1947,1964,2034,5094,1,2,2,1252,1898,1418,396,206600
648,Somerst,9,7,1897,1967,801,5830,3,2,2,631,476,0,350,236800
649,CollgCr,6,6,1895,1965,2214,17142,4,2,3,987,819,979,977,323200
650,Crawfor,7,5,1907,2004,1487,7583,2,1,1,470,2061,907,265,189200
651,NoRidge,8,4,1916,1988,1881,23504,5,1,2,1265,1855,0,582,387100
652,Sawyer,5,7,1899,1953,2340,15479,5,1,2,1621,1380,50,323,255000
653,Mitchel,7,6,1880,1960,1741,9303,6,1,1,382,1043,1290,302,216900
654,NWAmes,5,6,1993,1993,1401,8908,4,1,2,1201,782,397,475,203800
655,NoRidge,6,5,1989,1989,1464,8252,5,1,2,364,982,27,532,304600
656,Somerst,8,6,1987,1987,1637,7478,4,1,2,1610,897,1574,369,320400
657,SawyerW,8,5,1954,1961,1907,7701,2,1,2,2047,1547,1259,528,247700
658,NWAmes,5,5,1978,1983,2297,27970,5,2,2,1160,1045,0,617,289200
659,Crawfor,4,5,1922,1996,1846,8416,6,2,2,628,1228,931,422,216100
660,Mitchel,3,7,1889,1950,378,15646,6,1,2,983,2171,0,457,78600
661,Gilbert,8,5,1976,1990,2300,7266,6,1,2,1169,1133,1297,608,293300
662,Sawyer,3,5,1928,1992,1637,3948,2,1,2,1329,1132,1059,286,186600
663,NridgHt,6,7,1991,1991,2027,6223,1,2,2,619,1622,0,618,344900
664,Edwards,5,6,1982,1982,1719,8439,1,1,0,866,1471,0,0,192100
665,Timber,4,7,1925,1960,637,8110,1,1,0,1476,1332,0,0,125000
666,Somerst,5,4,1992,1994,469,10221,3,2,1,1260,476,0,336,134500
667,SawyerW,6,6,1907,1976,1077,7637,4,1,2,780,1987,0,374,196800
668,Somerst,7,6,1915,1963,1597,3641,1,2,2,1841,1457,1002,550,308600
669,Edwards,6,6,1952,1973,909,12061,2,2,2,875,1450,0,454,178600
670,NridgHt,5,5,1995,2003,2095,7987,5,1,2,318,1670,0,511,393900
671,NWAmes,4,6,1977,1982,1196,7579,5,2,1,681,1600,1131,150,176900
672,Gilbert,8,7,1896,1973,1723,9729,5,3,2,1783,1088,712,346,227600
673,NridgHt,6,5,1977,1984,1823,13134,6,2,2,1503,1944,526,395,325100
674,OldTown,5,7,1925,1979,1482,12239,1,2,2,1316,932,0,355,199300
675,NWAmes,8,5,1938,1971,1093,9298,2,2,2,1478,368,0,368,223500
676,NAmes,5,6,1911,1979,1359,14989,5,2,1,1328,1052,0,239,186600
677,Edwards,6,4,1989,1989,1218,12099,5,2,3,700,652,0,608,181500
678,BrkSide,7,4,1954,1982,1116,5699,4,3,2,638,1293,858,481,189800
679,NoRidge,7,5,1873,2007,970,6747,1,1,2,768,876,0,505,221200
680,OldTown,5,4,1941,1996,1908,7852,3,3,2,1268,1242,1219,469,224000
681,NAmes,5,5,1898,1972,2439,21968,6,3,2,1342,1044,0,319,304000
682,Crawfor,7,7,1996,1996,1579,9394,5,1,2,1532,1269,744,461,239700
683,NAmes,5,5,2005,2005,1690,5067,1,2,1,1835,849,778,177,241700
684,Gilbert,6,6,1872,1961,1413,14140,6,1,2,1632,939,813,573,218300
685,NAmes,5,8,1946,1987,1364,6598,2,3,2,1608,527,0,232,180600
686,Gilbert,7,6,1965,1977,999,27800,5,2,2,1233,1294,0,291,222800
687,Sawyer,8,6,1901,1983,2028,10607,1,2,2,978,1477,0,362,291900
688,NAmes,7,5,1953,2007,1613,3323,5,1,2,1134,1431,903,329,238600
689,OldTown,7,6,1978,1982,1755,7928,5,2,2,746,892,0,479,236300
690,Mitchel,4,7,1887,1964,1407,8053,2,2,2,262,1299,734,523,149600
691,NridgHt,3,5,1943,1960,609,7643,3,2,1,1812,913,0,292,151000
692,CollgCr,5,6,1902,1974,1090,13626,2,1,2,857,965,0,475,155700
693,Timber,5,4,1876,1982,1734,11442,1,2,1,1031,356,599,144,235800
694,Sawyer,6,6,1876,2005,1658,15940,1,2,1,1118,1260,317,169,214600
695,NWAmes,8,5,1895,2002,1542,11631,2,1,2,1049,1195,449,462,211100
696,NAmes,3,6,1960,1999,1845,10950,6,2,2,763,1306,1014,548,229000
697,Gilbert,7,3,1906,1986,919,4813,3,1,2,648,2061,0,429,166800
698,Mitchel,6,6,1895,2008,1991,10106,1,1,1,210,692,421,197,218300
699,Sawyer,7,6,1936,1987,2469,11923,1,1,2,1184,1666,0,368,307800
700,NAmes,8,6,1888,1990,2084,10995,2,2,2,1733,1356,0,568,273300
701,OldTown,5,5,1981,1981,1361,11337,4,2,3,1185,933,0,504,188700
702,Somerst,7,3,1979,1979,2203,4059,3,1,2,718,1513,1042,617,355300
703,Gilbert,6,7,1929,1996,1733,10232,3,2,2,930,1176,0,436,213900
704,Mitchel,8,4,1955,1990,1460,7102,5,2,2,1281,1296,0,506,264400
705,Edwards,6,7,1925,1953,1833,11806,5,1,2,1367,856,0,447,194300
706,Crawfor,7,5,1924,2004,2226,15006,4,2,1,733,1046,456,295,261800
707,Gilbert,5,4,1997,1997,334,13272,2,2,2,536,693,0,391,137500
708,Edwards,6,5,1998,1998,468,7912,3,1,2,617,1462,0,431,135400
709,Gilbert,7,4,1928,1956,724,5898,2,2,3,1266,1916,0,756,186200
710,NWAmes,6,4,1983,1983,1290,8928,2,2,3,447,947,455,841,207200
711,CollgCr,5,7,1962,1990,1764,8350,3,2,1,673,1307,0,259,225200
712,NoRidge,5,7,1881,1997,2277,13820,3,1,2,1017,941,12,465,345900
713,Somerst,9,5,1989,1989,879,14264,1,3,2,1797,494,0,408,282600
714,Timber,6,5,1947,2009,2265,12628,2,1,1,810,1046,1494,195,369300
715,Somerst,8,3,1962,2002,1281,7289,1,1,2,1401,1150,0,642,275800
716,Edwards,7,5,1963,1963,1896,13995,2,2,1,475,1568,0,158,245900
717,NridgHt,7,5,1991,1991,1386,10956,3,2,2,933,1459,688,474,326800
718,NoRidge,5,7,1962,2005,812,4145,5,2,2,285,1272,210,416,210000
719,Edwards,8,6,2000,2003,2108,5246,4,2,3,1154,1359,0,575,303300
720,Timber,7,6,1936,1958,1052,4973,5,2,2,739,482,0,389,269600
721,Somerst,9,6,1887,1952,759,6569,3,2,2,1143,2327,1102,315,204100
722,Gilbert,5,5,1934,2005,2118,13196,6,1,2,737,469,884,568,213600
723,Gilbert,7,6,1922,1965,1822,16898,6,1,2,1664,1751,66,398,284200
724,OldTown,8,6,1987,1987,2218,7805,4,1,2,918,752,0,545,233100
725,NWAmes,5,6,1957,1957,2326,8559,2,2,2,926,1178,0,421,287400
726,OldTown,5,6,1968,1997,1812,6751,5,1,3,841,1675,0,569,225900
727,NAmes,7,8,1963,1998,881,9881,4,1,2,1114,1836,0,487,175300
728,NoRidge,6,3,2004,2004,754,6521,4,1,1,1174,1143,0,328,196100
729,NWAmes,6,4,1941,1960,1031,10288,5,1,2,695,913,0,494,150600
730,Sawyer,5,5,2004,2008,2393,16366,1,1,1,966,760,897,270,292300
731,NoRidge,6,7,1991,1991,1715,8074,1,1,2,1243,985,1552,600,317700
732,BrkSide,7,6,2003,2005,1345,7286,4,2,2,1691,880,100,619,181700
733,NoRidge,6,6,1957,1969,1967,8667,2,2,2,1468,1761,1471,434,388300
734,Sawyer,8,5,1882,1967,1868,7403,3,1,2,1238,779,384,476,252400
735,NridgHt,4,5,2002,2002,1545,10344,4,2,1,1611,615,817,223,252300
736,BrkSide,7,6,1910,1958,1925,14013,5,1,3,502,909,0,709,206000
737,SawyerW,7,5,1909,1996,901,5106,5,2,3,1651,1885,820,917,187900
738,CollgCr,6,7,1902,1963,2817,4617,3,2,2,1102,862,1338,594,335900
739,CollgCr,9,4,1995,1995,334,6339,3,2,2,802,1391,1322,524,221700
740,NWAmes,6,7,1905,1957,1018,11116,6,1,2,925,1467,0,503,161200
741,Somerst,5,7,1887,1999,1137,11846,4,2,2,1432,707,393,412,196600
742,Mitchel,7,5,1914,2006,1268,21009,5,1,2,874,1182,0,482,201600
743,Edwards,4,4,2005,2005,1381,12334,2,2,2,1096,1198,1488,476,188900
744,Edwards,6,5,1977,1997,2064,8346,3,2,2,1248,1383,820,534,266100
745,BrkSide,5,5,1989,1989,1714,5121,4,2,1,1442,1500,0,216,159600
746,NridgHt,3,7,1924,1967,1327,9069,1,3,2,456,911,0,587,197300
747,Timber,5,5,1900,1995,2082,9782,3,2,2,916,1030,0,552,269300
748,Gilbert,7,6,1895,1968,1244,8338,2,2,3,1408,1139,1267,568,191100
749,Edwards,6,5,1940,1993,1479,7876,2,2,1,1644,2205,0,214,174600
750,CollgCr,8,5,1965,1989,1106,10673,5,2,2,778,629,0,539,266300
751,NAmes,5,5,1941,2000,680,9684,5,1,2,1807,1101,0,334,145700
752,Edwards,5,8,1879,2001,1361,19405,5,1,0,1125,1235,3,0,125100
753,Somerst,6,7,1969,1969,1639,6863,5,1,2,465,816,0,368,296000
754,Mitchel,7,6,1877,1952,2513,11070,1,1,2,1253,1445,416,495,310900
755,SawyerW,6,6,1973,2006,1320,7572,2,2,1,933,815,0,428,181500
756,NAmes,6,7,1940,1970,1440,7538,3,3,3,716,1140,0,627,254300
757,Mitchel,7,4,1889,1979,1140,9225,4,2,2,376,710,113,598,198000
758,SawyerW,6,3,1989,2006,603,17453,3,2,1,1018,675,909,193,173500
759,Crawfor,7,6,1906,1955,1093,13973,4,2,2,1245,1007,311,439,219700
760,OldTown,5,5,1985,1985,1160,5083,1,2,1,1176,971,737,304,148000
761,OldTown,6,5,1886,1958,2027,10133,5,2,2,903,1197,0,267,242700
762,Timber,6,6,1945,1979,1371,3790,2,1,1,480,1260,1330,97,247700
763,OldTown,8,3,1888,1958,1412,7450,3,1,1,1564,1786,1168,195,175900
764,SawyerW,7,7,1953,1970,2110,15042,2,1,3,1205,889,0,482,323000
765,SawyerW,3,7,1962,1978,1898,7004,1,2,0,0,352,0,0,164100
766,NWAmes,9,4,1984,2003,1844,6805,6,1,2,758,568,0,407,321200
767,Edwards,7,8,1936,1978,2140,22980,3,3,2,1348,975,0,294,221200
768,Sawyer,8,7,1884,1983,870,11205,6,1,2,1601,683,0,438,186600
769,Sawyer,8,5,1948,1983,412,15343,3,1,2,1474,1304,576,569,163600
770,Mitchel,5,5,1948,2008,1551,16768,6,2,1,1212,403,12,180,170100
771,Sawyer,5,6,1978,1978,1239,8665,5,2,2,700,690,1336,391,163100
772,Crawfor,5,6,1897,1962,2112,14458,6,2,2,1623,694,743,545,237500
773,Crawfor,6,6,1923,1972,1438,8712,3,2,2,1429,869,664,362,199600
774,Gilbert,4,8,1971,1971,2620,8437,4,2,3,1026,848,118,1020,328400
775,Timber,7,5,1979,1979,2226,10993,6,2,1,1176,1135,963,228,381100
776,NoRidge,6,6,1969,1969,1924,14471,1,1,2,1139,1256,0,523,307800
777,Gilbert,5,6,1921,1984,2137,8375,4,1,3,815,1102,1221,585,235900
778,Crawfor,9,4,2008,2008,991,12646,1,2,1,962,1139,1206,244,250400
779,Mitchel,7,6,2000,2000,1070,5735,6,1,2,1354,1104,0,682,235200
780,Somerst,2,5,1974,1974,899,10977,4,1,2,1051,625,0,640,127000
781,SawyerW,7,6,1993,1993,1343,3610,3,1,3,1094,1345,1551,698,213900
782,BrkSide,6,5,1963,1986,648,9913,5,1,0,681,986,27,0,120300
783,Timber,6,7,1964,1996,856,4361,3,2,1,1472,334,0,233,181400
784,NridgHt,7,4,2003,2003,1213,14911,3,1,0,1284,857,0,0,295000
785,BrkSide,6,3,2008,2008,421,8251,6,1,2,504,709,0,556,104100
786,Sawyer,6,7,1938,1983,1394,8385,6,2,1,1138,1146,468,180,227800
787,OldTown,4,5,1998,1998,658,10004,2,2,2,986,1347,0,471,102200
788,NAmes,6,7,1971,2006,1224,7319,4,2,2,1841,769,0,458,199000
789,NWAmes,5,9,1969,1977,507,7259,6,1,1,767,1113,248,296,122000
790,OldTown,7,5,1989,1989,2127,8298,2,1,2,807,1546,665,486,271300
791,NoRidge,7,5,1918,1953,2097,5398,1,3,1,663,865,1246,229,328100
792,Crawfor,9,6,1937,1954,979,3804,2,1,3,1912,1224,0,979,231700
793,CollgCr,5,4,1908,1960,1455,6915,1,1,2,1782,1132,0,582,177100
794,Gilbert,5,5,1932,1995,2322,6838,4,1,2,1346,1177,0,386,244300
795,NAmes,7,6,1948,1986,2344,3605,2,1,2,827,1277,126,545,302800
796,OldTown,5,5,1906,1974,1306,10758,4,2,2,243,1320,31,429,136300
797,Mitchel,5,6,1940,2002,1019,7809,3,2,1,713,1114,388,210,144500
798,Timber,4,4,1902,1950,2551,12625,1,2,2,76,744,550,374,285800
799,NoRidge,8,6,1937,1973,885,8954,3,1,2,441,1142,777,371,230500
800,NoRidge,5,7,1965,1980,1912,7669,5,2,2,699,1214,0,384,359400
801,Somerst,6,3,1957,1962,1320,9110,2,1,2,1191,853,306,364,246400
802,NridgHt,5,6,1907,1990,1302,4016,6,2,2,1188,1030,1368,514,223900
803,NAmes,7,7,1929,2000,1145,7128,5,1,2,1195,1139,1219,410,222700
804,Edwards,7,6,1957,2007,1700,13227,5,3,1,1582,1453,0,277,223700
805,NoRidge,7,6,1963,1967,1514,26667,4,1,2,853,2071,0,442,331400
806,BrkSide,5,7,1964,1968,778,6045,1,1,1,403,1179,4,303,119000
807,CollgCr,6,8,1899,1958,1493,12042,2,1,2,403,1372,1408,350,241500
808,NAmes,6,6,1890,1986,1129,7356,1,2,1,381,1396,293,117,163500
809,NWAmes,6,4,1991,1993,1446,12065,2,2,1,1372,1246,392,247,187600
810,Sawyer,7,5,1941,1995,1776,10125,1,2,2,552,606,0,643,271800
811,Edwards,6,6,1982,1982,1251,4439,3,2,1,138,706,0,229,189400
812,OldTown,7,4,1903,1994,1354,9205,2,2,1,1181,1011,758,257,158600
813,CollgCr,5,6,1926,1982,1141,9872,4,1,1,804,781,86,179,147400
814,Somerst,7,5,1932,1976,1729,8554,5,1,3,1032,836,0,913,320500
815,Gilbert,5,8,1952,1955,1462,4052,1,2,2,1074,644,370,464,177700
816,NAmes,10,4,1952,1970,1725,8829,1,2,3,522,1406,986,782,291200
817,NWAmes,7,8,1936,1961,1559,7972,2,2,2,1843,360,774,364,249900
818,Crawfor,5,4,1925,1994,2487,8749,6,2,2,748,1447,1374,381,286200
819,SawyerW,6,3,1924,1987,1729,12121,5,2,3,110,1665,272,681,210900
820,OldTown,6,7,1942,1973,1562,6505,6,1,3,1657,1449,1459,598,182400
821,OldTown,6,5,1982,1982,1605,9697,3,1,3,1299,778,1136,876,235000
822,Gilbert,5,6,1997,1997,2409,9438,6,2,1,164,1289,0,220,281000
823,Timber,3,6,1961,1961,2197,5077,4,1,2,322,1333,458,502,286200
824,Gilbert,8,4,1996,1996,2238,3603,3,1,2,1875,566,0,625,320200
825,Crawfor,6,3,1939,1963,1510,8504,6,1,1,704,1599,376,278,180400
826,BrkSide,7,5,1952,1965,1905,8011,1,1,2,498,1170,298,657,208200
827,Crawfor,4,6,1996,2009,1462,6730,2,2,2,1498,1557,0,333,217400
828,SawyerW,7,5,1904,1994,1872,10333,4,2,2,1815,559,657,509,260600
829,Sawyer,6,5,1908,1990,1493,10527,6,1,2,411,1528,125,287,187900
830,Crawfor,6,6,1876,1975,1450,6591,1,1,1,1225,1500,0,184,181700
831,NridgHt,4,4,1989,1989,1329,16633,1,2,2,1478,2109,699,470,225900
832,OldTown,6,5,1938,1979,1643,6351,6,2,2,521,866,673,489,208400
833,NAmes,7,7,1958,1997,2005,21861,5,1,2,943,334,0,507,240400
834,Gilbert,6,5,1938,1975,2019,12845,5,1,2,406,1467,1033,482,218200
835,BrkSide,9,6,1915,1994,1204,9080,4,1,2,889,791,1529,748,199500
836,Mitchel,7,5,1899,1995,1489,4348,1,2,3,1434,1524,0,614,242400
837,SawyerW,9,5,1922,1990,964,4774,5,1,0,1152,718,1464,0,171200
838,NridgHt,5,6,1896,1971,1298,10105,2,2,2,712,1438,1569,776,233200
839,OldTown,4,4,1941,1974,1177,7953,2,2,3,1045,993,0,1044,168600
840,Edwards,5,7,1927,1976,843,6208,3,1,2,50,1433,861,575,145600
841,Mitchel,5,6,1987,1992,1370,11525,5,2,2,661,1308,1152,592,224200
842,Crawfor,5,7,1976,1976,2421,8801,6,2,2,1993,1439,308,435,311300
843,Sawyer,6,5,1918,1977,1491,5270,6,1,2,1252,1471,0,458,190600
844,SawyerW,7,4,1998,1998,2020,7395,1,3,2,1521,1358,811,532,284700
845,Edwards,5,5,1969,1969,1531,7962,5,2,2,647,711,0,515,215500
846,BrkSide,6,6,1893,2005,1357,11975,4,3,2,565,1708,1279,407,167200
847,SawyerW,5,6,1910,2001,2161,8912,3,1,2,630,1165,0,567,225600
848,Edwards,6,6,1989,1998,2360,9088,2,1,2,1087,1363,128,781,277700
849,OldTown,5,4,1911,1988,924,15545,2,1,0,1735,1032,640,0,118400
850,Mitchel,5,7,1916,1957,2188,3893,6,2,1,1312,1504,1407,376,221100
851,CollgCr,7,5,1919,1955,1647,21443,3,2,2,1002,1256,0,536,253000
852,Sawyer,6,5,1961,1995,901,4253,2,1,2,1248,1354,0,612,163100
853,NAmes,7,6,1939,1989,1336,4458,5,2,2,1811,824,0,521,201500
854,NridgHt,5,6,1976,1976,1483,7755,1,1,2,625,1530,28,537,315500
855,BrkSide,6,5,1872,1955,1897,6275,5,1,2,1845,1265,551,399,193900
856,CollgCr,7,7,1908,1963,1765,22678,3,2,2,1281,538,103,398,274000
857,Edwards,8,6,1993,1994,1346,5549,3,2,2,1755,881,165,540,218400
858,Timber,5,6,1968,1968,1901,6152,3,1,2,1214,1307,869,599,271300
859,Timber,5,5,1891,1995,1217,8513,3,1,0,1773,1477,0,0,204300
860,Timber,6,5,1915,2003,1313,19579,4,1,1,1199,1466,26,308,251700
861,Gilbert,4,5,1934,1986,2528,15608,4,1,1,1445,762,1193,148,229600
862,Timber,7,6,1878,1970,694,9922,5,2,2,1283,1214,0,502,174700
863,OldTown,6,4,1969,1969,1958,4782,6,1,2,1212,793,583,586,223700
864,Gilbert,4,6,1935,1979,951,3705,2,1,2,617,1069,0,194,141700
865,BrkSide,5,6,1933,2000,1733,5478,2,1,2,883,859,0,516,159500
866,CollgCr,7,6,1932,1968,1580,3324,3,1,2,1463,1323,0,483,248500
867,Timber,5,6,1880,1969,1195,4802,1,2,3,764,1593,0,837,243400
868,NAmes,7,6,1903,1995,1490,3406,3,3,1,1184,1791,0,199,242100
869,CollgCr,8,5,1920,1950,1030,10708,6,1,1,1239,1260,139,309,218900
870,Somerst,8,4,1902,1960,1804,4745,5,1,2,107,983,1571,533,325200
871,Mitchel,7,5,1958,2003,1911,14597,4,2,2,341,482,0,490,235400
872,NoRidge,6,6,1952,1966,2172,9528,6,2,3,1629,1390,0,714,365400
873,BrkSide,5,7,2001,2001,2411,8735,6,2,2,1528,1617,22,458,218100
874,NAmes,7,6,1922,1989,1366,12431,3,1,2,1165,1712,1316,505,233700
875,Gilbert,7,7,1890,1990,1211,7214,6,2,2,961,992,1085,440,181500
876,NoRidge,8,6,1883,1978,1233,9287,5,2,2,884,1119,1296,508,324100
877,Somerst,7,5,1906,1989,2221,5632,4,2,2,783,1307,1223,483,366500
878,NoRidge,6,6,1999,1999,1292,14677,3,1,2,775,1187,176,461,285900
879,Edwards,8,5,2003,2003,1800,17416,1,2,2,910,720,0,403,270200
880,SawyerW,8,8,1985,1985,854,7091,5,2,2,1767,647,1368,536,180100
881,Sawyer,3,5,1881,1972,1492,16978,1,2,1,865,1549,0,306,141400
882,Sawyer,8,5,1970,2007,1684,8681,6,1,2,1075,1684,0,648,285500
883,Crawfor,7,5,2009,2009,1409,12702,5,1,1,251,928,0,263,248600
884,CollgCr,6,7,2009,2009,1287,8593,6,1,2,685,1549,99,584,227600
885,NWAmes,6,4,1965,2006,710,7977,5,1,3,889,1344,408,636,185200
886,BrkSide,7,4,1915,1961,2453,6963,4,2,1,1075,1096,256,248,212100
887,NAmes,8,4,1901,1956,1656,11777,2,2,2,944,1231,959,506,278000
888,SawyerW,7,4,1955,1991,2540,4857,6,3,3,249,1609,746,841,372300
889,Crawfor,7,6,1968,2002,1853,9930,5,1,0,1156,938,1564,0,260800
890,NridgHt,7,6,1950,1967,2061,14781,2,2,0,1266,1097,1171,0,405500
891,Timber,7,4,1910,1959,1384,5321,5,2,2,1855,835,1403,513,262900
892,Mitchel,9,6,1877,1988,1575,13180,2,3,2,898,551,1083,582,280700
893,NAmes,8,6,1970,1978,1596,15762,1,1,2,1119,1517,0,589,240200
894,BrkSide,7,6,1988,1992,1582,5839,6,2,2,931,726,1130,713,213800
895,CollgCr,5,3,1905,2003,2463,7750,1,3,1,1052,1262,1219,206,298200
896,Crawfor,7,7,1887,1996,1448,6168,3,2,1,1188,1427,0,299,184500
897,Somerst,6,6,1894,1996,1594,9551,1,2,1,1444,1069,110,181,224300
898,SawyerW,6,6,2002,2002,1233,5115,2,1,0,1233,1375,0,0,167300
899,BrkSide,5,7,1902,1992,1684,13668,4,1,2,656,936,911,562,176400
900,SawyerW,6,7,1886,1967,1199,6445,2,1,2,590,1862,0,578,190300
901,SawyerW,6,4,1927,1967,1365,5165,2,1,2,796,901,1391,579,176600
902,CollgCr,8,7,1993,1993,2432,11150,1,2,2,672,2109,529,351,352400
903,NoRidge,6,5,1908,1980,1469,5293,4,1,1,758,695,619,312,226400
904,Mitchel,7,4,1939,2008,1014,8701,4,2,2,498,805,0,236,178200
905,Mitchel,7,6,1993,1993,2301,15466,4,2,2,1424,957,0,431,339800
906,CollgCr,7,5,1886,1960,1477,13700,3,2,1,798,1460,0,266,203300
907,NAmes,6,7,1992,2009,2085,14860,3,2,2,904,984,1154,496,294400
908,NridgHt,8,6,1978,1991,2096,7746,6,2,2,1549,1924,763,335,414700
909,Sawyer,2,7,1974,1974,1753,8643,6,2,2,741,1130,0,543,203200
910,CollgCr,8,5,1979,1995,1750,11235,4,1,2,1190,1415,232,756,302200
911,NoRidge,3,7,1876,1996,1218,7673,3,2,1,1674,1113,1531,256,160600
912,SawyerW,8,5,1954,1985,1571,11842,2,2,2,392,858,530,487,217700
913,Edwards,7,7,1894,1964,2226,4553,3,1,3,1163,806,928,529,281500
914,Sawyer,7,6,1966,1995,1411,8625,5,2,2,1418,1330,1456,332,215800
915,CollgCr,8,5,1980,1984,1087,15998,1,1,1,958,1208,633,178,229800
916,Crawfor,6,8,1920,1954,681,7511,4,2,2,518,334,1422,577,139300
917,NridgHt,7,5,2000,2000,1617,9034,5,2,2,986,1411,772,544,318700
918,Crawfor,5,5,1929,1994,1164,26947,3,1,1,1608,1096,0,299,167200
919,Somerst,6,6,1885,1957,2268,6527,3,1,2,676,1633,282,489,301600
920,Gilbert,8,6,1943,1964,1763,8451,4,2,0,1258,1043,232,0,244700
921,CollgCr,7,4,1884,1982,1639,3546,6,1,2,771,1250,52,372,201800
922,SawyerW,7,4,1912,1976,1625,10892,5,2,2,1646,1221,1598,292,234500
923,Timber,6,5,1973,2002,1512,12357,3,1,2,1001,868,197,453,311100
924,OldTown,6,6,1948,1988,1637,11982,3,2,2,510,1204,972,411,188900
925,OldTown,5,5,1917,1968,939,20932,2,2,1,1079,1191,1108,353,136900
926,CollgCr,6,6,1971,2004,1884,11792,1,1,2,571,1617,1167,629,225700
927,Edwards,4,7,1939,1965,1437,8651,4,3,0,982,906,1585,0,173800
928,NWAmes,5,6,1923,1990,1687,12978,2,3,3,1255,817,0,701,209600
929,Timber,5,6,1888,1982,962,7058,4,2,1,1046,1622,0,85,162400
930,BrkSide,8,6,1982,1982,875,12147,6,1,2,1288,1688,937,508,152300
931,Sawyer,7,5,1984,2004,1191,37424,3,1,2,1763,784,922,524,237700
932,Gilbert,8,5,1977,2005,1513,24820,6,2,1,817,1031,1464,265,227100
933,NridgHt,6,5,1989,1989,2261,20122,4,1,2,1043,1460,1478,568,354900
934,Somerst,8,6,1884,1960,334,10872,1,2,1,1139,562,0,243,182400
935,Timber,7,7,1912,1980,2541,5803,5,1,2,1299,953,485,467,317200
936,NoRidge,5,7,1876,1955,981,7485,1,1,1,1440,1086,0,244,200600
937,NWAmes,3,7,1883,1952,1842,28138,1,1,1,920,1140,1409,182,158300
938,Edwards,5,4,2003,2003,1955,8097,3,2,2,454,1232,0,463,202500
939,Somerst,7,5,1974,1974,1221,16463,3,2,2,1235,826,1596,566,220900
940,Gilbert,9,7,1887,2002,1719,5799,2,1,2,1049,1524,271,428,263400
941,CollgCr,7,6,1979,2003,1227,11121,6,1,2,1745,1091,105,651,211600
942,NridgHt,5,5,1955,1975,1426,12275,4,2,3,1048,888,0,694,266100
943,SawyerW,6,7,1940,1970,833,6520,3,2,1,1050,1428,0,214,144700
944,NoRidge,7,4,1972,1983,1290,4815,1,1,0,972,1505,1286,0,261700
945,NWAmes,7,6,1992,2001,2154,6460,2,2,2,225,1284,0,449,322600
946,Edwards,6,4,1984,1984,2276,14267,1,1,2,953,1753,445,393,284000
947,Sawyer,5,6,1974,1974,1240,18269,2,2,1,797,697,0,255,159200
948,Timber,8,5,1958,1961,1242,6544,1,2,2,0,1358,0,550,269300
949,Timber,4,6,1971,1971,925,6143,4,1,1,1115,855,0,382,149500
950,Sawyer,7,5,1911,1999,1888,5436,3,1,2,970,1700,1393,392,261300
951,NWAmes,5,4,1952,1967,1592,16319,3,2,2,117,1346,0,473,232600
952,Crawfor,3,5,1940,1982,1356,6765,5,1,2,765,1572,0,536,132000
953,Crawfor,6,4,1998,2001,1202,4238,3,1,2,1405,1722,1262,537,199400
954,Edwards,6,5,1957,1964,1808,7923,6,1,2,802,1412,0,544,185400
955,Somerst,5,5,1951,1992,1427,6229,4,2,2,788,1031,1589,620,257800
956,Mitchel,8,7,2008,2008,1813,17870,4,2,1,824,665,69,212,251200
957,Sawyer,4,5,1974,1988,1466,13431,3,2,3,1457,1074,0,727,207000
958,NoRidge,7,5,1973,1973,1993,10225,5,2,2,1713,1004,0,559,356800
959,NoRidge,7,5,1963,1966,1848,18308,5,2,2,1502,1085,1344,286,342900
960,NoRidge,6,6,1909,1976,1150,9928,3,2,2,1260,1461,0,409,236300
961,Sawyer,6,6,1926,1970,1388,7718,2,2,2,1672,1032,0,490,198600
962,BrkSide,5,4,1903,1984,606,5925,2,2,2,678,1603,1024,585,108000
963,BrkSide,6,8,1948,1962,1699,7509,2,1,2,1496,1179,593,463,195600
964,Timber,7,7,1874,1987,983,4244,4,1,2,1478,865,0,528,236300
965,NoRidge,5,5,1901,1955,1730,17493,5,2,1,108,1401,733,117,288000
966,Somerst,3,3,1947,2008,960,6466,2,2,1,1308,957,0,188,150800
967,Mitchel,5,6,2004,2004,1211,4171,4,2,2,1950,1378,1454,283,211400
968,OldTown,5,5,1892,1988,849,15094,4,2,2,1321,1058,0,509,120600
969,Crawfor,3,5,1889,1985,2188,8469,3,2,2,1705,746,0,423,241800
970,Gilbert,5,6,1887,1976,1748,3510,2,2,3,1071,1545,1481,852,222900
971,Somerst,8,6,1933,2005,1761,4431,6,2,2,882,580,518,499,281000
972,NridgHt,8,8,1886,1962,700,4816,2,2,1,1052,1497,0,220,203300
973,Crawfor,7,4,1878,1960,1375,4020,3,2,2,1113,1568,623,520,232600
974,OldTown,7,7,1946,1999,1808,7391,3,2,2,793,1450,0,537,220900
975,Gilbert,3,4,1894,1974,1976,13654,6,2,2,1109,1644,768,430,202300
976,Sawyer,8,6,1888,1995,1282,9712,5,1,2,1174,1229,0,532,194300
977,NAmes,4,6,1944,1996,1195,3558,3,1,2,1226,1870,0,350,161800
978,Mitchel,5,6,1930,1977,1044,6478,6,2,2,1918,1222,705,513,160300
979,Mitchel,6,7,1936,1979,2006,10890,6,1,2,1464,772,1467,549,234700
980,Gilbert,6,4,1893,2005,536,8034,6,2,2,1033,1153,0,464,146500
981,Sawyer,5,4,1999,1999,1591,11035,1,1,2,1101,895,1589,427,208900
982,Mitchel,5,6,1950,1976,334,9472,3,1,1,1640,1544,0,157,106300
983,Edwards,7,4,1951,1998,1963,5191,6,1,2,1008,1293,0,551,233000
984,Edwards,9,6,1958,1982,1088,4769,4,2,2,496,1021,0,372,230600
985,OldTown,6,6,1942,1955,2078,8185,1,2,2,841,1658,129,285,236600
986,NridgHt,7,4,2000,2000,941,6353,4,1,3,1265,1247,30,717,279700
987,SawyerW,6,6,1911,1951,1648,9795,6,1,2,758,1457,590,338,202300
988,Gilbert,7,6,1974,1977,1772,15189,2,2,2,1017,953,12,313,258900
989,Crawfor,7,4,1950,1985,1302,15323,3,1,2,1208,1757,943,559,244100
990,Mitchel,7,6,1989,1989,623,4719,1,2,1,1046,334,0,256,159500
991,BrkSide,5,5,1951,1972,1082,6937,6,1,2,327,1316,386,530,121200
992,Somerst,5,4,2001,2001,1085,5174,6,2,1,1040,1584,0,338,171800
993,NoRidge,6,7,1994,1994,1899,12199,1,2,2,972,1166,1438,508,360700
994,NridgHt,6,6,1906,1981,1390,10568,3,1,1,719,1091,614,257,225400
995,NridgHt,7,7,1995,1995,1927,17604,4,3,3,1140,1896,1184,615,349000
996,Mitchel,4,5,1930,1971,2351,6830,1,1,2,939,1572,1540,672,255000
997,NridgHt,8,5,1929,1981,440,7310,1,1,1,790,1090,0,191,219500
998,NWAmes,8,6,2009,2009,1622,7203,5,2,1,870,827,1375,349,279100
999,Timber,7,7,1923,1982,1302,11354,6,1,1,648,919,926,167,280800
1000,CollgCr,6,5,1914,1990,1839,10916,6,2,2,1111,549,0,423,246900
