country,continent,year,lifeExp,pop,gdpPercap
Algeria,Africa,1952,37.23,3100450,629.82
Algeria,Africa,1957,39.31,3512553,699.94
Algeria,Africa,1962,41.86,3783928,776.78
Algeria,Africa,1967,44.1,4171757,707.36
Algeria,Africa,1972,46.04,4565633,1172.44
Algeria,Africa,1977,47.72,4112945,1122.12
Algeria,Africa,1982,48.7,5137789,1277.12
Algeria,Africa,1987,51.18,6838519,2295.04
Algeria,Africa,1992,54.12,5716963,2861.88
Algeria,Africa,1997,55.11,7395658,1488.65
Algeria,Africa,2002,58.1,9260498,1323.64
Algeria,Africa,2007,60.73,13586089,3229.88
Angola,Africa,1952,37.54,10703922,1137.22
Angola,Africa,1957,39.9,12179173,1170.98
Angola,Africa,1962,42.82,12449330,1357.15
Angola,Africa,1967,46.18,14640919,2011.84
Angola,Africa,1972,47.87,13936880,1924.03
Angola,Africa,1977,51.34,16280182,1414.93
Angola,Africa,1982,54.46,17634807,1438.11
Angola,Africa,1987,56.24,27108967,1553.33
Angola,Africa,1992,59.01,18858772,3585.64
Angola,Africa,1997,62.77,27947946,3132.9
Angola,Africa,2002,65.1,30948673,6946.96
Angola,Africa,2007,68.17,41428093,3347.61
Benin,Africa,1952,35.4,5866822,368.61
Benin,Africa,1957,39.02,6097712,411.42
Benin,Africa,1962,42.03,7326409,503.74
Benin,Africa,1967,45.89,8501847,520.06
Benin,Africa,1972,49.5,7859824,517.06
Benin,Africa,1977,52.86,12219610,952.87
Benin,Africa,1982,56.15,11010552,486.52
Benin,Africa,1987,58.93,11083980,609.75
Benin,Africa,1992,62.77,17344054,630.81
Benin,Africa,1997,66.8,15811964,597.68
Benin,Africa,2002,70.01,11005225,1193.84
Benin,Africa,2007,74.38,13265757,1218.28
Botswana,Africa,1952,41.79,10463132,383.41
Botswana,Africa,1957,46.35,10846112,449.22
Botswana,Africa,1962,49.13,13072024,535.56
Botswana,Africa,1967,52.41,12825641,603.82
Botswana,Africa,1972,55.64,12983966,548.25
Botswana,Africa,1977,59.14,17222527,682.79
Botswana,Africa,1982,63.48,18431207,595.68
Botswana,Africa,1987,65.46,27640741,527.73
Botswana,Africa,1992,69.43,24666470,935.4
Botswana,Africa,1997,72.2,25890715,514.55
Botswana,Africa,2002,75.98,37630717,642.49
Botswana,Africa,2007,78.24,30754058,780.87
Burkina Faso,Africa,1952,43.61,8921448,310.17
Burkina Faso,Africa,1957,45.17,9848497,339.88
Burkina Faso,Africa,1962,47.99,11298278,322.93
Burkina Faso,Africa,1967,50.49,10327242,433.68
Burkina Faso,Africa,1972,52.11,13696977,485.0
Burkina Faso,Africa,1977,54.84,12394363,667.45
Burkina Faso,Africa,1982,55.87,13896572,747.58
Burkina Faso,Africa,1987,57.13,21648584,1062.35
Burkina Faso,Africa,1992,59.74,28786747,469.73
Burkina Faso,Africa,1997,61.75,25538071,632.44
Burkina Faso,Africa,2002,63.18,36878696,1231.5
Burkina Faso,Africa,2007,65.39,20157686,444.47
Burundi,Africa,1952,35.93,14543012,1085.64
Burundi,Africa,1957,39.54,16112863,1121.28
Burundi,Africa,1962,42.12,16458785,1393.49
Burundi,Africa,1967,45.62,18618466,1195.86
Burundi,Africa,1972,47.3,22039740,1660.89
Burundi,Africa,1977,51.09,20586955,1592.37
Burundi,Africa,1982,54.03,34102079,1635.58
Burundi,Africa,1987,56.94,33413385,2576.63
Burundi,Africa,1992,59.87,47154324,3500.94
Burundi,Africa,1997,63.72,33267180,5576.69
Burundi,Africa,2002,66.44,65349959,7499.02
Burundi,Africa,2007,69.37,26881829,6182.51
Cameroon,Africa,1952,42.43,4249549,607.8
Cameroon,Africa,1957,45.24,4621470,686.8
Cameroon,Africa,1962,48.29,4911593,785.07
Cameroon,Africa,1967,50.25,5159350,806.38
Cameroon,Africa,1972,54.94,6974440,1012.69
Cameroon,Africa,1977,57.78,8822404,902.48
Cameroon,Africa,1982,59.64,5981409,818.47
Cameroon,Africa,1987,63.45,6815788,2381.57
Cameroon,Africa,1992,66.86,8207675,1537.25
Cameroon,Africa,1997,69.68,7351990,1521.66
Cameroon,Africa,2002,71.54,7505337,786.36
Cameroon,Africa,2007,75.67,15148469,1016.41
Central African Republic,Africa,1952,34.4,3049246,1061.75
Central African Republic,Africa,1957,39.47,3541180,1216.1
Central African Republic,Africa,1962,42.87,3697739,1169.52
Central African Republic,Africa,1967,45.61,4432596,1521.84
Central African Republic,Africa,1972,49.3,3845279,2031.43
Central African Republic,Africa,1977,53.06,4563348,1481.15
Central African Republic,Africa,1982,57.08,4698711,1631.11
Central African Republic,Africa,1987,59.65,6183900,3112.17
Central African Republic,Africa,1992,63.27,10166414,2343.9
Central African Republic,Africa,1997,66.88,5916690,2758.12
Central African Republic,Africa,2002,69.69,7970120,4592.14
Central African Republic,Africa,2007,73.46,12339176,3055.42
Chad,Africa,1952,35.5,11387573,444.87
Chad,Africa,1957,40.24,12407968,523.67
Chad,Africa,1962,43.05,14465186,510.87
Chad,Africa,1967,46.12,14593318,527.46
Chad,Africa,1972,48.63,17215245,614.24
Chad,Africa,1977,52.77,21946450,607.64
Chad,Africa,1982,55.55,23336361,805.53
Chad,Africa,1987,59.62,27865732,576.94
Chad,Africa,1992,62.72,18448448,578.39
Chad,Africa,1997,66.66,42288974,1790.07
Chad,Africa,2002,68.5,35315247,891.16
Chad,Africa,2007,72.03,21043644,3378.16
Congo,Africa,1952,35.2,4048955,318.85
Congo,Africa,1957,38.97,4501737,331.06
Congo,Africa,1962,40.84,4764199,327.08
Congo,Africa,1967,43.45,6122392,457.55
Congo,Africa,1972,46.66,5913271,369.56
Congo,Africa,1977,48.07,5179138,779.03
Congo,Africa,1982,50.39,6290417,479.61
Congo,Africa,1987,53.32,7066652,384.74
Congo,Africa,1992,56.24,6347380,553.51
Congo,Africa,1997,57.66,12972322,485.84
Congo,Africa,2002,61.14,10507496,1241.07
Congo,Africa,2007,63.18,6982176,2068.05
Egypt,Africa,1952,44.59,1033106,819.28
Egypt,Africa,1957,46.0,1137031,928.81
Egypt,Africa,1962,50.87,1252065,1019.69
Egypt,Africa,1967,54.18,1390229,1031.0
Egypt,Africa,1972,58.27,1620307,1390.82
Egypt,Africa,1977,61.36,1648856,1638.21
Egypt,Africa,1982,64.72,1663928,1357.8
Egypt,Africa,1987,68.92,1804387,1562.78
Egypt,Africa,1992,71.9,1992780,2227.45
Egypt,Africa,1997,75.8,3394163,3701.99
Egypt,Africa,2002,79.42,2026852,2767.03
Egypt,Africa,2007,82.0,3080969,2001.47
Ethiopia,Africa,1952,44.52,2880129,847.16
Ethiopia,Africa,1957,47.39,3262020,881.16
Ethiopia,Africa,1962,48.92,3903903,1046.32
Ethiopia,Africa,1967,53.47,4112613,953.72
Ethiopia,Africa,1972,56.36,3852378,1159.15
Ethiopia,Africa,1977,59.3,4019430,1491.93
Ethiopia,Africa,1982,61.59,6614277,2023.42
Ethiopia,Africa,1987,64.76,5799848,2336.05
Ethiopia,Africa,1992,66.85,9248584,1201.84
Ethiopia,Africa,1997,70.97,8374826,2615.18
Ethiopia,Africa,2002,72.46,10335363,4379.5
Ethiopia,Africa,2007,75.33,12767035,1183.07
Ghana,Africa,1952,35.08,10407087,919.38
Ghana,Africa,1957,36.62,11066977,981.41
Ghana,Africa,1962,39.71,12206136,1075.51
Ghana,Africa,1967,42.05,15956006,1404.88
Ghana,Africa,1972,43.97,13163586,1498.94
Ghana,Africa,1977,46.52,18511697,1903.13
Ghana,Africa,1982,48.69,19697677,1845.74
Ghana,Africa,1987,50.59,16514978,3446.52
Ghana,Africa,1992,53.25,22930263,3753.32
Ghana,Africa,1997,54.57,32112650,2929.21
Ghana,Africa,2002,56.39,26606193,2169.99
Ghana,Africa,2007,58.93,30840576,1373.6
Guinea,Africa,1952,36.55,19243021,696.35
Guinea,Africa,1957,40.47,20023251,741.0
Guinea,Africa,1962,43.25,21637078,785.71
Guinea,Africa,1967,47.15,23297558,745.96
Guinea,Africa,1972,50.8,28832782,868.9
Guinea,Africa,1977,55.21,35457257,816.94
Guinea,Africa,1982,58.4,35421418,782.83
Guinea,Africa,1987,62.79,47518502,1711.74
Guinea,Africa,1992,65.57,40252065,1246.12
Guinea,Africa,1997,69.37,55440934,1087.41
Guinea,Africa,2002,72.57,43692006,4503.88
Guinea,Africa,2007,76.85,51557965,1122.99
Kenya,Africa,1952,40.18,11122854,784.05
Kenya,Africa,1957,42.99,12335124,925.92
Kenya,Africa,1962,45.03,13100189,1019.03
Kenya,Africa,1967,48.93,17477109,1371.35
Kenya,Africa,1972,51.44,18245865,1500.0
Kenya,Africa,1977,52.78,22817565,1204.97
Kenya,Africa,1982,55.25,24420779,1133.22
Kenya,Africa,1987,58.58,19600002,3011.29
Kenya,Africa,1992,61.23,25648849,1898.18
Kenya,Africa,1997,63.21,26520373,1157.54
Kenya,Africa,2002,66.02,29410773,1236.55
Kenya,Africa,2007,67.58,21363337,1962.29
Madagascar,Africa,1952,43.12,13696809,538.81
Madagascar,Africa,1957,45.27,14667966,597.91
Madagascar,Africa,1962,49.48,15060737,695.52
Madagascar,Africa,1967,51.78,17608307,621.25
Madagascar,Africa,1972,56.81,22575081,774.03
Madagascar,Africa,1977,58.86,28318218,1419.35
Madagascar,Africa,1982,61.82,31074193,1244.29
Madagascar,Africa,1987,65.01,26843281,830.87
Madagascar,Africa,1992,69.58,25752381,1575.24
Madagascar,Africa,1997,71.8,48406385,2932.78
Madagascar,Africa,2002,75.08,32565099,1958.7
Madagascar,Africa,2007,77.87,32877972,822.83
Malawi,Africa,1952,43.66,15873983,1031.98
Malawi,Africa,1957,46.21,17341489,1131.77
Malawi,Africa,1962,49.52,20582451,1418.42
Malawi,Africa,1967,52.27,23104459,1325.72
Malawi,Africa,1972,54.86,20992499,1501.87
Malawi,Africa,1977,58.22,32119720,1280.63
Malawi,Africa,1982,61.99,22375217,2591.54
Malawi,Africa,1987,63.79,25408545,2276.88
Malawi,Africa,1992,66.81,25385902,1932.82
Malawi,Africa,1997,70.43,36245676,5442.69
Malawi,Africa,2002,74.27,45148505,1966.79
Malawi,Africa,2007,76.9,48142080,2951.77
Mali,Africa,1952,41.28,19361464,622.61
Mali,Africa,1957,45.41,21775477,635.19
Mali,Africa,1962,45.9,24444041,720.24
Mali,Africa,1967,49.09,21802180,890.68
Mali,Africa,1972,50.4,23260460,713.08
Mali,Africa,1977,54.14,26182167,1093.46
Mali,Africa,1982,55.7,36722739,1451.6
Mali,Africa,1987,59.54,43844999,1320.75
Mali,Africa,1992,60.83,49708808,893.21
Mali,Africa,1997,62.83,38763276,944.71
Mali,Africa,2002,66.23,57170795,1306.62
Mali,Africa,2007,68.86,69276123,4548.8
Mauritania,Africa,1952,35.11,10808334,368.48
Mauritania,Africa,1957,37.82,11994118,425.07
Mauritania,Africa,1962,41.32,11981714,410.19
Mauritania,Africa,1967,44.8,12841624,516.55
Mauritania,Africa,1972,48.81,13626220,546.27
Mauritania,Africa,1977,51.3,15662068,467.66
Mauritania,Africa,1982,54.55,15281946,582.84
Mauritania,Africa,1987,58.05,20527967,679.14
Mauritania,Africa,1992,60.64,27052332,924.46
Mauritania,Africa,1997,63.65,19467687,915.99
Mauritania,Africa,2002,67.94,22676581,866.53
Mauritania,Africa,2007,71.07,39090612,1063.25
Morocco,Africa,1952,35.15,2403112,627.87
Morocco,Africa,1957,37.64,2800937,715.41
Morocco,Africa,1962,39.71,3098816,921.4
Morocco,Africa,1967,42.04,2921978,810.33
Morocco,Africa,1972,44.52,4082798,1363.29
Morocco,Africa,1977,46.69,4305504,1370.62
Morocco,Africa,1982,49.7,5878083,1434.45
Morocco,Africa,1987,51.41,6677723,850.34
Morocco,Africa,1992,54.66,6189061,1862.68
Morocco,Africa,1997,56.1,4326198,883.9
Morocco,Africa,2002,58.33,6062810,1419.91
Morocco,Africa,2007,60.95,4494964,906.29
Mozambique,Africa,1952,37.77,16557724,495.29
Mozambique,Africa,1957,39.51,18075220,562.7
Mozambique,Africa,1962,41.99,22321372,553.12
Mozambique,Africa,1967,44.93,22398958,579.06
Mozambique,Africa,1972,46.08,29581676,808.85
Mozambique,Africa,1977,48.94,26083722,612.63
Mozambique,Africa,1982,51.36,26582177,893.21
Mozambique,Africa,1987,53.65,33221355,1902.87
Mozambique,Africa,1992,56.0,34977525,1924.93
Mozambique,Africa,1997,57.86,50524974,1671.43
Mozambique,Africa,2002,61.27,64777397,3469.31
Mozambique,Africa,2007,63.03,56910167,1097.52
Namibia,Africa,1952,44.35,11636763,333.1
Namibia,Africa,1957,44.58,12204655,385.56
Namibia,Africa,1962,47.45,14512720,427.08
Namibia,Africa,1967,50.09,16482862,438.84
Namibia,Africa,1972,52.45,16346905,710.17
Namibia,Africa,1977,54.17,18584083,590.84
Namibia,Africa,1982,56.26,22546980,608.72
Namibia,Africa,1987,58.87,20144966,1265.32
Namibia,Africa,1992,61.06,18754365,705.41
Namibia,Africa,1997,62.95,38344376,612.42
Namibia,Africa,2002,64.92,19811511,787.33
Namibia,Africa,2007,67.13,38011150,470.35
Niger,Africa,1952,42.46,6517552,810.13
Niger,Africa,1957,45.08,7105261,936.35
Niger,Africa,1962,49.01,8238461,836.7
Niger,Africa,1967,52.82,8274087,1231.52
Niger,Africa,1972,56.0,9498407,944.8
Niger,Africa,1977,59.5,9468750,1030.32
Niger,Africa,1982,64.18,13685979,1049.93
Niger,Africa,1987,67.33,13755596,2440.73
Niger,Africa,1992,71.45,17113952,1486.36
Niger,Africa,1997,74.97,16935399,2519.93
Niger,Africa,2002,79.46,26606129,4217.95
Niger,Africa,2007,82.0,16637169,5254.46
Nigeria,Africa,1952,37.08,1497077,307.25
Nigeria,Africa,1957,40.97,1730604,354.93
Nigeria,Africa,1962,43.38,1619569,428.93
Nigeria,Africa,1967,46.88,1721664,385.84
Nigeria,Africa,1972,52.12,2564340,449.52
Nigeria,Africa,1977,55.33,2318791,739.93
Nigeria,Africa,1982,58.72,2500404,622.94
Nigeria,Africa,1987,62.61,3241458,473.51
Nigeria,Africa,1992,66.02,3272635,1235.5
Nigeria,Africa,1997,69.8,5069165,886.94
Nigeria,Africa,2002,73.36,4536134,897.86
Nigeria,Africa,2007,77.87,5462334,756.62
Rwanda,Africa,1952,38.17,7937624,367.61
Rwanda,Africa,1957,41.19,8891405,419.66
Rwanda,Africa,1962,44.96,8732371,463.96
Rwanda,Africa,1967,47.86,10236657,457.76
Rwanda,Africa,1972,50.47,11386029,727.04
Rwanda,Africa,1977,54.13,11810663,799.94
Rwanda,Africa,1982,57.16,11095880,1106.2
Rwanda,Africa,1987,60.56,16248981,454.33
Rwanda,Africa,1992,63.31,19695008,737.2
Rwanda,Africa,1997,67.12,30469191,1415.49
Rwanda,Africa,2002,70.29,14357884,970.31
Rwanda,Africa,2007,71.73,27258935,571.76
Senegal,Africa,1952,38.32,8987046,749.97
Senegal,Africa,1957,40.49,10163838,864.19
Senegal,Africa,1962,42.78,11332492,912.9
Senegal,Africa,1967,44.35,10529524,1304.16
Senegal,Africa,1972,45.47,15445380,954.08
Senegal,Africa,1977,48.79,12600287,1203.93
Senegal,Africa,1982,51.15,17815908,1299.32
Senegal,Africa,1987,52.61,19849534,1385.7
Senegal,Africa,1992,55.12,13527923,2173.4
Senegal,Africa,1997,57.07,31411690,2031.24
Senegal,Africa,2002,59.26,23243591,2827.58
Senegal,Africa,2007,61.48,19973482,2185.6
Sierra Leone,Africa,1952,36.5,7602040,1029.19
Sierra Leone,Africa,1957,39.46,8484787,1095.4
Sierra Leone,Africa,1962,41.59,8989561,1102.34
Sierra Leone,Africa,1967,43.32,9313446,1157.17
Sierra Leone,Africa,1972,45.64,9240414,1353.43
Sierra Leone,Africa,1977,47.07,10531867,2560.56
Sierra Leone,Africa,1982,49.95,16912364,1738.63
Sierra Leone,Africa,1987,52.7,20510287,1874.22
Sierra Leone,Africa,1992,54.3,15769931,1285.2
Sierra Leone,Africa,1997,57.31,12377073,1386.41
Sierra Leone,Africa,2002,58.86,17128527,5510.36
Sierra Leone,Africa,2007,61.12,26803462,4754.88
Somalia,Africa,1952,42.7,6768701,1016.35
Somalia,Africa,1957,45.76,7590131,1131.35
Somalia,Africa,1962,50.14,8565392,1250.38
Somalia,Africa,1967,53.5,9156097,1645.95
Somalia,Africa,1972,57.98,9666740,1581.98
Somalia,Africa,1977,61.64,11320722,1702.91
Somalia,Africa,1982,65.41,9526601,1161.43
Somalia,Africa,1987,69.17,14500260,1224.58
Somalia,Africa,1992,72.41,20756391,1314.06
Somalia,Africa,1997,75.67,12077481,2819.42
Somalia,Africa,2002,81.01,14652362,6759.36
Somalia,Africa,2007,82.0,27135896,5856.27
South Africa,Africa,1952,43.2,12542917,1000.35
South Africa,Africa,1957,45.79,13603354,1196.63
South Africa,Africa,1962,49.89,16112589,1441.8
South Africa,Africa,1967,52.93,19204360,1246.8
South Africa,Africa,1972,55.35,15718588,1492.29
South Africa,Africa,1977,57.85,17728636,2047.31
South Africa,Africa,1982,61.72,23152564,2970.92
South Africa,Africa,1987,64.69,23550810,1466.66
South Africa,Africa,1992,67.2,20538217,3549.04
South Africa,Africa,1997,70.62,40041664,3254.45
South Africa,Africa,2002,74.15,31017974,3915.94
South Africa,Africa,2007,77.42,24874689,3032.42
Sudan,Africa,1952,34.5,6204975,954.03
Sudan,Africa,1957,37.41,7234452,1037.61
Sudan,Africa,1962,40.63,8158249,1457.19
Sudan,Africa,1967,43.48,9549815,1127.84
Sudan,Africa,1972,46.31,8357315,1837.24
Sudan,Africa,1977,48.77,10483027,1522.06
Sudan,Africa,1982,51.71,14507276,3036.63
Sudan,Africa,1987,54.9,9548186,2536.06
Sudan,Africa,1992,56.32,16243145,1683.35
Sudan,Africa,1997,59.74,13258910,4472.15
Sudan,Africa,2002,62.1,15024596,2322.62
Sudan,Africa,2007,66.56,16858396,2927.57
Tanzania,Africa,1952,41.19,11648406,316.02
Tanzania,Africa,1957,44.61,12679154,363.43
Tanzania,Africa,1962,46.67,13823948,451.83
Tanzania,Africa,1967,49.65,14419133,463.18
Tanzania,Africa,1972,52.69,19995644,493.95
Tanzania,Africa,1977,55.72,23365467,497.34
Tanzania,Africa,1982,60.01,27679163,539.13
Tanzania,Africa,1987,62.35,23061978,878.89
Tanzania,Africa,1992,65.45,34607423,532.45
Tanzania,Africa,1997,68.17,24849273,1340.38
Tanzania,Africa,2002,71.15,23346288,2233.13
Tanzania,Africa,2007,74.42,32969961,1068.8
Togo,Africa,1952,36.19,15038338,920.21
Togo,Africa,1957,38.96,17578234,988.12
Togo,Africa,1962,41.76,17222341,1347.59
Togo,Africa,1967,45.52,22283360,970.7
Togo,Africa,1972,47.29,20535922,1095.45
Togo,Africa,1977,51.08,28106596,1632.99
Togo,Africa,1982,53.62,32568833,2456.92
Togo,Africa,1987,56.51,21660993,2608.29
Togo,Africa,1992,58.84,25606229,4155.47
Togo,Africa,1997,62.77,54162695,2800.5
Togo,Africa,2002,66.07,34235500,1367.68
Togo,Africa,2007,68.68,36528861,1552.62
Tunisia,Africa,1952,39.54,968874,441.88
Tunisia,Africa,1957,40.93,1079229,457.21
Tunisia,Africa,1962,45.24,1153565,561.83
Tunisia,Africa,1967,46.51,1465611,734.83
Tunisia,Africa,1972,50.12,1563130,698.73
Tunisia,Africa,1977,53.99,1327152,516.91
Tunisia,Africa,1982,55.96,1317429,910.33
Tunisia,Africa,1987,59.09,1393585,1109.6
Tunisia,Africa,1992,63.49,2480929,1553.5
Tunisia,Africa,1997,64.45,1891049,2283.79
Tunisia,Africa,2002,67.44,2320003,2208.07
Tunisia,Africa,2007,70.56,4013648,866.43
Uganda,Africa,1952,45.41,16708991,817.8
Uganda,Africa,1957,47.83,19872909,880.81
Uganda,Africa,1962,51.83,19366615,1070.48
Uganda,Africa,1967,55.91,22555381,1078.2
Uganda,Africa,1972,59.42,21941757,1847.59
Uganda,Africa,1977,62.02,26685286,1743.06
Uganda,Africa,1982,67.27,30328349,1402.17
Uganda,Africa,1987,71.53,38466327,1625.72
Uganda,Africa,1992,74.24,37637669,3418.34
Uganda,Africa,1997,78.83,37036170,2568.7
Uganda,Africa,2002,82.0,73207778,1637.2
Uganda,Africa,2007,82.0,64630725,2023.82
Zambia,Africa,1952,35.22,6326252,882.5
Zambia,Africa,1957,40.05,7080970,1064.13
Zambia,Africa,1962,42.61,7739930,1194.1
Zambia,Africa,1967,47.29,8711627,1034.62
Zambia,Africa,1972,49.72,10491921,1672.15
Zambia,Africa,1977,53.26,8083656,2308.59
Zambia,Africa,1982,57.03,14321856,1341.3
Zambia,Africa,1987,60.4,11237152,2734.63
Zambia,Africa,1992,64.02,19781797,1912.31
Zambia,Africa,1997,68.16,10839412,4940.34
Zambia,Africa,2002,71.95,12083638,5890.79
Zambia,Africa,2007,74.73,11617161,3616.29
Zimbabwe,Africa,1952,41.95,16098537,305.73
Zimbabwe,Africa,1957,46.43,18263616,383.11
Zimbabwe,Africa,1962,49.79,18831872,377.16
Zimbabwe,Africa,1967,53.7,19588603,533.31
Zimbabwe,Africa,1972,57.49,22189315,373.05
Zimbabwe,Africa,1977,61.18,26344029,368.01
Zimbabwe,Africa,1982,65.67,26743573,380.93
Zimbabwe,Africa,1987,70.13,38248828,569.03
Zimbabwe,Africa,1992,73.67,51439687,412.68
Zimbabwe,Africa,1997,78.63,39906434,1486.1
Zimbabwe,Africa,2002,82.0,40350701,1814.54
Zimbabwe,Africa,2007,82.0,49212173,2526.69
Argentina,Americas,1952,48.94,29768994,8003.64
Argentina,Americas,1957,49.89,32305702,8125.6
Argentina,Americas,1962,51.99,36330520,8897.44
Argentina,Americas,1967,52.24,34799485,12367.22
Argentina,Americas,1972,53.06,38658134,10694.86
Argentina,Americas,1977,54.36,37037408,16944.27
Argentina,Americas,1982,54.59,44861651,10176.84
Argentina,Americas,1987,56.57,49430705,24422.78
Argentina,Americas,1992,57.49,53701117,30850.11
Argentina,Americas,1997,58.64,107174224,42215.72
Argentina,Americas,2002,59.92,115193489,19080.8
Argentina,Americas,2007,60.26,62923206,31499.01
Bolivia,Americas,1952,61.4,6997741,2123.17
Bolivia,Americas,1957,62.75,8390258,2408.02
Bolivia,Americas,1962,63.25,8768103,2988.89
Bolivia,Americas,1967,65.86,8523362,3753.43
Bolivia,Americas,1972,67.66,9779201,2874.37
Bolivia,Americas,1977,70.16,12675658,4384.02
Bolivia,Americas,1982,71.38,13410096,4321.53
Bolivia,Americas,1987,72.84,17920054,6734.39
Bolivia,Americas,1992,74.81,18280005,5365.37
Bolivia,Americas,1997,76.23,25159626,6365.51
Bolivia,Americas,2002,77.76,13658880,7355.81
Bolivia,Americas,2007,80.06,13810812,8720.97
Brazil,Americas,1952,60.44,23002939,7774.78
Brazil,Americas,1957,62.03,25338149,8875.49
Brazil,Americas,1962,62.4,25793227,9465.98
Brazil,Americas,1967,64.35,30968537,11722.6
Brazil,Americas,1972,66.45,33678906,9712.67
Brazil,Americas,1977,67.51,44232286,9603.4
Brazil,Americas,1982,68.88,42900275,15674.16
Brazil,Americas,1987,71.21,54102458,12283.54
Brazil,Americas,1992,72.03,41366547,24326.35
Brazil,Americas,1997,74.01,51429384,32992.99
Brazil,Americas,2002,75.08,88572307,43891.91
Brazil,Americas,2007,77.65,92854766,19542.57
Canada,Americas,1952,49.63,8363890,6034.16
Canada,Americas,1957,52.04,9402874,6527.31
Canada,Americas,1962,54.08,9509486,6949.5
Canada,Americas,1967,55.94,11187678,8404.62
Canada,Americas,1972,59.29,10979704,7739.76
Canada,Americas,1977,60.59,13369512,8963.86
Canada,Americas,1982,63.89,17549009,19341.47
Canada,Americas,1987,66.24,18547735,18221.79
Canada,Americas,1992,68.18,16717340,20858.98
Canada,Americas,1997,70.09,19658189,15055.7
Canada,Americas,2002,72.17,37744179,12588.98
Canada,Americas,2007,74.87,36488123,9223.89
Chile,Americas,1952,57.68,6554003,4060.14
Chile,Americas,1957,59.45,7376061,4235.55
Chile,Americas,1962,62.07,7630557,5580.41
Chile,Americas,1967,62.74,10028517,7004.05
Chile,Americas,1972,64.79,10497716,6503.97
Chile,Americas,1977,67.29,13037867,7437.59
Chile,Americas,1982,69.34,10567446,9812.64
Chile,Americas,1987,71.66,16254168,12450.82
Chile,Americas,1992,73.4,15110633,5819.53
Chile,Americas,1997,74.4,18139705,10333.89
Chile,Americas,2002,77.27,16030119,12326.5
Chile,Americas,2007,79.25,26434908,10308.93
Colombia,Americas,1952,52.21,43636784,7817.52
Colombia,Americas,1957,53.62,50137394,8636.87
Colombia,Americas,1962,56.35,54440284,11451.65
Colombia,Americas,1967,59.64,54213823,9602.47
Colombia,Americas,1972,60.84,53834736,9168.84
Colombia,Americas,1977,62.93,77951105,14199.85
Colombia,Americas,1982,64.54,85061231,12976.05
Colombia,Americas,1987,66.78,71498574,11591.38
Colombia,Americas,1992,68.85,136631853,15231.27
Colombia,Americas,1997,70.8,136489084,16168.31
Colombia,Americas,2002,71.84,122080950,24136.11
Colombia,Americas,2007,74.78,81579844,23581.23
Costa Rica,Americas,1952,63.82,33739083,4804.49
Costa Rica,Americas,1957,66.71,35722123,5141.52
Costa Rica,Americas,1962,69.26,42344876,5185.19
Costa Rica,Americas,1967,71.17,43486306,6563.48
Costa Rica,Americas,1972,74.46,48963691,7425.18
Costa Rica,Americas,1977,75.68,52215397,6495.83
Costa Rica,Americas,1982,78.02,44660369,11721.72
Costa Rica,Americas,1987,81.98,86550137,10603.36
Costa Rica,Americas,1992,82.0,103950596,22093.25
Costa Rica,Americas,1997,82.0,68438140,13674.93
Costa Rica,Americas,2002,82.0,108486204,7639.61
Costa Rica,Americas,2007,82.0,65666599,7306.29
Cuba,Americas,1952,46.51,18609347,2199.73
Cuba,Americas,1957,48.94,20324304,2550.65
Cuba,Americas,1962,50.87,20839007,2526.02
Cuba,Americas,1967,52.06,25455246,2588.9
Cuba,Americas,1972,55.79,24533329,3032.79
Cuba,Americas,1977,57.83,29676176,4707.83
Cuba,Americas,1982,59.99,29252252,4236.23
Cuba,Americas,1987,63.23,39087343,4607.07
Cuba,Americas,1992,64.39,59470183,9487.02
Cuba,Americas,1997,67.16,27834311,6099.37
Cuba,Americas,2002,69.24,30065403,4452.33
Cuba,Americas,2007,70.9,58951119,12852.27
Dominican Republic,Americas,1952,63.0,38931902,6059.81
Dominican Republic,Americas,1957,63.52,43635145,6343.19
Dominican Republic,Americas,1962,66.1,45115567,8547.49
Dominican Republic,Americas,1967,67.51,51760974,9091.88
Dominican Republic,Americas,1972,67.95,51451686,11301.73
Dominican Republic,Americas,1977,68.47,52233728,8709.83
Dominican Republic,Americas,1982,70.15,77162307,15947.79
Dominican Republic,Americas,1987,71.27,99845836,23301.96
Dominican Republic,Americas,1992,74.09,83925165,20269.49
Dominican Republic,Americas,1997,73.5,140530817,22617.53
Dominican Republic,Americas,2002,75.59,89840342,14864.07
Dominican Republic,Americas,2007,76.76,85325298,28507.2
Ecuador,Americas,1952,57.21,20557339,5698.0
Ecuador,Americas,1957,59.09,21433145,6310.0
Ecuador,Americas,1962,61.3,25423515,7483.44
Ecuador,Americas,1967,63.94,29416022,6716.75
Ecuador,Americas,1972,65.54,34540115,9615.69
Ecuador,Americas,1977,68.16,40585248,13998.18
Ecuador,Americas,1982,69.58,43705024,10835.57
Ecuador,Americas,1987,71.17,54937440,22237.41
Ecuador,Americas,1992,73.75,48385239,22018.74
Ecuador,Americas,1997,74.89,32500497,11321.61
Ecuador,Americas,2002,77.51,54690129,19242.95
Ecuador,Americas,2007,79.22,80773105,13507.37
El Salvador,Americas,1952,54.94,37749294,2439.52
El Salvador,Americas,1957,58.41,42307525,2910.54
El Salvador,Americas,1962,60.5,49424428,3331.21
El Salvador,Americas,1967,63.16,57193234,3553.39
El Salvador,Americas,1972,63.99,52571203,5043.58
El Salvador,Americas,1977,66.21,59316687,3509.21
El Salvador,Americas,1982,69.76,67662868,3176.94
El Salvador,Americas,1987,71.89,59388826,4379.97
El Salvador,Americas,1992,73.75,105791582,5645.6
El Salvador,Americas,1997,75.87,124716494,6870.66
El Salvador,Americas,2002,79.23,120660933,9726.93
El Salvador,Americas,2007,79.73,81047312,6698.38
Guatemala,Americas,1952,59.6,7870602,7115.3
Guatemala,Americas,1957,62.34,9162793,8464.9
Guatemala,Americas,1962,64.94,8852225,9709.24
Guatemala,Americas,1967,66.8,10162287,11101.8
Guatemala,Americas,1972,69.12,12177011,8768.26
Guatemala,Americas,1977,70.74,11107325,8839.44
Guatemala,Americas,1982,73.23,13919686,9807.05
Guatemala,Americas,1987,75.34,12668177,11715.08
Guatemala,Americas,1992,78.06,17094322,22370.53
Guatemala,Americas,1997,80.38,22829816,9061.83
Guatemala,Americas,2002,82.0,33711996,28077.06
Guatemala,Americas,2007,82.0,21421565,37782.96
Haiti,Americas,1952,55.11,47848665,1933.06
Haiti,Americas,1957,57.23,52016662,2192.09
Haiti,Americas,1962,57.21,53803857,2311.15
Haiti,Americas,1967,58.82,73492047,3389.96
Haiti,Americas,1972,58.9,65207511,3775.22
Haiti,Americas,1977,59.78,67434492,3988.24
Haiti,Americas,1982,61.87,74715131,5539.92
Haiti,Americas,1987,62.06,83348983,5698.63
Haiti,Americas,1992,62.63,77944681,2979.86
Haiti,Americas,1997,64.6,108806332,11428.65
Haiti,Americas,2002,65.21,206041961,3999.92
Haiti,Americas,2007,66.24,213854823,11318.7
Honduras,Americas,1952,60.97,29223168,5458.78
Honduras,Americas,1957,62.27,31776647,5502.65
Honduras,Americas,1962,63.93,36770411,6604.01
Honduras,Americas,1967,65.04,42082620,7103.01
Honduras,Americas,1972,67.04,41916977,10634.77
Honduras,Americas,1977,67.42,58595971,10591.48
Honduras,Americas,1982,69.37,51158622,10190.48
Honduras,Americas,1987,70.92,70358718,17646.49
Honduras,Americas,1992,71.52,87135704,15734.23
Honduras,Americas,1997,73.92,70076054,12744.91
Honduras,Americas,2002,75.89,60664786,18212.45
Honduras,Americas,2007,76.61,123137142,10213.34
Jamaica,Americas,1952,49.34,31122056,4643.04
Jamaica,Americas,1957,50.55,34668465,5683.15
Jamaica,Americas,1962,52.69,41437783,5135.07
Jamaica,Americas,1967,54.8,50915560,5612.57
Jamaica,Americas,1972,56.56,51818862,7575.61
Jamaica,Americas,1977,57.71,60133877,6345.14
Jamaica,Americas,1982,59.85,77499943,6583.53
Jamaica,Americas,1987,60.73,62429976,8030.44
Jamaica,Americas,1992,63.98,89385586,7620.09
Jamaica,Americas,1997,65.05,112001540,6587.46
Jamaica,Americas,2002,67.43,114718671,12533.63
Jamaica,Americas,2007,68.82,114720642,13412.65
Mexico,Americas,1952,49.53,18645194,5668.58
Mexico,Americas,1957,51.85,22087509,7184.41
Mexico,Americas,1962,53.59,21045034,6550.94
Mexico,Americas,1967,56.71,22843949,9182.07
Mexico,Americas,1972,57.55,27074541,6790.87
Mexico,Americas,1977,61.66,31971042,10999.21
Mexico,Americas,1982,64.39,29206235,11475.23
Mexico,Americas,1987,66.24,51254149,21885.66
Mexico,Americas,1992,68.67,55308391,27489.2
Mexico,Americas,1997,69.94,48542543,9993.32
Mexico,Americas,2002,74.04,33405671,23264.2
Mexico,Americas,2007,76.26,50966205,10549.67
Nicaragua,Americas,1952,62.97,30217817,1909.48
Nicaragua,Americas,1957,64.65,34154208,1984.61
Nicaragua,Americas,1962,67.45,38609136,2039.75
Nicaragua,Americas,1967,67.52,41977660,2825.7
Nicaragua,Americas,1972,69.81,38085358,3769.59
Nicaragua,Americas,1977,72.67,46727813,3716.58
Nicaragua,Americas,1982,73.55,61541966,4287.21
Nicaragua,Americas,1987,75.59,52062843,5755.85
Nicaragua,Americas,1992,77.9,97592983,7353.3
Nicaragua,Americas,1997,79.36,59641672,3257.8
Nicaragua,Americas,2002,80.64,92229315,2388.67
Nicaragua,Americas,2007,82.0,123626012,5127.1
Panama,Americas,1952,57.91,5801040,4314.05
Panama,Americas,1957,61.47,6543848,5206.6
Panama,Americas,1962,62.46,6507680,5000.11
Panama,Americas,1967,64.35,8841103,5625.62
Panama,Americas,1972,66.55,8278321,6764.37
Panama,Americas,1977,67.75,10028693,6632.9
Panama,Americas,1982,70.3,13330241,12128.1
Panama,Americas,1987,72.35,11100774,8752.0
Panama,Americas,1992,73.08,17182582,18261.42
Panama,Americas,1997,74.72,19312745,9076.21
Panama,Americas,2002,78.4,16809632,14084.43
Panama,Americas,2007,79.71,17562488,14677.44
Paraguay,Americas,1952,54.39,22770810,2717.41
Paraguay,Americas,1957,55.46,25104549,2853.07
Paraguay,Americas,1962,57.42,28786455,2911.15
Paraguay,Americas,1967,59.1,30868198,2929.09
Paraguay,Americas,1972,60.63,37510839,3977.59
Paraguay,Americas,1977,62.06,41984644,4300.93
Paraguay,Americas,1982,63.52,47189253,3428.03
Paraguay,Americas,1987,66.11,61602265,4647.45
Paraguay,Americas,1992,66.12,46430791,7590.88
Paraguay,Americas,1997,67.65,82274585,3677.11
Paraguay,Americas,2002,69.42,37764515,4942.01
Paraguay,Americas,2007,71.5,78314862,3657.32
Peru,Americas,1952,44.94,37456686,6833.0
Peru,Americas,1957,46.77,39946131,7118.99
Peru,Americas,1962,48.75,44946442,7385.18
Peru,Americas,1967,49.38,54436543,9135.02
Peru,Americas,1972,51.43,62619697,11213.09
Peru,Americas,1977,53.2,49023590,9694.03
Peru,Americas,1982,55.29,70337065,19260.32
Peru,Americas,1987,56.61,69826185,21528.21
Peru,Americas,1992,58.48,74092244,27090.97
Peru,Americas,1997,60.06,64227189,8897.07
Peru,Americas,2002,62.05,90383903,25891.74
Peru,Americas,2007,61.53,102424310,40917.33
Puerto Rico,Americas,1952,47.19,16032301,1550.03
Puerto Rico,Americas,1957,47.95,16496638,1569.79
Puerto Rico,Americas,1962,50.37,21052530,1959.88
Puerto Rico,Americas,1967,50.95,18077319,1650.52
Puerto Rico,Americas,1972,52.66,20389034,2589.45
Puerto Rico,Americas,1977,52.76,29972696,2472.22
Puerto Rico,Americas,1982,55.34,37105373,1900.99
Puerto Rico,Americas,1987,55.15,25441431,5606.82
Puerto Rico,Americas,1992,56.75,31902474,5073.19
Puerto Rico,Americas,1997,59.09,35510433,5991.56
Puerto Rico,Americas,2002,60.22,33227214,1992.96
Puerto Rico,Americas,2007,61.52,69169095,6080.24
Trinidad and Tobago,Americas,1952,53.6,5198359,2437.53
Trinidad and Tobago,Americas,1957,56.0,5943653,2776.01
Trinidad and Tobago,Americas,1962,56.87,6399316,2755.95
Trinidad and Tobago,Americas,1967,58.86,7569316,3023.34
Trinidad and Tobago,Americas,1972,59.63,8093281,3672.36
Trinidad and Tobago,Americas,1977,62.03,8751944,3024.13
Trinidad and Tobago,Americas,1982,63.47,9740527,6513.68
Trinidad and Tobago,Americas,1987,65.4,9842352,3463.84
Trinidad and Tobago,Americas,1992,65.94,11733369,3983.1
Trinidad and Tobago,Americas,1997,68.35,9115804,8090.96
Trinidad and Tobago,Americas,2002,69.98,13090707,8737.67
Trinidad and Tobago,Americas,2007,70.31,15587551,3572.85
United States,Americas,1952,57.96,28840818,2030.3
United States,Americas,1957,58.31,31494322,2416.17
United States,Americas,1962,61.38,35392666,2576.59
United States,Americas,1967,61.84,45590995,2819.02
United States,Americas,1972,62.21,46203525,4184.6
United States,Americas,1977,64.67,46653997,2582.48
United States,Americas,1982,66.19,60584801,3056.34
United States,Americas,1987,67.53,54467575,3073.2
United States,Americas,1992,68.73,58490893,4155.55
United States,Americas,1997,70.51,76995748,3808.13
United States,Americas,2002,72.04,74991792,8118.42
United States,Americas,2007,73.4,109543416,4640.07
Uruguay,Americas,1952,65.53,32560273,4486.06
Uruguay,Americas,1957,66.14,36637611,5435.44
Uruguay,Americas,1962,66.4,41934607,5687.13
Uruguay,Americas,1967,68.37,39989971,5168.75
Uruguay,Americas,1972,70.01,45855028,6682.23
Uruguay,Americas,1977,69.82,46561088,6990.81
Uruguay,Americas,1982,71.54,70468286,5927.1
Uruguay,Americas,1987,73.32,85963007,5742.17
Uruguay,Americas,1992,74.06,96554655,18181.17
Uruguay,Americas,1997,75.47,97536150,24184.25
Uruguay,Americas,2002,75.93,77021501,17423.12
Uruguay,Americas,2007,77.49,57503653,7743.09
Venezuela,Americas,1952,53.86,3466299,4189.62
Venezuela,Americas,1957,56.55,3719087,4970.39
Venezuela,Americas,1962,58.37,3872266,4345.45
Venezuela,Americas,1967,60.92,5212779,5217.58
Venezuela,Americas,1972,63.76,5168427,6208.85
Venezuela,Americas,1977,65.91,5341008,5611.99
Venezuela,Americas,1982,66.73,8142485,10341.7
Venezuela,Americas,1987,70.37,6588843,12134.93
Venezuela,Americas,1992,71.91,9320013,14410.4
Venezuela,Americas,1997,74.49,10275267,8902.6
Venezuela,Americas,2002,76.4,13419199,22325.42
Venezuela,Americas,2007,78.26,14601619,25370.67
Afghanistan,Asia,1952,46.9,124880767,559.36
Afghanistan,Asia,1957,50.09,140943943,595.99
Afghanistan,Asia,1962,52.66,153171129,617.29
Afghanistan,Asia,1967,56.37,145411734,794.25
Afghanistan,Asia,1972,58.89,207418656,983.0
Afghanistan,Asia,1977,61.71,247946634,856.52
Afghanistan,Asia,1982,66.04,270011862,1631.38
Afghanistan,Asia,1987,68.65,337500595,730.7
Afghanistan,Asia,1992,71.37,337503013,1647.5
Afghanistan,Asia,1997,75.51,198052127,2673.26
Afghanistan,Asia,2002,78.19,218865733,2535.26
Afghanistan,Asia,2007,82.0,444315708,4363.13
Bangladesh,Asia,1952,47.33,174342110,1915.21
Bangladesh,Asia,1957,48.79,195774986,2002.45
Bangladesh,Asia,1962,52.67,195202468,2080.8
Bangladesh,Asia,1967,54.33,221804479,3009.67
Bangladesh,Asia,1972,56.37,266417946,2251.96
Bangladesh,Asia,1977,61.27,232444900,2469.07
Bangladesh,Asia,1982,62.91,286776006,4810.6
Bangladesh,Asia,1987,66.21,393737106,4106.54
Bangladesh,Asia,1992,68.03,269412115,5474.3
Bangladesh,Asia,1997,71.8,549042157,7634.94
Bangladesh,Asia,2002,74.65,673487057,5396.71
Bangladesh,Asia,2007,77.11,370803230,4083.44
Cambodia,Asia,1952,52.99,138960237,3005.72
Cambodia,Asia,1957,54.96,153524133,3496.78
Cambodia,Asia,1962,57.39,158034345,3502.24
Cambodia,Asia,1967,58.74,189895733,3874.74
Cambodia,Asia,1972,60.75,242125595,4259.25
Cambodia,Asia,1977,62.31,221305491,5279.39
Cambodia,Asia,1982,64.85,230049100,4892.05
Cambodia,Asia,1987,66.05,234417629,6565.88
Cambodia,Asia,1992,68.92,397893243,4455.03
Cambodia,Asia,1997,69.98,282713135,3935.51
Cambodia,Asia,2002,72.35,325090464,11394.4
Cambodia,Asia,2007,73.96,612747034,15759.44
China,Asia,1952,41.67,52838131,555.43
China,Asia,1957,45.4,55380117,588.78
China,Asia,1962,47.54,70450756,642.14
China,Asia,1967,49.43,75186854,694.82
China,Asia,1972,53.46,72163651,1098.2
China,Asia,1977,56.92,103634118,787.82
China,Asia,1982,60.26,75712967,648.11
China,Asia,1987,62.97,126886043,1760.07
China,Asia,1992,65.65,142225285,845.1
China,Asia,1997,68.15,153073163,2352.79
China,Asia,2002,70.5,105222338,3483.31
China,Asia,2007,74.23,257703378,1828.61
Hong Kong,Asia,1952,58.53,160187193,2642.85
Hong Kong,Asia,1957,62.48,181378742,2833.77
Hong Kong,Asia,1962,64.82,193946577,3548.86
Hong Kong,Asia,1967,68.25,233123729,3990.37
Hong Kong,Asia,1972,72.36,260601057,5542.4
Hong Kong,Asia,1977,76.15,306296930,4053.67
Hong Kong,Asia,1982,79.34,312310843,8097.61
Hong Kong,Asia,1987,82.0,232427485,4472.93
Hong Kong,Asia,1992,82.0,290459633,6526.52
Hong Kong,Asia,1997,82.0,253347315,4726.36
Hong Kong,Asia,2002,82.0,534214648,6269.68
Hong Kong,Asia,2007,82.0,447240793,8619.93
India,Asia,1952,48.09,102179109,1302.02
India,Asia,1957,50.89,108444524,1322.05
India,Asia,1962,52.04,110391575,1513.25
India,Asia,1967,54.4,126618655,1452.48
India,Asia,1972,56.04,165427517,2407.57
India,Asia,1977,57.99,146411140,2191.5
India,Asia,1982,58.52,175733393,1984.79
India,Asia,1987,61.83,241337504,2365.37
India,Asia,1992,63.47,161286889,3108.75
India,Asia,1997,65.2,198734517,1672.49
India,Asia,2002,67.65,284470510,5505.29
India,Asia,2007,68.64,460416924,3126.18
Indonesia,Asia,1952,48.46,105693538,3945.61
Indonesia,Asia,1957,51.92,113008359,4539.99
Indonesia,Asia,1962,54.93,130006161,4481.23
Indonesia,Asia,1967,56.92,142733179,4492.53
Indonesia,Asia,1972,61.41,158348853,7942.75
Indonesia,Asia,1977,63.49,143687845,4998.25
Indonesia,Asia,1982,67.38,203900366,9828.63
Indonesia,Asia,1987,68.73,213531800,8687.48
Indonesia,Asia,1992,72.62,173401771,15211.59
Indonesia,Asia,1997,75.35,215876087,9656.06
Indonesia,Asia,2002,78.64,270317748,24622.14
Indonesia,Asia,2007,81.45,296636824,19098.45
Iran,Asia,1952,40.41,66689642,1606.61
Iran,Asia,1957,44.53,75343681,1673.79
Iran,Asia,1962,47.19,81204828,1917.77
Iran,Asia,1967,50.36,98972062,2359.85
Iran,Asia,1972,53.34,104234190,3451.84
Iran,Asia,1977,56.68,115794012,1853.28
Iran,Asia,1982,58.85,97268913,2085.99
Iran,Asia,1987,62.47,130320949,3226.23
Iran,Asia,1992,65.52,111866844,3997.38
Iran,Asia,1997,68.49,212533871,3533.25
Iran,Asia,2002,72.07,130607832,4545.04
Iran,Asia,2007,74.41,215283263,11404.15
Iraq,Asia,1952,40.88,121426114,2177.48
Iraq,Asia,1957,43.77,127404383,2317.84
Iraq,Asia,1962,47.05,147970406,2357.42
Iraq,Asia,1967,47.83,171998476,3543.75
Iraq,Asia,1972,51.69,180763921,3691.92
Iraq,Asia,1977,54.19,161690191,2866.66
Iraq,Asia,1982,56.26,268768827,4686.24
Iraq,Asia,1987,58.7,314367783,5297.14
Iraq,Asia,1992,62.3,352679430,7697.57
Iraq,Asia,1997,64.39,249129477,4051.35
Iraq,Asia,2002,66.37,250901543,4331.07
Iraq,Asia,2007,69.42,270591779,5560.01
Israel,Asia,1952,56.56,62535122,2038.77
Israel,Asia,1957,60.63,72669498,2443.92
Israel,Asia,1962,63.7,76418754,3035.69
Israel,Asia,1967,67.79,97402565,3611.5
Israel,Asia,1972,71.0,85595033,3961.82
Israel,Asia,1977,74.74,92617615,3802.45
Israel,Asia,1982,77.59,114379266,3481.74
Israel,Asia,1987,81.33,135131230,2685.1
Israel,Asia,1992,82.0,108759637,5043.84
Israel,Asia,1997,82.0,218757536,7290.79
Israel,Asia,2002,82.0,153837424,4568.45
Israel,Asia,2007,82.0,308592097,3173.2
Japan,Asia,1952,45.71,178754224,2825.31
Japan,Asia,1957,48.19,188001781,2938.67
Japan,Asia,1962,51.62,215220223,3184.93
Japan,Asia,1967,54.82,252545121,3503.5
Japan,Asia,1972,57.2,302203178,5577.93
Japan,Asia,1977,61.03,279944102,4297.06
Japan,Asia,1982,63.15,366420103,5095.02
Japan,Asia,1987,66.22,301361781,6386.69
Japan,Asia,1992,69.57,335743050,5771.18
Japan,Asia,1997,72.87,387697380,4250.65
Japan,Asia,2002,76.33,667216599,14216.84
Japan,Asia,2007,79.35,832484591,8721.32
Jordan,Asia,1952,46.23,159546370,3071.68
Jordan,Asia,1957,48.91,184140543,3749.39
Jordan,Asia,1962,51.16,186593929,3995.4
Jordan,Asia,1967,54.5,244175336,4305.91
Jordan,Asia,1972,56.37,226676891,4640.53
Jordan,Asia,1977,59.81,296588974,5750.6
Jordan,Asia,1982,62.35,235164845,4571.12
Jordan,Asia,1987,64.87,352455282,4993.25
Jordan,Asia,1992,68.17,257132003,4107.28
Jordan,Asia,1997,71.3,564531974,8153.55
Jordan,Asia,2002,73.26,296899687,20495.76
Jordan,Asia,2007,75.72,394520814,21666.98
Korea,Asia,1952,58.93,16230353,1631.22
Korea,Asia,1957,62.26,17699690,1732.97
Korea,Asia,1962,65.71,21016140,2095.34
Korea,Asia,1967,67.97,19555237,2117.1
Korea,Asia,1972,71.46,28777468,1886.41
Korea,Asia,1977,74.36,31813769,2260.04
Korea,Asia,1982,77.86,36941094,2831.95
Korea,Asia,1987,81.81,25397115,3567.41
Korea,Asia,1992,82.0,44020507,3454.68
Korea,Asia,1997,82.0,47361539,2365.97
Korea,Asia,2002,82.0,35498388,9932.31
Korea,Asia,2007,82.0,41833273,11174.11
Kuwait,Asia,1952,40.33,194315692,1696.37
Kuwait,Asia,1957,42.41,226440337,2006.03
Kuwait,Asia,1962,44.96,234117580,2338.89
Kuwait,Asia,1967,47.17,241198118,2008.16
Kuwait,Asia,1972,49.13,258222102,3359.2
Kuwait,Asia,1977,52.61,305097765,2565.4
Kuwait,Asia,1982,53.92,313874905,4216.36
Kuwait,Asia,1987,57.27,445402084,6647.26
Kuwait,Asia,1992,58.22,561711290,6131.13
Kuwait,Asia,1997,60.67,620451237,2582.82
Kuwait,Asia,2002,64.45,559043228,7499.12
Kuwait,Asia,2007,66.36,870780867,2604.65
Lebanon,Asia,1952,55.37,180957652,2209.03
Lebanon,Asia,1957,59.2,201326478,2556.25
Lebanon,Asia,1962,62.33,228919344,2517.22
Lebanon,Asia,1967,64.01,229359372,3258.2
Lebanon,Asia,1972,65.82,226256397,2573.38
Lebanon,Asia,1977,68.66,240062024,3813.37
Lebanon,Asia,1982,71.27,265793997,5100.98
Lebanon,Asia,1987,73.96,387787671,6927.58
Lebanon,Asia,1992,76.84,365644482,5283.73
Lebanon,Asia,1997,78.38,610109723,12211.39
Lebanon,Asia,2002,80.86,535878070,8687.1
Lebanon,Asia,2007,82.0,481220644,9603.7
Malaysia,Asia,1952,46.39,124361721,3968.09
Malaysia,Asia,1957,50.15,140455759,5018.63
Malaysia,Asia,1962,50.83,150739937,4704.24
Malaysia,Asia,1967,54.59,181985715,7352.77
Malaysia,Asia,1972,54.91,203057341,6420.95
Malaysia,Asia,1977,57.01,178006527,4798.33
Malaysia,Asia,1982,59.03,246362673,7855.85
Malaysia,Asia,1987,61.14,286008275,13447.97
Malaysia,Asia,1992,62.67,248728594,6125.56
Malaysia,Asia,1997,64.31,252101330,5861.55
Malaysia,Asia,2002,66.07,524868783,6264.9
Malaysia,Asia,2007,68.11,242491212,30489.76
Mongolia,Asia,1952,41.45,32139568,4516.12
Mongolia,Asia,1957,43.71,35550477,4601.25
Mongolia,Asia,1962,46.51,43132645,6622.48
Mongolia,Asia,1967,48.17,46207448,6526.96
Mongolia,Asia,1972,50.5,45541022,8355.74
Mongolia,Asia,1977,53.27,52924309,7727.23
Mongolia,Asia,1982,55.34,66950576,6906.15
Mongolia,Asia,1987,57.84,51229456,7193.68
Mongolia,Asia,1992,59.77,51317773,8269.02
Mongolia,Asia,1997,62.45,67306227,19151.72
Mongolia,Asia,2002,64.78,124874602,27119.81
Mongolia,Asia,2007,66.85,107825089,8545.81
Myanmar,Asia,1952,45.52,51470315,4003.9
Myanmar,Asia,1957,48.18,57918323,4453.2
Myanmar,Asia,1962,50.35,61875529,5312.78
Myanmar,Asia,1967,53.29,60509139,4741.73
Myanmar,Asia,1972,54.6,60456923,4315.99
Myanmar,Asia,1977,59.07,100808077,4839.71
Myanmar,Asia,1982,60.73,77583473,7620.36
Myanmar,Asia,1987,63.07,104134905,12662.41
Myanmar,Asia,1992,67.46,139183956,5507.98
Myanmar,Asia,1997,69.32,173523635,22359.93
Myanmar,Asia,2002,71.2,227422618,14315.92
Myanmar,Asia,2007,75.06,160309589,8968.84
Nepal,Asia,1952,46.31,25013724,2524.39
Nepal,Asia,1957,47.9,28728532,2945.33
Nepal,Asia,1962,49.64,30892551,3719.55
Nepal,Asia,1967,51.79,38550929,3444.25
Nepal,Asia,1972,53.76,45118110,3283.51
Nepal,Asia,1977,56.47,44680461,6745.01
Nepal,Asia,1982,57.61,36351711,3317.69
Nepal,Asia,1987,59.89,52919194,3202.07
Nepal,Asia,1992,62.12,41962055,3255.33
Nepal,Asia,1997,63.19,45174702,12730.29
Nepal,Asia,2002,65.81,54569888,9161.52
Nepal,Asia,2007,67.09,51811090,12346.41
Oman,Asia,1952,49.46,150859770,2912.66
Oman,Asia,1957,50.4,164719457,3327.25
Oman,Asia,1962,52.31,180748812,3504.38
Oman,Asia,1967,54.25,221890633,3933.25
Oman,Asia,1972,55.94,269121882,5452.06
Oman,Asia,1977,57.01,284364281,3567.5
Oman,Asia,1982,60.36,275694378,4762.82
Oman,Asia,1987,61.26,290076978,4631.85
Oman,Asia,1992,63.73,284502404,9482.96
Oman,Asia,1997,65.08,250917704,12470.31
Oman,Asia,2002,66.59,477316254,4361.96
Oman,Asia,2007,67.85,632366461,9659.13
Pakistan,Asia,1952,54.44,9046973,2547.0
Pakistan,Asia,1957,56.48,9732439,3008.43
Pakistan,Asia,1962,59.61,11721659,2714.32
Pakistan,Asia,1967,62.15,12986766,3963.24
Pakistan,Asia,1972,65.25,11806806,4619.5
Pakistan,Asia,1977,68.07,15368545,3046.41
Pakistan,Asia,1982,70.59,16516101,7663.23
Pakistan,Asia,1987,73.38,14719018,8332.81
Pakistan,Asia,1992,75.77,21892372,4067.76
Pakistan,Asia,1997,78.56,22916551,13143.0
Pakistan,Asia,2002,80.87,16810931,4540.44
Pakistan,Asia,2007,82.0,16079690,16372.93
Philippines,Asia,1952,50.11,104759220,1835.49
Philippines,Asia,1957,50.9,121153656,1931.94
Philippines,Asia,1962,53.91,136694804,2548.29
Philippines,Asia,1967,55.35,134517561,2809.19
Philippines,Asia,1972,56.61,155776191,2526.76
Philippines,Asia,1977,57.64,142614805,2449.96
Philippines,Asia,1982,59.48,258394413,4384.21
Philippines,Asia,1987,61.83,244591875,4555.46
Philippines,Asia,1992,63.22,155257288,5847.81
Philippines,Asia,1997,64.4,317100855,4072.82
Philippines,Asia,2002,65.88,353675167,12601.45
Philippines,Asia,2007,68.0,213873558,14138.98
Saudi Arabia,Asia,1952,41.76,56685065,3362.89
Saudi Arabia,Asia,1957,42.52,60120026,3891.4
Saudi Arabia,Asia,1962,44.98,66364047,3862.16
Saudi Arabia,Asia,1967,45.57,76796270,4951.47
Saudi Arabia,Asia,1972,48.06,69596401,4750.84
Saudi Arabia,Asia,1977,49.15,113007625,8769.62
Saudi Arabia,Asia,1982,50.98,84723471,3970.28
Saudi Arabia,Asia,1987,52.58,119228111,12756.07
Saudi Arabia,Asia,1992,54.48,127109561,11879.45
Saudi Arabia,Asia,1997,55.33,108046144,4640.71
Saudi Arabia,Asia,2002,57.19,99612765,11401.67
Saudi Arabia,Asia,2007,58.6,111911282,9357.51
Singapore,Asia,1952,57.61,22144026,3661.38
Singapore,Asia,1957,60.57,24142508,4088.62
Singapore,Asia,1962,62.45,26663677,4467.55
Singapore,Asia,1967,65.02,26333453,4500.06
Singapore,Asia,1972,66.99,33997422,6873.01
Singapore,Asia,1977,69.44,31957519,5873.3
Singapore,Asia,1982,70.43,34029672,8593.7
Singapore,Asia,1987,74.1,41403487,9048.99
Singapore,Asia,1992,76.15,57306285,7588.41
Singapore,Asia,1997,78.46,45413937,18548.26
Singapore,Asia,2002,80.52,97385137,18950.21
Singapore,Asia,2007,82.0,71224432,12419.16
Sri Lanka,Asia,1952,45.14,183008458,4487.41
Sri Lanka,Asia,1957,47.97,206003643,5082.23
Sri Lanka,Asia,1962,50.06,239814339,6111.12
Sri Lanka,Asia,1967,52.05,232206020,5068.05
Sri Lanka,Asia,1972,54.59,233453294,5749.52
Sri Lanka,Asia,1977,56.71,247456995,6820.55
Sri Lanka,Asia,1982,58.83,270531548,6150.09
Sri Lanka,Asia,1987,60.72,394877154,10666.01
Sri Lanka,Asia,1992,63.66,328533596,18230.84
Sri Lanka,Asia,1997,65.64,590287708,19007.75
Sri Lanka,Asia,2002,68.05,377629191,29694.93
Sri Lanka,Asia,2007,69.86,630344325,34662.74
Syria,Asia,1952,46.22,190192994,3647.79
Syria,Asia,1957,48.86,202502742,4227.0
Syria,Asia,1962,50.33,226173601,4836.73
Syria,Asia,1967,52.8,270360451,6059.04
Syria,Asia,1972,55.01,338576480,5839.33
Syria,Asia,1977,57.99,259943941,4644.88
Syria,Asia,1982,59.59,356760447,5393.72
Syria,Asia,1987,62.34,358049637,5543.75
Syria,Asia,1992,65.8,431832678,9701.05
Syria,Asia,1997,67.38,725476134,9896.58
Syria,Asia,2002,69.7,530899589,14491.59
Syria,Asia,2007,71.9,396333871,14097.14
Taiwan,Asia,1952,57.76,133455928,2777.2
Taiwan,Asia,1957,60.15,145850290,3249.45
Taiwan,Asia,1962,62.7,149020310,3381.52
Taiwan,Asia,1967,65.21,184521774,2954.15
Taiwan,Asia,1972,67.64,219081678,3505.62
Taiwan,Asia,1977,69.37,272391345,4199.96
Taiwan,Asia,1982,72.05,231672925,3631.7
Taiwan,Asia,1987,74.17,197448736,3336.7
Taiwan,Asia,1992,76.61,286804992,6190.28
Taiwan,Asia,1997,78.69,279690526,13029.85
Taiwan,Asia,2002,80.02,288860280,3695.5
Taiwan,Asia,2007,82.0,326421329,4400.98
Thailand,Asia,1952,56.46,68305795,2278.62
Thailand,Asia,1957,59.39,75774086,2522.23
Thailand,Asia,1962,62.09,81098752,2558.57
Thailand,Asia,1967,63.44,100960979,2936.16
Thailand,Asia,1972,65.74,92209649,2801.32
Thailand,Asia,1977,67.25,137264666,3148.62
Thailand,Asia,1982,69.29,99694329,4440.06
Thailand,Asia,1987,72.14,164391363,7347.19
Thailand,Asia,1992,73.41,171644102,7502.59
Thailand,Asia,1997,77.18,182059117,9653.44
Thailand,Asia,2002,79.75,171840951,3294.9
Thailand,Asia,2007,81.77,306352333,11034.13
Vietnam,Asia,1952,51.81,4685050,3231.19
Vietnam,Asia,1957,55.13,4907467,3830.91
Vietnam,Asia,1962,57.12,5694888,4761.13
Vietnam,Asia,1967,58.56,6022344,4990.45
Vietnam,Asia,1972,62.0,6727102,3707.51
Vietnam,Asia,1977,64.09,7131954,4062.3
Vietnam,Asia,1982,66.09,6807297,5169.21
Vietnam,Asia,1987,67.7,7058934,7168.77
Vietnam,Asia,1992,70.71,13715420,6967.97
Vietnam,Asia,1997,72.86,9133407,16811.89
Vietnam,Asia,2002,74.66,17903962,9096.08
Vietnam,Asia,2007,76.71,10182582,17496.79
Yemen,Asia,1952,41.54,67916733,596.17
Yemen,Asia,1957,43.62,76576338,680.43
Yemen,Asia,1962,45.43,82304883,808.8
Yemen,Asia,1967,47.49,83369399,810.8
Yemen,Asia,1972,49.38,115862940,1058.77
Yemen,Asia,1977,51.51,91973275,1568.0
Yemen,Asia,1982,54.02,99601964,1527.73
Yemen,Asia,1987,56.45,116560342,1682.97
Yemen,Asia,1992,57.95,211280748,1021.54
Yemen,Asia,1997,60.8,141524998,1251.16
Yemen,Asia,2002,62.63,131900606,896.26
Yemen,Asia,2007,65.13,261126748,4036.98
Albania,Europe,1952,60.84,22997857,6674.9
Albania,Europe,1957,61.46,26265175,8153.08
Albania,Europe,1962,62.27,29600352,8840.19
Albania,Europe,1967,62.4,33297681,7980.13
Albania,Europe,1972,63.93,38967683,12272.12
Albania,Europe,1977,64.06,40055555,8690.79
Albania,Europe,1982,65.57,32898040,14341.56
Albania,Europe,1987,66.24,35793729,15559.21
Albania,Europe,1992,65.91,50475568,10730.41
Albania,Europe,1997,67.87,54416298,21801.74
Albania,Europe,2002,67.72,63790569,34287.91
Albania,Europe,2007,68.8,44482171,9505.78
Austria,Europe,1952,64.0,6775607,11840.79
Austria,Europe,1957,63.81,7597316,13622.04
Austria,Europe,1962,65.28,8464215,15918.43
Austria,Europe,1967,65.39,9895807,15212.11
Austria,Europe,1972,66.18,9244324,19927.49
Austria,Europe,1977,67.2,14228812,17102.76
Austria,Europe,1982,67.92,15666806,27086.28
Austria,Europe,1987,68.99,15598237,40496.1
Austria,Europe,1992,69.65,17901355,44671.77
Austria,Europe,1997,70.42,13037711,65321.15
Austria,Europe,2002,69.87,13080039,20906.76
Austria,Europe,2007,73.0,22731395,17717.12
Belgium,Europe,1952,61.01,77494788,5709.44
Belgium,Europe,1957,61.04,86162405,5696.03
Belgium,Europe,1962,61.19,102119072,7336.88
Belgium,Europe,1967,62.39,96090173,8648.92
Belgium,Europe,1972,63.46,105466417,10412.61
Belgium,Europe,1977,64.29,97501484,6449.22
Belgium,Europe,1982,65.04,120706366,16398.22
Belgium,Europe,1987,65.59,189539514,6857.96
Belgium,Europe,1992,66.68,244647554,11387.66
Belgium,Europe,1997,67.33,173982309,30998.54
Belgium,Europe,2002,68.34,156076015,9023.46
Belgium,Europe,2007,69.27,161622723,45247.11
Bosnia,Europe,1952,69.52,46148954,6847.08
Bosnia,Europe,1957,71.31,50611772,7953.63
Bosnia,Europe,1962,73.18,55977013,7271.74
Bosnia,Europe,1967,74.17,66723602,12112.89
Bosnia,Europe,1972,76.02,78944118,12119.84
Bosnia,Europe,1977,76.75,85687782,11856.06
Bosnia,Europe,1982,78.0,82848059,9892.99
Bosnia,Europe,1987,80.52,114416278,23303.08
Bosnia,Europe,1992,81.14,94054117,8892.8
Bosnia,Europe,1997,82.0,78245022,12064.32
Bosnia,Europe,2002,82.0,154584638,19365.77
Bosnia,Europe,2007,82.0,178935156,14408.96
Bulgaria,Europe,1952,63.23,50560960,4860.05
Bulgaria,Europe,1957,64.18,58779062,5262.19
Bulgaria,Europe,1962,65.42,68023028,6931.86
Bulgaria,Europe,1967,65.62,79514847,8004.44
Bulgaria,Europe,1972,67.1,89567022,5395.23
Bulgaria,Europe,1977,68.52,80561729,8954.49
Bulgaria,Europe,1982,69.26,113165983,12328.66
Bulgaria,Europe,1987,71.35,113524286,9674.44
Bulgaria,Europe,1992,72.25,91504369,20389.4
Bulgaria,Europe,1997,73.15,174539600,7658.73
Bulgaria,Europe,2002,73.88,122321696,10117.24
Bulgaria,Europe,2007,75.14,254567398,41095.65
Croatia,Europe,1952,64.36,19309197,13585.17
Croatia,Europe,1957,65.89,19822928,14848.58
Croatia,Europe,1962,67.37,22363986,16361.65
Croatia,Europe,1967,68.51,26985776,15504.44
Croatia,Europe,1972,69.2,29378315,22488.82
Croatia,Europe,1977,70.45,24763688,18430.48
Croatia,Europe,1982,70.98,33672465,16562.14
Croatia,Europe,1987,72.04,33290487,26488.57
Croatia,Europe,1992,73.62,31792661,56974.38
Croatia,Europe,1997,74.41,66252609,22912.13
Croatia,Europe,2002,75.81,60675272,90327.91
Croatia,Europe,2007,78.23,90785926,59407.53
Czech Republic,Europe,1952,61.45,79443596,6486.43
Czech Republic,Europe,1957,61.37,91639880,7062.28
Czech Republic,Europe,1962,61.78,102697714,6890.89
Czech Republic,Europe,1967,63.43,95240219,9012.76
Czech Republic,Europe,1972,62.75,126683652,7881.59
Czech Republic,Europe,1977,63.0,114175128,16400.54
Czech Republic,Europe,1982,64.62,147224978,19890.26
Czech Republic,Europe,1987,65.24,159246330,24825.12
Czech Republic,Europe,1992,65.16,154696905,20333.88
Czech Republic,Europe,1997,66.5,143455821,17651.9
Czech Republic,Europe,2002,66.95,150381700,33022.1
Czech Republic,Europe,2007,66.45,199481024,47242.54
Denmark,Europe,1952,68.36,30282399,4203.49
Denmark,Europe,1957,69.81,33119407,5092.19
Denmark,Europe,1962,70.92,41265283,5742.7
Denmark,Europe,1967,70.68,45238296,5855.81
Denmark,Europe,1972,72.23,39608027,6128.08
Denmark,Europe,1977,72.87,63254827,8086.63
Denmark,Europe,1982,74.38,68803102,12789.64
Denmark,Europe,1987,74.54,74506586,9146.61
Denmark,Europe,1992,74.91,53528288,14252.39
Denmark,Europe,1997,75.63,54237981,13360.21
Denmark,Europe,2002,76.4,64410371,26727.05
Denmark,Europe,2007,77.3,83103072,5666.6
Finland,Europe,1952,68.05,62974355,9400.26
Finland,Europe,1957,69.62,68936865,10834.76
Finland,Europe,1962,70.34,83108417,12020.76
Finland,Europe,1967,71.67,95243384,13801.33
Finland,Europe,1972,72.11,96060025,19670.0
Finland,Europe,1977,72.1,119321812,16429.03
Finland,Europe,1982,71.7,153017117,19316.8
Finland,Europe,1987,72.84,104698399,16319.02
Finland,Europe,1992,74.27,140780942,17566.1
Finland,Europe,1997,74.42,97647433,11715.91
Finland,Europe,2002,74.49,213178397,16429.25
Finland,Europe,2007,76.04,220644884,13916.73
France,Europe,1952,61.91,73198404,5868.49
France,Europe,1957,63.2,79879778,6670.87
France,Europe,1962,63.82,91303551,7774.02
France,Europe,1967,64.61,97323265,8486.66
France,Europe,1972,65.01,105908857,13108.27
France,Europe,1977,65.88,106844348,14475.47
France,Europe,1982,66.38,118541705,9624.65
France,Europe,1987,67.46,127428187,8373.07
France,Europe,1992,69.12,126655133,14749.42
France,Europe,1997,69.58,269636953,29891.04
France,Europe,2002,68.77,140632924,21163.43
France,Europe,2007,70.44,172479458,8631.88
Germany,Europe,1952,64.23,58911872,12641.63
Germany,Europe,1957,64.59,62687162,14254.29
Germany,Europe,1962,65.53,65987881,13709.87
Germany,Europe,1967,65.89,75178665,21577.67
Germany,Europe,1972,68.17,93392792,16330.9
Germany,Europe,1977,67.3,98566002,23868.53
Germany,Europe,1982,67.56,106642404,15417.26
Germany,Europe,1987,68.05,94839159,37443.32
Germany,Europe,1992,68.83,132470641,34835.64
Germany,Europe,1997,70.08,137274189,25562.98
Germany,Europe,2002,69.81,228094202,33405.75
Germany,Europe,2007,69.99,159215581,60417.16
Greece,Europe,1952,60.92,66591469,8134.99
Greece,Europe,1957,61.28,70475600,8267.95
Greece,Europe,1962,62.22,80841757,8888.05
Greece,Europe,1967,63.46,90127704,11680.54
Greece,Europe,1972,63.93,86772419,12674.4
Greece,Europe,1977,62.94,109803019,9392.67
Greece,Europe,1982,64.19,138101071,15013.61
Greece,Europe,1987,65.44,118208364,10026.48
Greece,Europe,1992,65.85,170374599,35986.98
Greece,Europe,1997,65.08,236099142,22975.26
Greece,Europe,2002,67.23,204825612,42104.43
Greece,Europe,2007,66.62,258472698,13802.12
Hungary,Europe,1952,67.0,49123487,11199.98
Hungary,Europe,1957,68.6,54675044,13048.42
Hungary,Europe,1962,70.66,54195244,11787.93
Hungary,Europe,1967,72.59,68793545,19104.96
Hungary,Europe,1972,72.52,76022068,21865.55
Hungary,Europe,1977,74.18,69866747,15746.89
Hungary,Europe,1982,74.5,100537702,19956.15
Hungary,Europe,1987,77.87,109970497,18558.45
Hungary,Europe,1992,79.77,100079142,28306.27
Hungary,Europe,1997,80.99,141788440,35926.28
Hungary,Europe,2002,81.92,105748626,61874.91
Hungary,Europe,2007,82.0,105052587,58763.68
Iceland,Europe,1952,62.05,15521050,6904.95
Iceland,Europe,1957,62.91,17435985,7354.65
Iceland,Europe,1962,64.21,19161828,7595.51
Iceland,Europe,1967,64.47,23037623,8028.93
Iceland,Europe,1972,64.87,20057445,9876.99
Iceland,Europe,1977,65.77,19635185,13033.75
Iceland,Europe,1982,67.33,30428347,19071.97
Iceland,Europe,1987,67.61,33553841,10724.85
Iceland,Europe,1992,69.2,28244484,21569.08
Iceland,Europe,1997,69.81,45077337,11375.2
Iceland,Europe,2002,70.68,30054250,20152.55
Iceland,Europe,2007,70.97,53292190,28182.58
Ireland,Europe,1952,65.4,31953644,4172.84
Ireland,Europe,1957,68.13,33811595,4243.52
Ireland,Europe,1962,68.15,37937794,4698.39
Ireland,Europe,1967,70.48,37412537,6821.41
Ireland,Europe,1972,71.83,46764094,6032.37
Ireland,Europe,1977,74.15,55427655,7026.29
Ireland,Europe,1982,75.4,58315699,5502.9
Ireland,Europe,1987,76.05,83463056,7373.6
Ireland,Europe,1992,77.69,50457071,14892.77
Ireland,Europe,1997,78.08,96960788,20109.07
Ireland,Europe,2002,80.73,57319524,5474.41
Ireland,Europe,2007,81.42,92541880,21800.83
Italy,Europe,1952,62.32,6657085,4843.45
Italy,Europe,1957,63.48,7311682,5523.8
Italy,Europe,1962,64.65,7821103,5286.17
Italy,Europe,1967,64.82,8129342,5460.39
Italy,Europe,1972,66.57,11659426,6098.0
Italy,Europe,1977,66.65,12064366,11175.84
Italy,Europe,1982,68.65,11966361,5631.72
Italy,Europe,1987,69.48,16534220,7766.25
Italy,Europe,1992,70.98,14739079,17623.59
Italy,Europe,1997,71.39,15629852,17766.23
Italy,Europe,2002,72.59,18238550,16078.71
Italy,Europe,2007,72.07,24040284,15784.78
Netherlands,Europe,1952,69.82,21056862,9441.41
Netherlands,Europe,1957,70.37,22947647,11811.72
Netherlands,Europe,1962,70.81,28442590,10237.79
Netherlands,Europe,1967,73.09,31781728,14371.43
Netherlands,Europe,1972,73.57,31257758,21012.43
Netherlands,Europe,1977,73.73,42985294,24782.19
Netherlands,Europe,1982,75.02,30434577,26825.42
Netherlands,Europe,1987,76.02,44770495,24121.54
Netherlands,Europe,1992,77.63,46894987,16152.42
Netherlands,Europe,1997,78.5,42591511,13644.38
Netherlands,Europe,2002,79.13,46599898,66667.68
Netherlands,Europe,2007,79.66,69383786,21245.44
Norway,Europe,1952,62.98,30983737,6158.95
Norway,Europe,1957,63.14,34533375,6610.04
Norway,Europe,1962,64.37,40185697,8689.57
Norway,Europe,1967,65.82,42472189,9809.15
Norway,Europe,1972,66.72,42857961,9009.22
Norway,Europe,1977,68.87,63058906,7631.43
Norway,Europe,1982,69.62,43483359,16159.75
Norway,Europe,1987,71.45,63592596,16940.45
Norway,Europe,1992,72.91,56670532,14368.91
Norway,Europe,1997,73.61,100834236,9208.22
Norway,Europe,2002,75.96,93998607,12441.83
Norway,Europe,2007,76.08,90148976,10307.19
Poland,Europe,1952,70.15,70944640,6249.94
Poland,Europe,1957,70.51,81370725,6709.0
Poland,Europe,1962,72.42,78776282,8934.21
Poland,Europe,1967,73.47,102915525,8560.42
Poland,Europe,1972,74.39,101016080,10916.68
Poland,Europe,1977,76.56,127333259,7602.45
Poland,Europe,1982,79.25,130136821,7329.05
Poland,Europe,1987,79.94,132792646,11040.56
Poland,Europe,1992,81.41,116850337,9843.35
Poland,Europe,1997,82.0,213790931,16196.55
Poland,Europe,2002,82.0,247698807,11074.76
Poland,Europe,2007,82.0,279529487,49678.32
Portugal,Europe,1952,60.71,12218716,8265.55
Portugal,Europe,1957,61.9,13691419,8891.85
Portugal,Europe,1962,63.31,16150198,9890.28
Portugal,Europe,1967,62.79,18943157,10849.82
Portugal,Europe,1972,64.37,17256467,14409.06
Portugal,Europe,1977,63.79,23173147,15809.7
Portugal,Europe,1982,66.12,19922858,13883.66
Portugal,Europe,1987,66.44,28927810,26343.76
Portugal,Europe,1992,67.45,38423901,34251.88
Portugal,Europe,1997,67.45,25499207,45337.67
Portugal,Europe,2002,67.44,45846879,57563.65
Portugal,Europe,2007,67.58,56194843,11380.12
Romania,Europe,1952,64.32,51819823,14776.44
Romania,Europe,1957,64.64,56640386,16599.54
Romania,Europe,1962,65.3,68553248,20620.61
Romania,Europe,1967,66.22,68122335,15814.51
Romania,Europe,1972,66.93,63902172,30654.81
Romania,Europe,1977,66.95,104268871,27647.14
Romania,Europe,1982,68.01,88894515,26918.02
Romania,Europe,1987,68.98,107468383,50870.31
Romania,Europe,1992,69.07,135685196,25182.99
Romania,Europe,1997,69.69,131169333,40746.48
Romania,Europe,2002,71.7,134231229,30215.93
Romania,Europe,2007,71.74,108970580,24875.64
Serbia,Europe,1952,65.65,20055470,5171.88
Serbia,Europe,1957,66.14,21517717,5609.98
Serbia,Europe,1962,66.57,22425855,7512.71
Serbia,Europe,1967,67.79,25860847,6082.67
Serbia,Europe,1972,68.94,26795039,8698.38
Serbia,Europe,1977,69.66,37485266,14174.47
Serbia,Europe,1982,70.06,32455725,15229.42
Serbia,Europe,1987,71.87,45353498,11301.66
Serbia,Europe,1992,72.24,50187431,9333.22
Serbia,Europe,1997,72.04,76945830,24954.63
Serbia,Europe,2002,73.65,34947824,7874.71
Serbia,Europe,2007,75.34,43415830,10014.76
Slovakia,Europe,1952,70.04,19721278,14404.11
Slovakia,Europe,1957,69.96,21914186,17029.54
Slovakia,Europe,1962,70.62,23372114,16272.82
Slovakia,Europe,1967,71.35,24373170,21971.59
Slovakia,Europe,1972,71.25,25351638,30687.69
Slovakia,Europe,1977,74.12,29966314,23920.01
Slovakia,Europe,1982,73.98,28737318,25720.18
Slovakia,Europe,1987,73.61,29048253,20349.29
Slovakia,Europe,1992,74.92,59065017,19803.13
Slovakia,Europe,1997,75.24,45001983,20731.51
Slovakia,Europe,2002,76.27,41767047,29865.76
Slovakia,Europe,2007,76.99,40558257,21445.58
Slovenia,Europe,1952,63.69,10502415,8458.38
Slovenia,Europe,1957,64.65,12144732,9144.15
Slovenia,Europe,1962,65.9,12240983,9882.46
Slovenia,Europe,1967,67.56,15607952,14158.96
Slovenia,Europe,1972,67.85,14942980,15318.95
Slovenia,Europe,1977,69.47,20959578,10938.37
Slovenia,Europe,1982,70.34,15663254,13090.06
Slovenia,Europe,1987,71.3,22127571,32444.2
Slovenia,Europe,1992,71.37,20321878,32589.59
Slovenia,Europe,1997,74.16,37495175,30887.3
Slovenia,Europe,2002,74.82,46227541,11583.95
Slovenia,Europe,2007,75.6,35997429,23009.48
Spain,Europe,1952,63.57,32226139,12525.37
Spain,Europe,1957,64.11,37718783,14753.54
Spain,Europe,1962,65.03,40140166,17259.7
Spain,Europe,1967,65.67,49197657,19216.45
Spain,Europe,1972,66.64,43743480,25487.22
Spain,Europe,1977,67.63,47938294,27334.3
Spain,Europe,1982,68.38,51937792,15245.88
Spain,Europe,1987,68.95,83832853,21348.29
Spain,Europe,1992,70.56,89671245,23539.74
Spain,Europe,1997,70.86,75121856,26227.48
Spain,Europe,2002,71.39,60465076,21311.03
Spain,Europe,2007,73.15,105822932,24984.23
Sweden,Europe,1952,61.99,39177732,5548.16
Sweden,Europe,1957,63.54,43423656,5772.42
Sweden,Europe,1962,63.84,52860574,7541.48
Sweden,Europe,1967,65.39,56193012,6782.42
Sweden,Europe,1972,67.26,51941706,7377.14
Sweden,Europe,1977,68.31,70302165,8427.06
Sweden,Europe,1982,70.06,72841798,13549.65
Sweden,Europe,1987,70.22,107088076,7074.27
Sweden,Europe,1992,72.15,66949245,13530.0
Sweden,Europe,1997,73.43,87174734,7821.74
Sweden,Europe,2002,75.12,174095717,7758.68
Sweden,Europe,2007,76.28,146083990,49664.93
Switzerland,Europe,1952,67.85,6713802,6528.99
Switzerland,Europe,1957,68.34,7200903,7503.69
Switzerland,Europe,1962,70.53,8955447,7211.33
Switzerland,Europe,1967,69.43,9939275,9038.91
Switzerland,Europe,1972,71.77,9203557,13674.49
Switzerland,Europe,1977,72.25,9028117,14644.15
Switzerland,Europe,1982,73.67,12202473,12862.8
Switzerland,Europe,1987,73.62,18252876,12310.58
Switzerland,Europe,1992,74.9,11972969,9794.35
Switzerland,Europe,1997,75.03,11722249,19115.21
Switzerland,Europe,2002,76.43,14699229,22871.11
Switzerland,Europe,2007,77.84,30085533,9901.35
Turkey,Europe,1952,69.91,54364796,7878.49
Turkey,Europe,1957,69.99,58589968,8631.86
Turkey,Europe,1962,71.98,63545270,10077.25
Turkey,Europe,1967,72.32,71004240,13085.53
Turkey,Europe,1972,75.17,78250734,12147.03
Turkey,Europe,1977,76.3,91763664,9451.07
Turkey,Europe,1982,77.07,111437811,13904.81
Turkey,Europe,1987,77.71,114767544,9974.42
Turkey,Europe,1992,80.68,152304966,22972.36
Turkey,Europe,1997,81.93,105453335,33944.25
Turkey,Europe,2002,82.0,243481173,24812.4
Turkey,Europe,2007,82.0,157256713,27603.75
United Kingdom,Europe,1952,68.03,14026162,11036.46
United Kingdom,Europe,1957,68.91,14650061,11656.33
United Kingdom,Europe,1962,70.35,15972920,11896.06
United Kingdom,Europe,1967,69.28,18064879,17931.44
United Kingdom,Europe,1972,70.28,18152731,12102.41
United Kingdom,Europe,1977,70.74,22474830,12503.65
United Kingdom,Europe,1982,71.99,33906759,27415.61
United Kingdom,Europe,1987,72.71,33185424,43556.46
United Kingdom,Europe,1992,73.32,28243865,49211.21
United Kingdom,Europe,1997,74.76,24826158,48113.35
United Kingdom,Europe,2002,75.15,45445613,44076.72
United Kingdom,Europe,2007,74.98,59157906,63948.9
Australia,Oceania,1952,65.09,10357767,7894.7
Australia,Oceania,1957,65.47,11904745,9325.58
Australia,Oceania,1962,66.2,13177847,8803.18
Australia,Oceania,1967,66.36,13537564,12149.92
Australia,Oceania,1972,67.63,17199355,12411.57
Australia,Oceania,1977,67.25,14762730,9862.64
Australia,Oceania,1982,68.49,18296585,9822.38
Australia,Oceania,1987,69.5,27504237,18523.96
Australia,Oceania,1992,70.28,15540680,10877.31
Australia,Oceania,1997,70.23,33381518,11548.16
Australia,Oceania,2002,70.98,28018584,17544.2
Australia,Oceania,2007,72.15,25438868,52674.84
New Zealand,Oceania,1952,72.03,11675896,18994.44
New Zealand,Oceania,1957,71.02,12698763,21210.04
New Zealand,Oceania,1962,72.52,14875065,21481.56
New Zealand,Oceania,1967,71.88,17024910,27997.22
New Zealand,Oceania,1972,72.57,21182620,40810.09
New Zealand,Oceania,1977,72.98,18791115,28639.85
New Zealand,Oceania,1982,73.55,24436376,23440.39
New Zealand,Oceania,1987,73.0,26856446,22922.22
New Zealand,Oceania,1992,73.39,21248375,43277.97
New Zealand,Oceania,1997,75.0,23981983,39867.56
New Zealand,Oceania,2002,74.31,28819682,62369.71
New Zealand,Oceania,2007,75.24,34654297,98497.93
Papua New Guinea,Oceania,1952,66.81,9277814,9092.04
Papua New Guinea,Oceania,1957,66.36,9969418,9249.31
Papua New Guinea,Oceania,1962,66.93,11248648,10600.71
Papua New Guinea,Oceania,1967,67.29,12842689,11648.8
Papua New Guinea,Oceania,1972,68.0,13367538,11465.74
Papua New Guinea,Oceania,1977,68.24,18410928,13914.71
Papua New Guinea,Oceania,1982,68.29,13887860,12613.65
Papua New Guinea,Oceania,1987,69.43,14544629,31905.0
Papua New Guinea,Oceania,1992,69.78,26897454,21505.19
Papua New Guinea,Oceania,1997,71.07,26510399,11895.14
Papua New Guinea,Oceania,2002,70.99,24424216,14055.07
Papua New Guinea,Oceania,2007,71.21,21757982,16985.24
Fiji,Oceania,1952,66.69,8224571,16575.84
Fiji,Oceania,1957,67.09,9262547,19360.21
Fiji,Oceania,1962,67.53,10848175,22223.08
Fiji,Oceania,1967,68.36,12458145,25297.29
Fiji,Oceania,1972,69.32,10185794,18747.07
Fiji,Oceania,1977,70.58,15180743,35111.8
Fiji,Oceania,1982,71.1,14173123,33504.07
Fiji,Oceania,1987,71.38,14581514,56017.59
Fiji,Oceania,1992,72.05,12700953,23158.73
Fiji,Oceania,1997,73.47,25207241,59920.69
Fiji,Oceania,2002,73.8,23853201,46981.89
Fiji,Oceania,2007,75.16,18054814,34385.7
