employee_id,full_name,department,job_title,hire_date,date_of_birth,age,salary_usd,employment_type,manager_id,phone,performance_score,years_tenure
EMP1641,Maria Gonzalez,ops,Junior Analyst,2021-02-16,1966-06-24,59.0,150395.43135867664,Contract,,,4.0,3
EMP1333,chen wei,engineering,Analyst,2022-05-23,1972-01-24,53,177195.42351926563,PT,EMP1076,,3.0,2
EMP1067,tyler brooks,engineering,Manager,2014-09-10,1965-04-28,58.0,136369.39747712863,part-time,EMP1099,(714) 935-2465,5.0,10
EMP1682,priya sharma,Mktg,Manager,2013-02-22,1985-01-23,38.0,140360.68626520038,part-time,EMP1062,,5.0,11
EMP1398,Chen Wei,Eng,Lead Analyst,2012-05-13,2030-12-15,39.0,160741.99089535986,CONTRACTOR,EMP1045,(311) 611-4259,4.0,12
EMP1215,J. Carter,Engineering,VP,2021-04-21,1965-06-12,60.0,77113.8369518545,contract,EMP1092,(643) 727-2208,3.0,3
EMP1172,Chen Wei,Marketing,Junior Analyst,2016-05-19,1999-04-01,24.0,48181.98568135207,Full-Time,,,3.0,8
EMP1086,Chen Wei,engineering,Analyst,2021-02-11,1979-03-28,46.0,127054.45694439494,part-time,EMP1090,(324) 797-1648,0.0,3
EMP1538,,Mktg,Manager,2010-06-27,1995-02-27,29,54811.609628427665,full-time,EMP1008,(261) 684-4029,4.0,-4
EMP1712,James Carter,marketing,Lead Analyst,2017-09-17,2003-05-18,22.0,147825.88389924477,full-time,EMP1046,,3.0,7
EMP1521,Maria Gonzalez,HR,Senior Analyst,2013-10-12,1979-07-25,45.0,124201.4369714015,Part-Time,EMP1022,,4.0,11
EMP1771,chen wei,sales,Senior Analyst,2012-12-28,1995-04-26,28.0,178844.27629848753,Contract,EMP1006,(306) 837-1624,4.0,12
EMP1434,Chen Wei,Marketing,Senior Manager,2015-11-16,1975-06-15,50.0,1.5,part-time,EMP1025,9508278991,5.0,9
EMP1030,James Carter,marketing,Senior Manager,2017-07-18,1977-09-01,48.0,43136.808824359134,CONTRACTOR,EMP1029,4409441670,0.0,7
EMP1775,chen wei,Eng,Director,2012-05-17,1962-05-23,61,113859.05717671104,Contract,EMP1056,+1-201-362-4133,4.0,12
EMP1433,Maria Gonzalez,HR,VP,2010-09-14,1984-05-16,40.0,78927.31347971509,full-time,EMP1044,(414) 582-1933,4.0,14
EMP1039,James Carter,Marketing,Junior Analyst,2022-03-20,1981-04-19,43.0,162303.44092687574,,EMP1006,+1-994-869-4955,4.0,2
EMP1212,James Carter,OPS,Senior Manager,2013-10-08,1965-10-26,60.0,94736.61308280233,Part-Time,EMP1013,3168869467,4.0,11
EMP1291,chen wei,Finance,Senior Analyst,,1987-10-09,36.0,999999.0,Full Time,EMP1072,6042856023,4.0,11
EMP1360,"Chen, Wei",HR,Manager,2017-01-11,1969-08-09,55.0,999999.0,PT,EMP1034,(643) 395-7834,2.0,7
EMP1781,,Marketing,VP,2015-04-11,1967-11-08,57.0,150100.93968368456,Full-Time,EMP1083,,3.0,9
EMP1450,James Carter,Finance,Senior Manager,2022-10-10,1965-12-21,60.0,117211.43582960442,contract,EMP1003,,1.0,2
EMP1204,chen wei,Finance,Director,2019-02-25,1972-05-06,53.0,156856.75562881626,Full Time,EMP1015,8216827082,4.0,5
EMP1326,chen wei,Mktg,Lead Analyst,2023-07-13,2003-11-08,22.0,115394.0753578223,Part-Time,EMP1018,9711318124,3.0,1
EMP1707,"Chen, Wei",OPS,Director,2022-02-15,2030-08-19,60.0,92853.94855395268,part-time,,9761541302,,2
EMP1250,MARIA GONZALEZ,engineering,Analyst,2014-07-07,1977-01-03,47.0,89203.17526457907,PT,EMP1061,+1-268-759-9142,4.0,10
EMP1576,"Chen, Wei",FIN,Lead Analyst,2013-10-11,1964-09-23,59.0,62479.67002405513,Contract,EMP1069,(962) 220-5027,3.0,11
EMP1196,,Mktg,Junior Analyst,2021-10-03,1999-09-05,24.0,130458.99801216021,CONTRACTOR,EMP1036,3552845338,2.0,3
EMP1344,Tyler Brooks,ops,Director,2012-06-20,1965-09-01,60.0,99919.46202860298,Contract,EMP1048,+1-890-943-3979,1.0,12
EMP1740,J. Carter,Eng,Junior Analyst,2010-06-11,1969-11-02,56.0,138127.1209424423,,EMP1090,+1-554-630-9554,,14
EMP1338,Tyler Brooks,ENG,Director,2023-01-01,1964-02-15,61.0,63572.12451008067,Contract,EMP1054,(994) 270-2834,,1
EMP1705,,Operations,Manager,2020-07-22,1964-07-02,60.0,150321.83488165244,PT,EMP1037,(432) 743-8065,3.0,4
EMP1527,Tyler Brooks,MARKETING,Senior Analyst,2020-05-24,1999-04-09,24.0,55334.627624398956,contract,EMP1002,,4.0,4
EMP1137,"Chen, Wei",engineering,Manager,2020-12-06,1983-05-03,40.0,140597.3254827036,CONTRACTOR,EMP1041,(905) 592-4739,5.0,4
EMP1352,,Operations,C-Suite,2022-05-16,1993-06-15,32.0,146111.61042893014,Full-Time,EMP1029,(825) 405-1967,4.0,2
EMP1616,Chen Wei,HR,Junior Analyst,2020-04-04,1973-11-03,51.0,156686.43363943213,Part-Time,EMP1010,,4.0,4
EMP1065,Tyler Brooks,Operations,Senior Analyst,2015-05-11,1987-09-14,38.0,116860.15051852158,CONTRACTOR,EMP1021,,4.0,9
EMP1063,Maria Gonzalez,Ops,Senior Manager,2010-07-20,1965-03-04,59.0,178964.05316336508,PT,EMP1059,(806) 275-6518,3.0,14
EMP1670,tyler brooks,Eng,Analyst,2012-04-26,1988-01-25,35.0,1200000.0,FT,EMP1082,7304837388,4.0,12
EMP1139,,Sales,Manager,2019-03-28,1994-08-18,31.0,178366.58485800345,FT,EMP1052,+1-801-889-4486,4.0,5
EMP1023,Chen Wei,OPS,VP,2019-06-09,1997-10-12,28.0,106933.4665323117,full-time,,(708) 535-5231,4.0,5
EMP1109,Chen Wei,Operations,Manager,2021-06-06,1994-05-12,29.0,127890.0214112897,part-time,EMP1042,,3.0,3
EMP1211,Chen Wei,marketing,Senior Analyst,2013-11-05,2003-02-19,22.0,123286.44675079396,,EMP1046,(872) 643-4144,5.0,11
EMP1557,Chen Wei,Finance,Senior Analyst,2015-04-23,1968-07-28,57,110740.15093527216,contract,EMP1082,(609) 373-6060,4.0,-1
EMP1239,,Marketing,Director,2023-06-16,2029-12-26,23.0,172371.00601132747,FT,EMP1073,+1-258-217-4998,4.0,1
EMP1477,chen wei,Eng,Junior Analyst,2012-01-20,1983-01-01,42.0,1.5,contract,,(827) 825-3065,7.0,12
EMP1213,priya sharma,Sales,Senior Manager,,1973-03-28,51.0,101126.736702389,CONTRACTOR,EMP1066,,,9
EMP1405,Chen Wei,HR,Manager,2012-03-21,1989-07-11,34.0,76786.91170036298,Full-Time,EMP1041,(559) 478-8414,,12
EMP1066,J. Carter,ops,Analyst,2012-08-16,1982-12-18,42.0,134290.18249982636,Part-Time,EMP1009,+1-787-804-5112,4.0,12
EMP1679,tyler brooks,HR,C-Suite,2018-08-07,1973-06-11,51.0,74169.38905529035,Contract,EMP1006,,2.0,6
EMP1529,priya sharma,Finance,C-Suite,2012-03-22,1976-05-11,49.0,73123.41057504975,,EMP1018,+1-404-801-7740,1.0,0
EMP1537,chen wei,ops,VP,2017-03-02,1974-09-26,51.0,116978.39260760364,PT,EMP1064,,4.0,7
EMP1652,chen wei,Operations,Junior Analyst,2021-03-26,1994-03-16,29.0,124350.34849236548,part-time,,+1-957-590-6110,4.0,3
EMP1334,james carter,Human Resources,Manager,2020-01-09,1975-05-25,50.0,118213.20885355912,Contract,EMP1075,+1-613-680-1628,4.0,4
EMP1495,tyler brooks,Finance,VP,2018-11-10,1995-02-14,29,142429.50649159594,Contract,EMP1000,(677) 946-3608,4.0,6
EMP1447,James Carter,Mktg,Senior Analyst,2020-04-11,1967-03-05,56,96541.85383689392,Full-Time,EMP1052,9889960877,4.0,4
EMP1431,priya sharma,marketing,Director,2010-08-25,1972-12-06,52.0,81007.2639816768,FT,EMP1066,(513) 968-7826,3.0,14
EMP1568,Priya Sharma,Human Resources,VP,2014-12-13,1988-01-08,36.0,100436.4486299493,CONTRACTOR,EMP1040,2093139609,4.0,10
EMP1015,Maria Gonzalez,human resources,Director,2019-02-12,1994-11-03,31.0,57545.25258939613,Full-Time,EMP1034,,3.0,5
EMP1782,priya sharma,Eng,Manager,2014-02-18,1967-02-01,57.0,104568.39861635398,CONTRACTOR,EMP1052,5443952194,4.0,10
EMP1213,priya sharma,Sales,Senior Manager,,1973-03-28,51.0,101126.736702389,CONTRACTOR,EMP1066,,,9
EMP1545,James Carter,OPS,Analyst,2022-04-02,1997-02-13,26.0,97504.38852701487,Contract,EMP1065,+1-906-222-8029,4.0,2
EMP1380,Maria Gonzalez,human resources,Director,2020-08-03,1988-06-01,37.0,148813.76053137897,Part-Time,EMP1041,,3.0,4
EMP1774,J. Carter,Ops,C-Suite,2013-01-26,1986-07-01,38.0,65228.71413401584,Full Time,EMP1055,5022319715,1.0,11
EMP1260,james carter,Engineering,Lead Analyst,2013-08-03,1968-12-24,55.0,0.0,contract,EMP1092,+1-734-960-5144,4.0,11
EMP1506,Priya Sharma,Finance,Lead Analyst,2016-02-02,1967-04-22,56,52278.50938349488,contract,EMP1026,5184556116,4.0,8
EMP1665,chen wei,MARKETING,Senior Analyst,2013-09-08,1973-01-28,52.0,81933.57151275425,Full Time,EMP1023,(278) 315-3972,4.0,11
EMP1078,Priya Sharma,Mktg,Lead Analyst,2011-05-11,1999-03-26,26.0,109847.52441323949,Part-Time,EMP1080,+1-933-418-6757,5.0,13
EMP1368,Chen Wei,human resources,C-Suite,2019-01-12,1984-02-04,40.0,152398.1465177446,part-time,EMP1020,+1-632-445-2615,3.0,5
EMP1049,MARIA GONZALEZ,FIN,Senior Manager,2019-09-03,1967-10-17,57,46239.88517356677,FT,,,4.0,5
EMP1096,"Chen, Wei",Ops,Senior Analyst,2022-04-06,1965-03-16,59,118919.99065559151,contract,EMP1020,(318) 304-1251,3.0,2
EMP1776,J. Carter,Mktg,Lead Analyst,2015-02-11,1978-05-19,45.0,41424.68299151263,part-time,,9696315510,4.0,0
EMP1650,Chen Wei,SALES,Senior Manager,2019-12-10,2028-05-16,29.0,70919.15480652638,Part-Time,EMP1010,+1-356-309-8249,,5
EMP1482,James Carter,Eng,Director,2014-10-27,1966-09-28,58.0,52215.43248540106,Part-Time,EMP1053,+1-673-412-1329,4.0,10
EMP1599,Chen Wei,Sales,Manager,,1997-11-17,28.0,173738.9858829579,,,,2.0,4
EMP1439,MARIA GONZALEZ,Human Resources,Senior Manager,2014-09-20,2029-08-09,28.0,182187.4625641133,FT,EMP1099,(884) 344-8337,3.0,10
EMP1033,james carter,Marketing,Lead Analyst,2023-02-04,2000-07-03,25.0,135535.26965073094,Full-Time,EMP1003,+1-823-932-9947,0.0,1
EMP1031,J. Carter,Marketing,Senior Analyst,2019-07-13,2001-09-07,24.0,148467.2916925403,Full-Time,EMP1069,,3.0,5
EMP1335,Tyler Brooks,Finance,Lead Analyst,2010-01-20,1993-01-05,30.0,54509.06819079757,contract,EMP1013,,5.0,14
EMP1493,james carter,SALES,VP,2012-03-26,1966-07-26,57.0,43599.02902600751,FT,EMP1085,,4.0,12
EMP1336,MARIA GONZALEZ,human resources,Lead Analyst,2020-03-18,1996-08-15,29.0,110541.27495918259,full-time,EMP1031,,4.0,-4
EMP1296,priya sharma,marketing,VP,2023-09-03,1984-02-03,41.0,97899.30102018041,,EMP1068,7338306093,4.0,1
EMP1299,MARIA GONZALEZ,OPS,VP,2021-08-22,1996-12-11,29.0,93602.73857135995,full-time,EMP1095,+1-571-582-6791,3.0,3
EMP1440,"Chen, Wei",marketing,Manager,,1999-02-22,24.0,99921.1117129002,FT,EMP1084,,0.0,10
EMP1404,Chen Wei,MARKETING,Manager,2017-08-17,1973-05-05,52.0,103990.81319174988,FT,,+1-417-991-2347,3.0,7
EMP1072,Maria Gonzalez,sales,VP,2020-07-22,2029-06-22,41,63727.87371582459,contract,EMP1087,+1-217-257-8003,4.0,4
EMP1077,James Carter,Ops,Manager,2023-11-03,1964-01-19,60.0,154623.60056002816,,EMP1091,6879288091,3.0,1
EMP1748,Maria Gonzalez,ENG,Senior Analyst,,1987-06-27,36,133326.1098360297,FT,EMP1052,(457) 742-4811,3.0,4
1522.0,,FIN,VP,2010-04-18,1973-10-10,50.0,163651.29314951797,full-time,EMP1099,4240871346,4.0,14
EMP1351,Chen Wei,FIN,Manager,2012-08-15,1978-08-16,46,134337.98823236662,contract,EMP1040,+1-364-684-6740,,12
EMP1581,priya sharma,Engineering,C-Suite,,1985-10-21,38.0,165174.36744290448,PT,EMP1081,,5.0,-3
EMP1365,Maria Gonzalez,MARKETING,Manager,2022-06-21,1996-04-06,29,104024.86121144863,CONTRACTOR,EMP1000,(883) 647-7970,3.0,2
EMP1443,james carter,sales,Junior Analyst,2015-06-05,1984-08-15,41.0,178176.27499511506,FT,EMP1070,,7.0,9
EMP1606,Tyler Brooks,sales,Senior Manager,2013-11-08,1982-12-23,41.0,116138.74638579346,Full Time,,,4.0,11
EMP1350,,Finance,Lead Analyst,2022-08-26,1978-07-16,45.0,74765.69398204265,Part-Time,EMP1014,,7.0,2
EMP1309,Priya Sharma,finance,Director,2021-10-12,1996-10-12,28.0,117617.83644043049,PT,EMP1050,8524728194,5.0,3
EMP1155,Tyler Brooks,marketing,Senior Manager,2011-06-09,2003-09-01,22.0,100204.47365983782,contract,,(731) 441-5601,7.0,13
EMP1613,james carter,Finance,Senior Manager,2023-09-14,1975-09-25,49.0,65519.977926237756,Full Time,EMP1083,,3.0,1
EMP1316,J. Carter,Marketing,Lead Analyst,2013-07-18,1969-06-26,55.0,62232.588138071864,Part-Time,EMP1044,6789042944,3.0,11
EMP1266,Chen Wei,marketing,Senior Analyst,2017-07-21,1977-08-12,46.0,121487.14072998422,contract,EMP1000,+1-611-366-5136,4.0,7
EMP1621,MARIA GONZALEZ,Ops,Lead Analyst,2023-05-16,1973-05-04,52.0,77115.23822379578,contract,EMP1010,+1-427-807-6091,4.0,1
1768.0,Tyler Brooks,SALES,Junior Analyst,2018-09-22,1973-05-13,50.0,68602.05286441863,Full Time,EMP1065,+1-251-464-5802,3.0,6
EMP1005,MARIA GONZALEZ,Finance,Manager,2018-05-05,1989-11-22,36.0,65676.38785299541,FT,EMP1053,5703342451,2.0,6
EMP1054,Priya Sharma,HR,C-Suite,2023-05-14,1963-01-18,61.0,143948.67851813906,,,3196448156,2.0,1
EMP1770,Tyler Brooks,MARKETING,Lead Analyst,2021-02-25,1981-04-07,44.0,150625.07395950644,CONTRACTOR,EMP1006,,4.0,3
EMP1501,Maria Gonzalez,engineering,C-Suite,,1979-09-05,46.0,86575.1065447588,Full-Time,,,5.0,9
EMP1265,MARIA GONZALEZ,engineering,Senior Analyst,2011-07-23,1979-02-22,45.0,63778.225653593574,PT,EMP1032,+1-649-308-3288,3.0,13
EMP1547,,Ops,C-Suite,,2001-12-02,22.0,116931.72904474624,CONTRACTOR,EMP1023,6669036374,4.0,3
EMP1097,priya sharma,ENG,Senior Manager,2023-07-20,1973-12-06,50.0,0.0,contract,EMP1066,(477) 621-3189,,1
EMP1582,MARIA GONZALEZ,Eng,Analyst,2018-03-11,1978-11-19,46.0,38751.539428204924,full-time,EMP1044,2948176025,5.0,6
EMP1076,Priya Sharma,Finance,Junior Analyst,2019-09-19,2002-06-25,23.0,171400.7181729306,full-time,EMP1063,+1-376-763-1218,3.0,5
EMP1120,J. Carter,Engineering,Analyst,2013-07-25,1967-06-21,58.0,148717.83915726095,,EMP1058,(827) 443-2525,4.0,11
EMP1394,tyler brooks,finance,Junior Analyst,2023-03-08,2000-02-15,24.0,92276.04232802722,Full-Time,EMP1069,(607) 633-3711,7.0,1
EMP1784,MARIA GONZALEZ,Finance,Manager,2014-12-26,1994-04-15,31.0,71369.80661506488,part-time,EMP1049,,3.0,10
EMP1357,,ENG,VP,2010-02-18,1967-12-19,57.0,92607.78183089747,,EMP1050,,4.0,14
EMP1730,Priya Sharma,Eng,Analyst,2021-01-14,1964-12-16,59.0,90578.90132541611,contract,EMP1087,+1-951-334-1400,2.0,3
EMP1534,priya sharma,Operations,Manager,2019-12-09,1974-02-28,50.0,172040.6555418315,PT,EMP1063,+1-710-982-9230,1.0,5
EMP1464,,Human Resources,Analyst,2023-12-09,1964-10-26,61.0,154516.65804373982,Full-Time,EMP1028,5940753036,4.0,1
EMP1084,J. Carter,Eng,Manager,2012-08-08,1984-08-16,39.0,52007.65008462052,CONTRACTOR,,+1-339-730-2319,3.0,12
EMP1010,J. Carter,Human Resources,VP,2020-04-11,1980-05-15,44.0,124088.0339482941,Contract,,2575106666,3.0,4
EMP1168,J. Carter,OPS,VP,2020-05-24,1981-10-22,44.0,112568.44979788348,full-time,EMP1035,9161635157,3.0,4
EMP1110,Maria Gonzalez,Mktg,Senior Manager,2023-04-15,1997-07-01,28.0,140100.53477185225,Part-Time,EMP1056,+1-478-755-9114,5.0,1
EMP1292,priya sharma,SALES,C-Suite,2022-03-19,1986-04-21,38.0,86431.79464877625,Contract,,(389) 894-6628,7.0,2
EMP1494,priya sharma,Engineering,Analyst,2019-12-16,1990-03-19,35.0,47996.57727955621,FT,EMP1019,5920440455,3.0,5
EMP1218,Priya Sharma,MARKETING,Analyst,2018-04-18,1997-11-12,26.0,169765.9669011082,Full Time,EMP1007,,3.0,6
EMP1721,J. Carter,Finance,Analyst,2011-08-26,1981-12-18,42.0,1200000.0,part-time,EMP1000,3515759868,3.0,13
EMP1327,,Operations,Junior Analyst,2010-03-28,1979-07-03,45.0,177395.85416168446,full-time,EMP1085,2826454607,0.0,14
EMP1543,tyler brooks,human resources,C-Suite,2013-02-15,1978-11-25,47.0,124198.15345273029,full-time,EMP1060,(912) 835-6461,3.0,-3
EMP1118,Chen Wei,Marketing,Lead Analyst,,1993-06-24,31.0,142533.37915931898,contract,EMP1083,,4.0,9
EMP1531,james carter,sales,Senior Manager,2015-02-04,1970-01-12,55.0,86221.0101986668,part-time,EMP1033,2282189926,4.0,9
EMP1363,priya sharma,ENG,Director,2021-07-24,1998-03-02,25.0,146036.02129115537,PT,EMP1059,+1-308-741-7645,3.0,3
EMP1029,tyler brooks,FIN,Senior Analyst,2019-06-10,1993-02-09,30.0,99242.56959949833,part-time,EMP1060,,4.0,5
EMP1634,Priya Sharma,FIN,Lead Analyst,2016-12-21,1971-04-25,52.0,107134.50281310052,full-time,EMP1018,,4.0,8
EMP1583,MARIA GONZALEZ,Marketing,Senior Analyst,2019-12-18,1981-10-23,43.0,62746.21593325185,Part-Time,EMP1058,(698) 900-5298,4.0,5
EMP1445,"Chen, Wei",Sales,C-Suite,2020-07-03,1991-05-01,32.0,45950.91731290841,PT,EMP1062,,4.0,4
EMP1306,chen wei,sales,Senior Manager,2016-11-21,1995-03-11,30.0,171580.4321322435,,EMP1081,+1-875-238-6110,4.0,8
EMP1081,James Carter,ops,C-Suite,2014-05-12,1999-06-04,24.0,92395.64246882709,contract,EMP1003,(585) 423-1491,4.0,10
EMP1717,tyler brooks,Eng,Director,2022-03-03,1997-08-15,28.0,175155.98413194602,Full Time,,7685238221,4.0,1
EMP1456,Priya Sharma,Engineering,Manager,2021-08-16,1977-09-04,46.0,124692.94547401392,,EMP1044,(545) 660-1344,4.0,3
EMP1517,,Operations,Manager,2015-09-01,1962-05-16,61.0,45138.1307373421,FT,EMP1090,(292) 587-1889,7.0,1
EMP1744,priya sharma,SALES,VP,2015-07-14,1992-05-22,31.0,112108.98966847538,Full-Time,,(512) 373-2387,2.0,9
EMP1756,Maria Gonzalez,human resources,Manager,2010-09-11,1976-03-21,49.0,38854.27956761434,CONTRACTOR,EMP1003,,4.0,14
EMP1659,Maria Gonzalez,finance,Senior Manager,2013-11-22,1974-02-14,50.0,81495.31658884548,part-time,EMP1046,3750546149,2.0,11
EMP1751,chen wei,Human Resources,Director,2019-09-28,1982-10-19,42.0,1.5,full-time,EMP1007,7570975590,2.0,5
1247.0,J. Carter,sales,Lead Analyst,2013-01-22,1991-02-08,34.0,60506.868953401674,contract,EMP1061,(262) 857-9457,3.0,11
EMP1608,"Chen, Wei",finance,Junior Analyst,2018-08-01,1972-11-20,51,80847.85279534089,Full-Time,EMP1086,7770400950,4.0,6
EMP1377,"Chen, Wei",sales,Manager,2012-01-15,2000-10-05,24.0,126012.67410727745,full-time,EMP1091,,2.0,12
EMP1227,,OPS,Senior Analyst,,1995-04-18,30.0,97808.00306285222,CONTRACTOR,EMP1054,7848797387,4.0,9
EMP1007,"Chen, Wei",Ops,Lead Analyst,2011-08-27,1968-02-13,56.0,52956.84326307906,CONTRACTOR,EMP1015,8992925663,4.0,13
EMP1285,Priya Sharma,HR,Manager,2013-07-13,1963-02-11,61.0,0.0,Contract,EMP1025,(310) 987-5259,3.0,11
EMP1101,Priya Sharma,Mktg,Director,2018-03-13,1969-10-03,56.0,122768.38992435182,part-time,EMP1085,+1-950-514-4832,3.0,6
EMP1335,Tyler Brooks,Finance,Lead Analyst,2010-01-20,1993-01-05,30.0,54509.06819079757,contract,EMP1013,,5.0,14
EMP1677,J. Carter,FIN,Director,2018-01-13,1975-05-12,49.0,85215.27355548313,,EMP1071,+1-379-806-4946,0.0,1
EMP1633,james carter,finance,Lead Analyst,2012-05-23,2001-02-16,23.0,58686.261012755094,PT,EMP1008,(404) 857-3017,2.0,12
EMP1657,,engineering,VP,2020-04-26,1996-06-24,29.0,152609.51264636044,Full Time,EMP1048,(573) 565-6926,3.0,4
EMP1002,,Marketing,Senior Analyst,2015-05-14,1975-03-26,50.0,999999.0,PT,EMP1027,(517) 555-4062,4.0,9
EMP1231,priya sharma,Ops,Lead Analyst,2020-11-19,1973-12-27,51.0,42163.140478058434,CONTRACTOR,EMP1023,2687457616,3.0,4
EMP1425,James Carter,Human Resources,Director,2010-07-11,1977-10-06,47.0,50633.02952593862,CONTRACTOR,EMP1023,+1-522-437-2375,,14
EMP1332,chen wei,Marketing,VP,2018-02-08,1993-01-07,32.0,73990.68269461325,PT,EMP1065,+1-721-890-3295,5.0,6
EMP1208,"Chen, Wei",HR,C-Suite,2017-03-28,2001-07-15,24.0,68750.21112884533,contract,EMP1095,5689013777,3.0,7
EMP1210,Maria Gonzalez,ENG,Senior Analyst,2022-04-08,1980-04-28,43,45920.98177155977,,EMP1095,,3.0,2
EMP1447,James Carter,Mktg,Senior Analyst,2020-04-11,1967-03-05,56,96541.85383689392,Full-Time,EMP1052,9889960877,4.0,4
EMP1764,James Carter,Marketing,Senior Manager,2018-04-11,1974-07-15,51.0,146869.9204648818,Contract,,+1-532-839-1720,3.0,6
EMP1667,priya sharma,OPS,Analyst,2011-08-11,1992-04-05,33.0,145691.58272779774,PT,EMP1045,7430339464,1.0,-4
EMP1174,chen wei,finance,VP,2020-01-12,1968-01-17,57.0,166346.2802529306,part-time,EMP1013,,,4
EMP1244,James Carter,ENG,Director,2021-02-27,1975-10-07,49.0,134160.57533878786,PT,EMP1003,,4.0,3
EMP1453,J. Carter,FIN,Manager,2016-11-15,1981-09-13,43.0,157108.48537254945,CONTRACTOR,EMP1000,9859444720,3.0,8
EMP1356,priya sharma,Marketing,Manager,2018-07-05,1980-09-02,43.0,57770.64671376472,part-time,EMP1069,,2.0,6
EMP1499,tyler brooks,Ops,C-Suite,2022-09-17,1978-04-06,46.0,80082.64868439198,Part-Time,,(285) 579-8036,3.0,2
EMP1381,Tyler Brooks,Operations,Senior Analyst,2010-12-02,1973-08-22,52.0,179435.6595598126,Full-Time,EMP1076,2666429638,3.0,14
EMP1079,chen wei,sales,VP,2013-11-16,1992-02-10,31.0,154159.0354064345,,EMP1021,(342) 511-9721,3.0,11
EMP1148,Chen Wei,Operations,Lead Analyst,2019-09-15,1979-07-12,46.0,145389.4595614447,part-time,EMP1074,,4.0,5
EMP1361,James Carter,Ops,Junior Analyst,2023-05-19,1970-03-23,54.0,142344.61463246483,FT,EMP1052,+1-343-547-9102,4.0,1
EMP1192,Chen Wei,ops,Senior Analyst,,1978-10-20,46.0,131013.14174707522,CONTRACTOR,EMP1042,(973) 390-8966,3.0,3
1275.0,,Ops,VP,2020-02-03,1982-05-02,42.0,137285.30567179268,PT,EMP1059,(998) 340-4332,,4
EMP1331,james carter,sales,Analyst,2022-01-23,1973-04-21,52.0,161280.37557443936,Contract,,(975) 481-6797,3.0,2
EMP1602,MARIA GONZALEZ,Eng,Director,2013-06-07,1972-06-05,51.0,150018.59906267672,full-time,EMP1054,6107680233,1.0,11
EMP1319,Maria Gonzalez,ENG,Junior Analyst,2010-06-17,1979-12-23,44.0,66173.59183891506,,EMP1048,(437) 451-1521,7.0,14
EMP1198,,human resources,Senior Analyst,2017-06-23,1985-04-27,38.0,70530.19889835853,PT,EMP1030,9502133748,3.0,7
EMP1133,Chen Wei,Finance,C-Suite,2014-12-12,2002-10-01,22.0,163233.03412930554,Contract,EMP1019,+1-487-856-9287,4.0,10
EMP1393,MARIA GONZALEZ,Sales,C-Suite,2010-06-09,2000-02-17,24.0,61116.3179903913,FT,EMP1044,(619) 778-4230,3.0,14
EMP1314,J. Carter,Finance,C-Suite,2011-05-21,1973-10-26,51.0,179501.86768018562,PT,EMP1011,6907604028,4.0,13
EMP1711,Tyler Brooks,Operations,Senior Analyst,2021-01-20,1996-11-11,29,45425.24017716641,Full-Time,EMP1015,,5.0,3
EMP1055,James Carter,OPS,Lead Analyst,2018-04-16,2027-04-17,41.0,96982.20956251875,Part-Time,EMP1002,+1-201-203-8030,2.0,6
EMP1439,MARIA GONZALEZ,Human Resources,Senior Manager,2014-09-20,2029-08-09,28.0,182187.4625641133,FT,EMP1099,(884) 344-8337,3.0,10
EMP1620,james carter,Ops,Senior Analyst,2019-04-13,1970-12-24,53.0,130679.7639773562,full-time,EMP1016,9303756730,3.0,5
EMP1549,tyler brooks,Human Resources,C-Suite,2013-08-09,1967-01-25,58.0,-50000.0,Full Time,EMP1090,(889) 278-7857,1.0,11
EMP1567,priya sharma,finance,Manager,2014-08-25,1995-12-25,29.0,98463.36865401498,CONTRACTOR,EMP1054,,4.0,10
EMP1624,Tyler Brooks,OPS,Junior Analyst,2014-01-02,1991-05-17,34.0,999999.0,PT,EMP1053,,2.0,10
EMP1426,J. Carter,Eng,Senior Manager,2010-02-10,2002-01-06,22.0,101223.4865794726,FT,,(687) 491-4624,3.0,14
EMP1462,tyler brooks,Eng,C-Suite,2012-02-04,1969-11-21,55.0,76629.39033681588,CONTRACTOR,EMP1069,,5.0,0
EMP1457,priya sharma,HR,Analyst,2013-10-18,1997-09-10,28.0,38015.993053664875,PT,EMP1001,5752208536,3.0,11
EMP1060,Tyler Brooks,Marketing,VP,2018-06-10,1970-02-09,53.0,55100.20811334385,FT,EMP1082,,4.0,6
EMP1589,,ops,Lead Analyst,2019-01-21,1986-05-02,38.0,155278.2387620852,Contract,EMP1072,,4.0,5
EMP1388,MARIA GONZALEZ,OPS,Senior Analyst,2021-01-17,1965-06-07,59.0,120060.1163604135,Part-Time,EMP1083,6346312586,5.0,3
EMP1199,Chen Wei,MARKETING,Junior Analyst,2013-02-12,1964-11-15,60.0,152740.11970971266,FT,EMP1031,(387) 391-8437,3.0,11
EMP1636,james carter,engineering,Junior Analyst,2017-06-21,1970-04-19,53.0,105284.37566821132,part-time,,+1-968-426-8647,4.0,7
EMP1757,james carter,Operations,Senior Analyst,2021-07-13,2027-03-16,24.0,1200000.0,Part-Time,EMP1058,(982) 595-5001,3.0,3
EMP1544,Priya Sharma,Sales,C-Suite,2021-11-10,1982-02-08,41.0,47499.79838669413,PT,,(820) 457-6019,3.0,3
EMP1382,"Chen, Wei",finance,Lead Analyst,,1987-07-06,37.0,150846.29549158685,,EMP1013,,3.0,9
EMP1259,priya sharma,Finance,Junior Analyst,2012-08-12,1989-01-09,34.0,97397.58652463819,Part-Time,EMP1035,3215580203,5.0,12
EMP1209,Chen Wei,OPS,Lead Analyst,2023-11-09,1997-11-24,28.0,0.0,Part-Time,EMP1006,(906) 216-7144,5.0,1
EMP1409,priya sharma,Sales,Manager,2011-06-14,1992-01-21,32.0,140007.03011260403,full-time,EMP1041,4154156890,4.0,13
EMP1739,J. Carter,SALES,Analyst,2011-04-28,1972-12-15,53.0,165353.71217811084,contract,,,3.0,13
EMP1090,james carter,Finance,Analyst,2013-08-23,1974-01-17,50.0,107424.46736212038,Contract,,+1-725-655-8162,3.0,11
EMP1254,james carter,Eng,Director,2017-09-21,1996-03-28,29.0,132753.30951123254,FT,EMP1014,+1-933-502-8477,3.0,7
EMP1181,Tyler Brooks,HR,VP,2012-03-15,1977-01-06,48.0,999999.0,full-time,EMP1009,,4.0,12
EMP1420,tyler brooks,Marketing,Manager,2013-07-28,1990-10-08,34.0,142770.63738262415,FT,EMP1031,+1-523-658-5407,3.0,11
EMP1375,MARIA GONZALEZ,Sales,Junior Analyst,2017-11-18,1996-03-03,27.0,40939.56586395392,Part-Time,EMP1043,,3.0,7
EMP1300,chen wei,Ops,Junior Analyst,2023-06-05,1979-05-09,45.0,60568.487087282076,Part-Time,EMP1022,3260899763,3.0,1
EMP1158,Priya Sharma,MARKETING,Manager,2018-10-17,1994-09-26,31.0,134206.20175954344,Part-Time,EMP1072,9410741226,5.0,6
EMP1069,Maria Gonzalez,FIN,Manager,2011-07-19,1968-11-20,56.0,100773.72603458297,FT,EMP1022,(687) 623-8343,4.0,13
EMP1604,"Chen, Wei",FIN,Senior Manager,2010-11-28,1972-07-24,52.0,75775.93004774115,,EMP1015,+1-295-756-1503,3.0,14
EMP1131,Maria Gonzalez,finance,Analyst,2022-10-24,1974-04-22,51.0,154429.26560814842,,EMP1015,+1-948-369-6382,0.0,2
EMP1044,james carter,human resources,C-Suite,2023-11-24,1980-08-13,44.0,159593.13760736323,full-time,EMP1027,+1-526-479-1239,4.0,1
EMP1070,Priya Sharma,engineering,Lead Analyst,2023-01-28,2002-12-16,22.0,181045.99182979955,full-time,EMP1059,,3.0,-2
EMP1487,james carter,Engineering,Senior Analyst,2023-08-25,1993-01-15,31.0,48696.60394598646,,EMP1090,,3.0,1
EMP1758,"Chen, Wei",sales,Director,2019-06-03,1993-01-19,32.0,102812.41013336692,,EMP1000,9665056256,4.0,5
EMP1323,James Carter,Eng,Senior Analyst,2022-10-23,1996-09-01,27.0,167467.95987291564,Part-Time,EMP1078,+1-398-610-1179,3.0,2
EMP1688,James Carter,marketing,VP,2019-10-20,1982-05-23,42.0,150394.33020891398,Full Time,,+1-626-739-7596,4.0,5
EMP1135,James Carter,ops,Manager,,1972-03-23,51.0,40227.4645131399,CONTRACTOR,EMP1045,+1-978-632-3510,2.0,8
EMP1082,Maria Gonzalez,Operations,Senior Manager,2014-09-24,1994-09-20,29.0,146419.63204666256,contract,EMP1005,+1-430-673-1476,4.0,10
EMP1165,MARIA GONZALEZ,engineering,Director,2011-04-06,1973-07-17,50,105882.95419072856,part-time,EMP1061,+1-221-840-3999,4.0,13
EMP1164,tyler brooks,sales,Manager,2022-08-24,1980-03-25,45.0,175470.09149307152,FT,EMP1058,(563) 932-5347,3.0,2
EMP1028,james carter,Finance,Senior Manager,2019-10-14,1987-12-12,36.0,77353.41775574646,full-time,EMP1022,,4.0,5
EMP1777,"Chen, Wei",MARKETING,Manager,2014-05-21,2027-08-13,37.0,76305.47920683894,Part-Time,,,4.0,10
EMP1193,james carter,ENG,VP,2016-11-09,2030-06-10,61.0,115958.79923749612,CONTRACTOR,,8391640003,4.0,8
EMP1733,Tyler Brooks,Finance,Director,2018-10-14,2029-09-12,34.0,76136.77254219292,PT,EMP1070,,4.0,-4
EMP1532,priya sharma,engineering,Director,2020-08-27,1976-09-23,49.0,99352.34554774218,Full-Time,EMP1035,7998204930,0.0,4
EMP1329,Chen Wei,ENG,Senior Analyst,2018-08-05,1988-08-20,36.0,112797.02708719671,PT,EMP1079,,,6
EMP1136,James Carter,OPS,VP,2018-12-24,1979-07-25,46.0,130762.18527402167,CONTRACTOR,EMP1090,7504542521,4.0,6
EMP1428,james carter,MARKETING,Lead Analyst,2017-12-04,1980-04-14,43.0,1.5,Full Time,EMP1043,+1-655-843-8947,4.0,-4
EMP1444,MARIA GONZALEZ,HR,Director,2017-10-08,1993-02-18,32.0,174194.27882956137,Part-Time,,+1-745-861-4602,,7
EMP1140,MARIA GONZALEZ,Sales,Junior Analyst,,1996-12-24,29.0,72211.76502413086,full-time,EMP1006,8634085146,3.0,10
EMP1486,priya sharma,Operations,Junior Analyst,2021-07-25,1991-04-23,34.0,135954.10078360135,Full-Time,EMP1082,,2.0,3
EMP1006,james carter,Marketing,Senior Analyst,2021-05-09,1962-08-10,61.0,59144.78437090111,Full-Time,,+1-751-409-5404,4.0,3
EMP1536,tyler brooks,Human Resources,VP,2022-03-04,1987-12-13,38.0,132962.9519462248,,EMP1004,8467644537,2.0,2
EMP1743,tyler brooks,engineering,C-Suite,2016-03-03,1992-03-15,32.0,151745.91575679957,,EMP1010,(366) 964-6233,4.0,8
EMP1235,james carter,Operations,Junior Analyst,2017-02-18,2001-03-11,23.0,116867.53698688722,part-time,EMP1053,4844062267,,7
EMP1497,"Chen, Wei",Human Resources,Junior Analyst,2013-11-06,1978-11-05,45.0,38521.40140047831,PT,EMP1050,(725) 321-3759,3.0,11
EMP1073,,sales,Senior Analyst,2011-11-09,1985-04-04,38.0,112965.5760309157,full-time,,8933805658,1.0,13
EMP1578,,Mktg,Lead Analyst,2022-04-19,1987-01-04,38.0,54379.11001104251,CONTRACTOR,EMP1027,,4.0,2
EMP1281,chen wei,Finance,Analyst,2019-03-01,1996-02-20,27.0,71414.36781990135,contract,EMP1099,,3.0,5
EMP1518,tyler brooks,engineering,VP,2015-03-26,1999-03-15,24.0,140052.02185130358,Contract,,(716) 950-7198,0.0,9
EMP1145,tyler brooks,OPS,Senior Analyst,2019-04-08,1998-10-18,27.0,146532.3753073872,Full Time,EMP1005,+1-478-313-1011,4.0,5
EMP1302,tyler brooks,Marketing,Senior Manager,2018-08-20,1988-08-12,37.0,49067.39493600317,FT,EMP1055,(450) 473-7910,4.0,6
EMP1234,Chen Wei,ENG,VP,2023-10-08,1990-06-08,35.0,85396.08356809386,Contract,EMP1053,8698963382,3.0,1
EMP1220,"Chen, Wei",finance,Junior Analyst,2011-09-08,1996-07-18,28.0,121637.38266463763,part-time,,7075078016,3.0,13
EMP1311,Maria Gonzalez,Operations,C-Suite,2023-03-14,2001-07-25,24.0,1200000.0,contract,EMP1026,(992) 269-3356,3.0,1
EMP1328,chen wei,finance,Senior Manager,2023-01-23,1996-09-24,29.0,0.0,CONTRACTOR,EMP1093,3895239243,5.0,1
EMP1132,"Chen, Wei",engineering,Senior Manager,2016-09-07,1996-10-18,29,149358.96309018647,contract,EMP1052,(697) 458-3637,4.0,8
EMP1750,chen wei,OPS,Lead Analyst,2018-05-24,1996-10-05,28,162391.1129863175,CONTRACTOR,EMP1017,3722709478,2.0,1
EMP1738,J. Carter,marketing,Junior Analyst,,1999-02-24,24.0,177990.6147289702,CONTRACTOR,EMP1049,(709) 356-9471,4.0,4
EMP1479,Tyler Brooks,Ops,Manager,2019-12-18,1965-03-02,59.0,43468.361057134935,PT,EMP1068,+1-565-746-3731,3.0,5
EMP1799,"Chen, Wei",SALES,Director,2021-01-24,1993-04-28,32.0,159544.7200854811,full-time,EMP1087,(750) 864-4625,4.0,3
EMP1609,priya sharma,Operations,VP,2012-12-24,1966-08-25,59.0,132876.84384588274,part-time,EMP1078,(876) 793-1112,0.0,12
EMP1041,J. Carter,marketing,Manager,2017-07-05,1995-12-28,29.0,0.0,CONTRACTOR,EMP1014,7045030763,,0
EMP1662,J. Carter,SALES,VP,2021-12-23,1995-05-21,28,46753.83157802232,Full Time,EMP1003,+1-737-518-3075,0.0,3
EMP1108,"Chen, Wei",OPS,Junior Analyst,2014-11-01,1989-07-04,34.0,109628.14560852523,FT,EMP1091,8895044894,5.0,10
EMP1355,J. Carter,Operations,Manager,2019-12-22,1996-02-05,27.0,65790.9107048013,FT,EMP1021,,3.0,5
EMP1056,,Eng,Manager,2010-08-25,1966-12-21,57.0,-50000.0,Part-Time,EMP1040,+1-541-959-3535,4.0,14
EMP1286,Maria Gonzalez,Finance,Director,2013-04-13,1973-11-08,51.0,79537.02491415618,Contract,EMP1076,+1-811-639-2086,4.0,11
EMP1290,priya sharma,OPS,Manager,2014-12-17,1981-09-16,44.0,113601.4511316655,part-time,EMP1070,4578170661,,10
EMP1422,Priya Sharma,marketing,Director,2015-04-28,2000-03-09,23.0,50436.41260999594,part-time,EMP1002,7753411811,4.0,9
EMP1024,J. Carter,Ops,C-Suite,2022-11-16,1991-08-24,34.0,130936.54925813065,FT,EMP1039,,3.0,2
EMP1294,Maria Gonzalez,Engineering,Junior Analyst,,2029-09-21,41.0,76537.44676795835,FT,,+1-212-703-2191,3.0,13
EMP1362,Priya Sharma,Ops,Junior Analyst,2016-02-20,1989-02-19,36.0,148055.79118002075,,EMP1018,+1-210-545-9338,,8
EMP1367,J. Carter,Engineering,C-Suite,2021-07-20,1992-09-06,32.0,109996.40399086569,PT,EMP1003,(286) 417-5928,7.0,3
EMP1051,"Chen, Wei",MARKETING,Manager,2013-03-11,1970-01-20,54.0,90136.23612313415,Full Time,EMP1095,(539) 870-6196,3.0,11
EMP1342,priya sharma,finance,Manager,2018-11-25,2029-01-14,31.0,78632.6803566973,CONTRACTOR,EMP1027,+1-381-304-9146,4.0,6
EMP1753,James Carter,Human Resources,Senior Manager,2021-05-09,1993-09-28,30.0,143297.03614656386,Full-Time,EMP1046,,4.0,3
EMP1264,,Sales,Lead Analyst,2011-12-03,1972-02-20,53.0,47998.18530703604,Contract,EMP1056,+1-937-216-7654,1.0,-3
EMP1673,Tyler Brooks,MARKETING,Junior Analyst,2020-06-25,1981-11-27,43.0,70689.42851688253,CONTRACTOR,,9854475115,0.0,4
EMP1570,,Finance,VP,2017-06-26,1989-02-11,36.0,109187.96035028952,FT,EMP1099,+1-219-755-9633,7.0,0
EMP1395,Priya Sharma,ops,Manager,2016-07-06,1992-12-19,31.0,90423.42838754336,full-time,EMP1048,,7.0,8
EMP1731,priya sharma,Finance,Senior Analyst,2023-01-07,1974-12-22,50.0,99007.77793128375,Part-Time,EMP1057,4807370223,2.0,1
EMP1018,Maria Gonzalez,FIN,C-Suite,2015-05-10,1998-11-07,25,1200000.0,part-time,EMP1068,(584) 406-2300,4.0,9
EMP1597,chen wei,Finance,Junior Analyst,2015-11-02,1974-01-18,50.0,51196.56217853454,Full-Time,EMP1051,,4.0,9
EMP1533,"Chen, Wei",engineering,C-Suite,2011-05-04,1970-09-19,55.0,138330.6648638663,Part-Time,EMP1021,,2.0,13
EMP1083,MARIA GONZALEZ,Marketing,Manager,2016-05-05,1989-12-05,35.0,59780.17342261328,CONTRACTOR,EMP1090,8222999613,3.0,8
EMP1061,chen wei,sales,VP,2010-08-27,2001-06-12,23.0,113038.59608688366,part-time,EMP1040,(851) 575-4733,5.0,-5
EMP1785,james carter,sales,Senior Analyst,2012-07-08,1985-08-27,40.0,161703.19530977274,Contract,EMP1067,7540711966,4.0,12
EMP1688,James Carter,marketing,VP,2019-10-20,1982-05-23,42.0,150394.33020891398,Full Time,,+1-626-739-7596,4.0,5
EMP1691,,Sales,Lead Analyst,2016-10-28,1984-09-23,41,153277.0531412813,full-time,EMP1028,(742) 670-2882,4.0,8
EMP1541,chen wei,sales,Senior Analyst,,1978-09-08,46.0,73933.2609250061,Full-Time,EMP1052,(947) 860-4766,4.0,8
EMP1182,tyler brooks,Mktg,Senior Analyst,2019-04-14,2002-01-10,22.0,101203.77173254112,Full-Time,EMP1087,4566904491,3.0,5
EMP1552,james carter,engineering,Director,2013-01-09,1965-05-14,60.0,159486.12922487897,FT,EMP1069,,3.0,11
EMP1514,J. Carter,FIN,Junior Analyst,2020-02-15,1977-05-06,48.0,80635.05306558652,full-time,EMP1049,+1-694-984-2879,3.0,1
EMP1223,MARIA GONZALEZ,Mktg,Senior Manager,2019-03-27,2001-09-23,24.0,170734.48140141735,FT,EMP1071,(490) 483-1025,7.0,5
EMP1436,james carter,ENG,C-Suite,2015-01-13,2030-07-10,50.0,177293.6853410569,Full-Time,EMP1083,(469) 328-8618,1.0,9
EMP1653,Maria Gonzalez,Mktg,Lead Analyst,2011-06-07,1980-09-13,43,58068.48979233923,full-time,,+1-333-458-3039,3.0,13
EMP1655,"Chen, Wei",Ops,Senior Manager,2020-07-28,1983-08-20,41.0,87940.88341014508,CONTRACTOR,EMP1066,+1-925-904-5810,4.0,4
EMP1656,priya sharma,sales,Senior Analyst,,1994-07-11,30.0,72788.73326532712,full-time,EMP1006,,3.0,8
EMP1640,priya sharma,Human Resources,Analyst,2010-06-13,2029-08-15,59.0,147665.5169151451,CONTRACTOR,EMP1089,,4.0,14
EMP1507,"Chen, Wei",sales,VP,2011-02-04,1987-03-12,37.0,49472.59324508101,FT,EMP1060,+1-533-679-3217,2.0,13
EMP1176,priya sharma,finance,Analyst,2021-10-14,1993-09-04,31.0,139147.42726335034,CONTRACTOR,,+1-612-633-3165,0.0,3
EMP1558,tyler brooks,Mktg,VP,2020-08-10,1976-10-04,48.0,159830.42225266318,Contract,EMP1061,(721) 456-9465,2.0,4
EMP1539,chen wei,sales,Director,2012-04-04,1970-01-16,53.0,65031.75751375948,FT,,+1-475-706-7137,4.0,12
EMP1163,Tyler Brooks,Eng,VP,2017-04-24,2001-04-13,24.0,69892.24019997491,Part-Time,,,4.0,7
EMP1248,Tyler Brooks,finance,Lead Analyst,2019-07-25,1983-09-08,41.0,999999.0,Full Time,EMP1015,+1-208-400-7699,3.0,-1
EMP1530,James Carter,Finance,Senior Analyst,2018-10-10,2028-08-22,41,121497.52134024998,Full-Time,EMP1047,(367) 581-3148,5.0,6
EMP1734,Maria Gonzalez,Human Resources,Junior Analyst,2020-09-06,1996-01-11,28.0,149943.77695906826,Full-Time,EMP1034,+1-330-692-2177,5.0,4
EMP1074,Maria Gonzalez,engineering,VP,2016-04-02,1998-03-18,25.0,61095.51294162145,part-time,EMP1088,(910) 790-7590,5.0,8
EMP1708,priya sharma,Eng,C-Suite,2020-08-28,1988-02-03,36.0,144240.9484469284,part-time,,9832269616,3.0,4
EMP1417,Maria Gonzalez,OPS,Manager,2021-12-13,1965-04-03,60.0,159853.09497173695,PT,EMP1046,(882) 414-3846,3.0,3
EMP1104,Priya Sharma,Operations,Analyst,,1979-10-11,46.0,131715.4371843986,Contract,EMP1012,8172260940,4.0,2
EMP1114,tyler brooks,Operations,Senior Manager,2022-11-23,1972-10-20,53.0,141831.83343376362,full-time,EMP1002,+1-371-923-2666,5.0,2
EMP1671,,Mktg,Lead Analyst,2014-08-18,1984-12-10,39.0,70651.58297540831,contract,EMP1047,,4.0,10
1092.0,Maria Gonzalez,Marketing,Manager,2014-09-10,1964-08-18,61.0,50003.01732652747,PT,EMP1055,,,10
EMP1423,James Carter,Engineering,C-Suite,2013-01-18,1969-03-10,54.0,157107.63020003424,,EMP1001,8705850534,3.0,11
EMP1089,tyler brooks,Operations,Analyst,2013-05-25,1964-10-24,61.0,47209.468061402236,Contract,EMP1041,4244357932,3.0,11
EMP1442,tyler brooks,FIN,Director,2018-10-23,1967-01-15,57,115333.27567517296,FT,EMP1001,+1-748-928-4772,2.0,6
EMP1754,Maria Gonzalez,Finance,Lead Analyst,2015-04-17,1972-11-06,52.0,76200.5547019538,full-time,EMP1052,+1-431-378-8537,5.0,9
EMP1763,tyler brooks,human resources,Lead Analyst,2017-04-16,1976-09-19,48.0,125689.2653290474,CONTRACTOR,EMP1092,(377) 337-8961,5.0,7
EMP1685,Maria Gonzalez,Ops,Junior Analyst,2013-10-07,1976-01-03,49.0,38447.872686716255,Contract,,+1-524-993-9868,4.0,11
EMP1591,chen wei,human resources,Analyst,2012-04-02,1978-07-27,46.0,164188.61191113194,Contract,EMP1090,(655) 912-4270,1.0,12
EMP1755,Tyler Brooks,ops,Senior Manager,2021-04-16,1971-11-18,53.0,68236.33193002886,Full-Time,EMP1030,(702) 282-2812,3.0,3
EMP1011,J. Carter,Mktg,Lead Analyst,2022-02-25,1974-09-16,50.0,154400.55466040422,Full-Time,EMP1052,,4.0,2
EMP1500,Chen Wei,Human Resources,VP,,1964-09-16,59.0,151197.51432558792,contract,EMP1007,,4.0,0
EMP1043,,SALES,Senior Manager,2015-05-13,1987-09-09,37.0,64450.56136187018,PT,EMP1031,,3.0,9
EMP1042,Chen Wei,Ops,Senior Manager,2020-03-16,1979-02-08,44.0,73441.39414757057,Full-Time,EMP1048,(337) 627-9112,1.0,4
EMP1167,james carter,finance,Lead Analyst,2010-02-22,1974-03-27,51.0,54467.792706763634,CONTRACTOR,EMP1013,,4.0,14
EMP1742,tyler brooks,engineering,C-Suite,2012-08-03,1993-05-22,31.0,137249.445401098,Full Time,EMP1006,,3.0,12
EMP1588,priya sharma,ENG,Junior Analyst,2014-08-26,1978-04-24,45.0,76422.09432927672,Full Time,EMP1040,9997410898,4.0,10
EMP1643,Chen Wei,FIN,Senior Manager,2017-08-17,2030-03-19,29,119319.99709917344,CONTRACTOR,EMP1006,5627684261,,7
EMP1424,james carter,Finance,Lead Analyst,2021-04-28,1972-08-25,52.0,0.0,Part-Time,EMP1026,8099103271,3.0,3
EMP1178,Priya Sharma,Operations,Senior Manager,2020-06-13,1968-05-25,56,90564.25112694877,full-time,,,,4
EMP1542,,Operations,Manager,2012-02-06,1967-02-15,56.0,152653.71008796777,Full Time,EMP1060,+1-920-272-5042,3.0,12
EMP1551,james carter,Marketing,Director,2011-09-16,1969-09-17,56,152430.32847096876,part-time,EMP1041,(653) 776-3420,2.0,13
EMP1177,Priya Sharma,SALES,Director,2014-12-12,1978-04-01,45.0,173701.4818958046,Full-Time,,(291) 285-7821,4.0,10
EMP1617,tyler brooks,ops,Lead Analyst,2012-04-18,2027-08-05,38.0,41722.31877296463,Full-Time,EMP1058,3046434615,4.0,12
EMP1572,priya sharma,sales,C-Suite,2012-02-03,1968-11-26,57.0,76540.60489418969,Full-Time,EMP1055,,4.0,12
EMP1257,chen wei,OPS,Junior Analyst,2012-06-05,1995-04-04,28.0,1.5,Part-Time,,,2.0,-1
EMP1448,J. Carter,engineering,VP,2013-05-13,2030-09-06,51.0,174502.69901574784,Part-Time,EMP1004,8006311561,5.0,11
EMP1485,tyler brooks,ops,Manager,2012-09-09,1998-11-18,25.0,152224.65128387618,,EMP1069,(839) 579-6712,7.0,12
EMP1015,Maria Gonzalez,human resources,Director,2019-02-12,1994-11-03,31.0,57545.25258939613,Full-Time,EMP1034,,3.0,5
EMP1003,chen wei,Operations,Analyst,2023-10-27,2002-02-22,23.0,78592.56067766286,FT,EMP1037,+1-754-270-7447,4.0,1
EMP1346,Chen Wei,finance,Lead Analyst,2014-10-19,2001-12-27,23.0,80350.76112963428,,EMP1072,2046352158,4.0,10
EMP1256,tyler brooks,Marketing,VP,2014-04-28,1985-07-22,39.0,100272.83457303885,FT,EMP1079,6763169963,3.0,10
EMP1383,MARIA GONZALEZ,OPS,C-Suite,2014-07-22,1965-12-27,60.0,102256.43135098109,CONTRACTOR,EMP1017,,3.0,10
EMP1593,chen wei,Ops,Analyst,2015-04-10,1975-10-28,48.0,76138.92598587558,Full Time,EMP1015,2732541062,4.0,9
EMP1796,,Eng,Director,2017-03-27,1978-12-21,45.0,166784.49577878654,part-time,EMP1088,(310) 929-5436,4.0,7
EMP1797,chen wei,Mktg,Director,2014-03-16,1971-11-01,52.0,90388.92827556547,FT,,,4.0,10
EMP1429,MARIA GONZALEZ,finance,Director,2011-11-21,1976-01-22,49.0,156951.08467619694,FT,EMP1070,,3.0,13
EMP1615,Maria Gonzalez,Eng,Manager,2023-06-04,1964-08-13,61.0,151206.14752629548,Full Time,EMP1078,9904057861,3.0,1
EMP1411,,OPS,Director,2018-07-08,1996-03-11,27.0,1200000.0,Full-Time,,+1-970-469-5864,4.0,6
EMP1324,Priya Sharma,marketing,C-Suite,2023-01-18,1966-12-10,59.0,69334.6050941401,CONTRACTOR,EMP1089,4292190303,4.0,1
EMP1669,Tyler Brooks,marketing,C-Suite,2015-11-24,1994-03-11,31.0,154144.29392646285,CONTRACTOR,EMP1060,,1.0,-3
1009.0,J. Carter,FIN,VP,2012-07-07,1981-03-06,42.0,66099.63698191424,,EMP1007,+1-634-403-1555,4.0,12
EMP1249,Priya Sharma,Sales,C-Suite,2021-04-06,1982-06-04,41.0,121747.35620668434,,EMP1088,,2.0,3
EMP1022,MARIA GONZALEZ,ops,Junior Analyst,2016-05-11,1968-12-28,57.0,89505.36517562365,contract,EMP1046,7032492618,4.0,8
EMP1221,Maria Gonzalez,ops,VP,2014-07-14,1984-02-17,39,176774.473549231,FT,EMP1051,,3.0,10
EMP1559,tyler brooks,marketing,C-Suite,2020-10-09,2030-09-14,53.0,138276.04187133542,PT,,(616) 757-9207,4.0,-4
EMP1706,"Chen, Wei",engineering,Senior Analyst,2014-03-25,1989-02-14,36.0,98524.40374236001,FT,EMP1094,+1-852-385-9806,4.0,10
EMP1109,Chen Wei,Operations,Manager,2021-06-06,1994-05-12,29.0,127890.0214112897,part-time,EMP1042,,3.0,3
EMP1467,Tyler Brooks,ops,Senior Analyst,,1972-07-10,51.0,130539.62058109565,PT,EMP1081,(774) 806-1788,4.0,13
EMP1340,tyler brooks,marketing,Analyst,2022-09-26,1996-10-28,29,168898.69415159945,PT,EMP1092,2833175567,4.0,2
EMP1778,Tyler Brooks,Mktg,Manager,,1970-09-16,54.0,62841.76936823263,Contract,EMP1028,(826) 245-6395,,12
EMP1203,tyler brooks,Marketing,Lead Analyst,2012-03-28,1964-01-05,59.0,0.0,FT,EMP1010,+1-240-253-2642,5.0,12
EMP1237,James Carter,finance,Manager,2015-12-21,1983-04-24,40,38416.20697319938,FT,EMP1011,,1.0,9
EMP1093,J. Carter,sales,Senior Manager,2022-09-25,1979-02-13,44.0,105177.94769310765,Contract,,,5.0,2
EMP1412,james carter,finance,VP,2016-11-18,1976-12-09,47.0,83909.42262232616,part-time,EMP1030,+1-259-278-4656,0.0,8
EMP1635,,ENG,VP,2013-05-22,1995-09-24,28.0,114497.66919023401,CONTRACTOR,EMP1094,(829) 923-8333,3.0,11
EMP1718,Maria Gonzalez,SALES,Director,2020-10-15,1975-03-02,49,87543.52195217293,,,,4.0,4
EMP1284,Priya Sharma,Human Resources,Senior Manager,2023-10-01,1978-09-10,45.0,113344.75188186517,Full-Time,EMP1036,+1-434-652-8815,0.0,1
EMP1184,james carter,Operations,Manager,2019-06-11,1974-04-27,51.0,169265.674174863,Contract,EMP1072,,3.0,5
EMP1664,J. Carter,MARKETING,Manager,2015-07-28,1998-08-27,26.0,149226.44023582418,FT,EMP1062,+1-401-366-8242,,9
EMP1689,Tyler Brooks,Eng,Senior Manager,2012-10-20,1969-06-26,56.0,101111.72872685098,full-time,EMP1023,+1-565-410-9985,7.0,12
EMP1153,MARIA GONZALEZ,ENG,Manager,2018-04-09,1979-08-27,46.0,66435.77397930056,,EMP1064,,2.0,6
EMP1075,James Carter,SALES,Junior Analyst,2014-03-12,1990-12-15,33.0,51477.7937378512,,EMP1037,(449) 440-1087,1.0,10
EMP1465,J. Carter,Human Resources,Director,2018-07-03,1991-09-26,34.0,77114.13343587921,Part-Time,EMP1014,6752522981,3.0,6
EMP1512,Chen Wei,SALES,Lead Analyst,2021-06-05,1969-10-11,56.0,173411.9387315242,Full Time,EMP1024,(883) 961-3680,4.0,3
EMP1277,MARIA GONZALEZ,Engineering,Director,2014-09-12,1982-05-19,42.0,92262.13551241832,CONTRACTOR,EMP1042,2404727863,7.0,10
1068.0,Chen Wei,MARKETING,Senior Manager,2023-03-01,1972-06-20,52,74358.27538745606,Contract,EMP1016,+1-488-700-2487,3.0,1
EMP1525,,finance,Senior Manager,2010-09-18,1984-06-28,40.0,137538.15789474064,Part-Time,EMP1062,9897149775,4.0,-4
EMP1188,tyler brooks,Ops,Lead Analyst,2022-03-25,2003-02-03,22.0,95573.7948091426,full-time,EMP1016,(911) 545-1842,4.0,2
EMP1271,Priya Sharma,Finance,C-Suite,2011-12-20,1965-09-21,59.0,182681.82148747562,FT,EMP1030,+1-609-459-1388,3.0,13
EMP1516,Chen Wei,Sales,Senior Manager,2021-05-16,1978-02-04,46.0,180311.78827705813,PT,EMP1017,(548) 544-1882,3.0,3
EMP1236,J. Carter,HR,Manager,2011-06-22,1997-04-08,27.0,77005.77611462475,Full Time,EMP1029,(569) 608-5976,1.0,13
EMP1088,"Chen, Wei",HR,Manager,,1966-02-18,59.0,183949.14972071754,PT,EMP1006,7347455019,3.0,3
EMP1697,Chen Wei,OPS,C-Suite,2013-02-13,1982-02-16,41.0,114963.20679013894,FT,EMP1038,,5.0,11
EMP1117,priya sharma,Operations,Lead Analyst,2022-04-28,1973-02-21,50,46638.89587765486,,EMP1084,5050664329,3.0,2
EMP1125,J. Carter,human resources,Junior Analyst,2017-07-08,1963-10-15,60.0,171225.9822660334,CONTRACTOR,EMP1022,,3.0,7
EMP1675,James Carter,OPS,Manager,2023-03-28,1985-05-16,39.0,51176.345284520394,FT,EMP1006,,4.0,1
EMP1289,james carter,Ops,Director,2016-05-07,1983-09-06,41.0,149703.70961724297,full-time,EMP1062,(211) 347-7792,2.0,8
EMP1238,"Chen, Wei",Ops,Junior Analyst,2018-01-07,1983-05-22,41.0,39880.021811379,Contract,EMP1072,,3.0,6
EMP1000,J. Carter,Mktg,Senior Analyst,2020-10-20,1966-02-15,58.0,180555.31163154248,CONTRACTOR,EMP1035,6182350749,4.0,4
EMP1558,tyler brooks,Mktg,VP,2020-08-10,1976-10-04,48.0,159830.42225266318,Contract,EMP1061,(721) 456-9465,2.0,4
EMP1396,Priya Sharma,Eng,Director,2017-10-27,1991-02-19,32.0,162614.89006568136,FT,EMP1005,4420967205,4.0,7
EMP1716,james carter,Marketing,C-Suite,2014-06-13,1969-01-15,54.0,123694.84776589385,part-time,,,4.0,0
EMP1478,chen wei,human resources,Director,2018-10-03,1992-04-17,31.0,74031.6484877338,full-time,EMP1017,,4.0,6
EMP1278,Chen Wei,HR,Analyst,2014-11-03,1967-08-14,56.0,89665.04121110059,PT,EMP1004,(585) 920-9834,3.0,10
EMP1638,James Carter,SALES,Director,2015-01-26,1982-12-14,41.0,153953.62193593528,full-time,,(295) 725-8472,4.0,9
EMP1116,Tyler Brooks,sales,Director,2023-03-23,1971-02-08,54.0,41548.69208319141,part-time,EMP1031,,3.0,1
EMP1228,james carter,human resources,C-Suite,2014-02-04,1986-05-04,39.0,173483.15773166722,Contract,EMP1003,2031390289,2.0,10
EMP1579,james carter,Operations,Senior Manager,2010-07-25,1993-04-27,31,174404.13154534783,part-time,EMP1079,(582) 458-8576,3.0,14
EMP1432,MARIA GONZALEZ,Sales,Lead Analyst,2010-11-27,1978-11-03,47.0,40531.17729417377,CONTRACTOR,EMP1013,,3.0,14
EMP1446,J. Carter,sales,VP,2018-02-04,1993-11-11,32.0,47683.48798954415,FT,EMP1041,,4.0,6
EMP1274,Tyler Brooks,SALES,VP,2014-12-04,1977-01-08,46.0,123768.27276169333,Part-Time,EMP1076,7965684200,2.0,10
EMP1318,james carter,Engineering,VP,2019-01-11,1985-05-23,39.0,54064.690440146616,part-time,EMP1031,(840) 416-9228,4.0,5
EMP1628,Priya Sharma,Engineering,Director,2016-07-25,1979-04-23,44.0,96494.80443421664,Full Time,EMP1047,+1-576-929-5310,,8
EMP1144,Chen Wei,human resources,Director,2019-10-12,1981-08-26,43.0,45615.694274339454,Full Time,EMP1058,,3.0,5
EMP1590,james carter,Sales,Junior Analyst,2011-09-16,1985-08-13,39.0,166772.7060338373,PT,EMP1082,,3.0,13
EMP1519,james carter,ops,Analyst,2016-11-01,1995-05-28,30.0,91001.48400931183,contract,EMP1017,(608) 613-6105,4.0,8
1746.0,Maria Gonzalez,Mktg,Analyst,2010-04-07,2001-05-02,24.0,58174.47322810275,Full-Time,EMP1047,,3.0,14
EMP1598,"Chen, Wei",SALES,Senior Analyst,2013-04-20,1986-02-27,39.0,73656.46525332348,Full-Time,EMP1014,(330) 875-8420,3.0,11
EMP1369,James Carter,finance,Junior Analyst,2021-06-27,2000-05-13,24.0,146477.1072059729,PT,EMP1094,,3.0,3
EMP1268,james carter,engineering,Senior Manager,2022-08-12,1995-12-27,29.0,52266.19367317786,CONTRACTOR,EMP1055,2117076663,3.0,2
EMP1580,Chen Wei,Engineering,Senior Manager,2016-01-07,1979-12-18,45.0,163835.20604840136,part-time,,6266072932,2.0,8
EMP1307,MARIA GONZALEZ,HR,Analyst,2016-02-26,1969-01-10,56.0,82581.26670139228,contract,,+1-641-332-7862,3.0,8
EMP1310,james carter,Mktg,Senior Analyst,2010-08-25,1997-09-27,26.0,95673.76058939715,contract,EMP1043,7508131310,,14
EMP1595,Tyler Brooks,FIN,Lead Analyst,,1979-03-07,44.0,83285.26238026904,FT,EMP1026,+1-961-951-1230,4.0,13
EMP1046,chen wei,human resources,C-Suite,2017-08-25,1964-08-16,60,64356.86874583589,Full Time,EMP1006,6410943696,4.0,7
EMP1349,J. Carter,SALES,Analyst,,1986-05-22,38,121509.91664842577,full-time,EMP1094,,4.0,11
EMP1371,,finance,Analyst,2022-11-08,1969-04-25,54.0,82136.37805070469,,EMP1068,3768519732,3.0,2
EMP1535,James Carter,Sales,C-Suite,,2000-07-22,24.0,144086.86192682543,CONTRACTOR,EMP1082,8628947763,4.0,13
EMP1261,priya sharma,Ops,Senior Manager,2010-11-19,1966-03-18,57.0,1200000.0,,EMP1040,+1-778-372-3542,4.0,14
EMP1195,Priya Sharma,ENG,C-Suite,2018-07-12,1979-12-10,46.0,104103.0137540515,FT,,+1-448-416-9827,3.0,6
EMP1532,priya sharma,engineering,Director,2020-08-27,1976-09-23,49.0,99352.34554774218,Full-Time,EMP1035,7998204930,0.0,4
EMP1687,Priya Sharma,finance,Senior Manager,2019-07-14,1986-10-07,38.0,96217.70775906224,Part-Time,EMP1058,,4.0,0
EMP1107,Tyler Brooks,engineering,Analyst,2021-11-25,1989-02-26,36.0,156658.3483742952,Full Time,EMP1059,7967727476,4.0,3
EMP1059,Priya Sharma,sales,VP,2016-11-05,1979-05-24,45.0,117086.04429293949,Contract,EMP1093,(883) 695-8729,2.0,8
EMP1622,Maria Gonzalez,Engineering,C-Suite,2022-09-16,1992-01-25,32.0,150998.03875309223,CONTRACTOR,EMP1081,+1-988-913-8063,3.0,2
EMP1451,Chen Wei,finance,Analyst,2016-05-27,1981-10-23,42.0,151067.11620720418,FT,EMP1054,(882) 556-7564,2.0,8
EMP1100,chen wei,marketing,VP,2020-08-11,1990-05-11,34.0,149425.36001497816,part-time,EMP1094,(710) 678-5551,4.0,4
EMP1490,J. Carter,Engineering,Lead Analyst,2012-09-04,1980-01-24,44,166731.05088155135,full-time,EMP1074,(666) 335-2585,1.0,12
EMP1737,tyler brooks,Finance,Senior Analyst,2021-03-24,1985-11-27,39.0,168764.88739599515,Contract,EMP1062,+1-231-206-3119,3.0,3
EMP1596,chen wei,marketing,Lead Analyst,2021-01-24,2001-09-05,23.0,85182.20658323044,contract,,,3.0,3
EMP1257,chen wei,OPS,Junior Analyst,2012-06-05,1995-04-04,28.0,1.5,Part-Time,,,2.0,-1
EMP1179,,SALES,Lead Analyst,2018-10-09,1963-02-01,61.0,92899.91763235016,FT,EMP1042,(588) 525-2226,1.0,6
EMP1304,James Carter,SALES,Manager,2018-12-18,1988-07-22,37.0,110312.9052224802,contract,EMP1003,(705) 202-1109,4.0,6
EMP1629,james carter,Ops,Junior Analyst,2014-07-14,1981-03-22,42.0,1200000.0,Full Time,,,0.0,10
EMP1723,"Chen, Wei",engineering,Analyst,,1965-10-24,59.0,139032.07729215155,Part-Time,EMP1082,,3.0,4
EMP1790,Maria Gonzalez,human resources,Manager,2020-11-05,1995-12-23,29.0,82542.84787517393,PT,EMP1093,,4.0,4
EMP1149,Chen Wei,Sales,Senior Analyst,2022-08-19,1972-03-18,52.0,75090.68967095629,contract,EMP1030,,,2
EMP1124,chen wei,Finance,Director,2018-05-01,1990-05-27,35.0,111058.7674416238,PT,,5045844145,3.0,6
EMP1649,MARIA GONZALEZ,Ops,C-Suite,2013-08-20,1966-01-13,57.0,132043.2393698029,FT,EMP1049,9693021652,3.0,11
EMP1713,MARIA GONZALEZ,Mktg,Lead Analyst,,1996-08-11,29.0,176934.40974223719,Part-Time,EMP1050,(707) 737-7104,0.0,5
EMP1185,James Carter,engineering,Senior Manager,2021-01-26,1969-02-17,55.0,64685.25979994814,Full-Time,EMP1074,+1-884-385-4127,3.0,3
EMP1680,Chen Wei,Sales,Director,2018-04-17,1968-05-10,55.0,98307.68748725051,,EMP1025,(624) 961-3165,4.0,6
EMP1050,chen wei,OPS,VP,2021-02-07,1970-02-26,54,148177.54930070124,Contract,EMP1073,5793102079,3.0,3
EMP1481,tyler brooks,Finance,Senior Analyst,2017-01-25,1977-08-20,47.0,56333.25439790704,FT,EMP1078,,5.0,7
EMP1273,Chen Wei,sales,Senior Analyst,2018-06-12,1967-01-14,58.0,141601.3175827535,Full-Time,EMP1099,+1-249-530-1777,4.0,6
EMP1483,"Chen, Wei",Finance,VP,2012-08-14,1995-02-13,28.0,42288.34697432854,CONTRACTOR,EMP1055,+1-394-957-2352,2.0,12
EMP1321,MARIA GONZALEZ,Engineering,Analyst,2017-11-05,1964-12-02,61.0,120459.45902624997,full-time,EMP1014,5635331280,2.0,-4
EMP1353,priya sharma,ENG,Director,2010-02-21,1966-02-26,58.0,133012.03023468592,Contract,EMP1081,+1-703-477-1914,4.0,-1
EMP1759,Priya Sharma,marketing,Senior Manager,2016-11-15,1993-11-18,32.0,138098.5827100663,,EMP1014,,4.0,8
EMP1142,MARIA GONZALEZ,MARKETING,VP,2017-02-11,1983-07-13,42.0,104837.94214086467,FT,EMP1025,(347) 933-9659,4.0,7
EMP1370,"Chen, Wei",Human Resources,Senior Manager,2023-03-14,2000-04-06,23.0,112713.25828706418,CONTRACTOR,EMP1039,(759) 639-8863,4.0,1
1141.0,"Chen, Wei",Marketing,VP,2020-04-25,1979-12-02,45,88256.88062255293,PT,EMP1086,6584801380,0.0,4
EMP1399,,sales,Senior Manager,,1964-06-02,59.0,95647.06586399497,CONTRACTOR,,,3.0,1
EMP1263,Chen Wei,SALES,Senior Analyst,2011-10-13,1976-08-26,47,171494.05432373393,Part-Time,,6849197076,3.0,13
EMP1320,Chen Wei,ENG,Manager,2010-10-21,1981-01-12,42.0,109287.95378165398,Full-Time,,(236) 772-1125,3.0,14
EMP1019,chen wei,Human Resources,C-Suite,2019-02-03,1989-04-19,35.0,96914.6718108152,,EMP1044,(209) 792-6902,3.0,5
EMP1172,Chen Wei,Marketing,Junior Analyst,2016-05-19,1999-04-01,24.0,48181.98568135207,Full-Time,,,3.0,8
EMP1668,MARIA GONZALEZ,Finance,Lead Analyst,2010-01-18,1965-02-05,58.0,51599.39956317072,PT,,+1-288-835-5943,1.0,14
EMP1312,priya sharma,Finance,Analyst,2021-09-03,1994-02-04,30,154663.2482731715,full-time,EMP1056,4143229916,3.0,3
EMP1390,James Carter,MARKETING,Manager,,1994-01-25,29.0,165209.7098296816,Contract,EMP1086,,3.0,1
EMP1765,Maria Gonzalez,Marketing,Director,2015-09-27,1978-08-01,47,77098.2712833257,Full Time,EMP1085,(961) 970-9778,3.0,9
1012.0,,Engineering,Manager,2020-11-17,1966-03-26,59.0,179995.53725574148,part-time,EMP1029,2086929423,1.0,4
EMP1407,MARIA GONZALEZ,OPS,Senior Manager,2015-09-06,1972-04-05,53.0,78000.56306269817,,,(678) 551-7231,,9
EMP1408,chen wei,MARKETING,VP,2020-05-17,1967-08-23,56.0,126171.2664005137,part-time,EMP1040,(258) 465-1635,3.0,4
EMP1305,chen wei,Mktg,Senior Analyst,2012-01-21,2002-10-20,23.0,132752.8633794178,full-time,EMP1026,5440276179,4.0,12
EMP1354,priya sharma,Finance,VP,2014-05-19,1970-05-24,55.0,111391.38155152496,Full-Time,EMP1094,(399) 492-7600,3.0,10
EMP1025,priya sharma,sales,VP,2023-10-28,1979-02-22,45.0,84128.68223408371,Full-Time,EMP1070,6456760320,3.0,1
EMP1610,,OPS,Analyst,2011-02-15,1968-12-25,57.0,158552.07920803828,contract,EMP1068,(594) 973-6475,3.0,13
EMP1169,chen wei,human resources,Lead Analyst,2019-11-26,1990-05-25,35.0,78529.14157085854,CONTRACTOR,EMP1053,(739) 363-9148,4.0,5
EMP1038,James Carter,marketing,Senior Analyst,2018-04-27,1976-04-26,47.0,53145.80726319854,Full-Time,EMP1083,+1-434-647-7451,1.0,6
EMP1175,tyler brooks,Eng,C-Suite,2010-11-12,2029-02-24,35.0,62647.294451323025,Full Time,EMP1059,(845) 420-4889,4.0,14
EMP1245,"Chen, Wei",engineering,Senior Manager,2016-12-18,1982-09-05,41.0,52812.41195387549,PT,EMP1077,3456613569,,8
EMP1298,"Chen, Wei",HR,VP,2019-08-20,2002-02-19,22.0,178283.71308596525,CONTRACTOR,,,3.0,5
EMP1692,james carter,HR,Junior Analyst,2020-02-09,2002-06-14,23.0,176764.28013812687,contract,,6921553124,,4
EMP1416,Tyler Brooks,Finance,Senior Analyst,2011-03-12,1962-06-06,61.0,159597.480320224,Full-Time,EMP1034,,5.0,13
EMP1786,J. Carter,Mktg,Junior Analyst,2013-08-07,2030-09-01,53.0,120491.64796189431,Full-Time,,+1-468-292-5369,4.0,11
EMP1272,james carter,Engineering,Director,2019-04-27,1963-05-20,61.0,100592.95403890489,Contract,EMP1019,5309199511,4.0,5
EMP1473,Tyler Brooks,Marketing,VP,,1968-07-05,55.0,43500.91592224654,contract,EMP1012,(638) 346-4594,4.0,9
EMP1625,priya sharma,Sales,Analyst,2010-08-15,1991-02-22,32.0,136561.12118281057,,EMP1033,,4.0,14
EMP1154,Chen Wei,MARKETING,Lead Analyst,2012-03-26,1992-10-23,33.0,90862.7516980035,contract,EMP1071,+1-903-321-1583,4.0,-3
EMP1126,tyler brooks,MARKETING,C-Suite,2016-03-20,1998-02-08,26.0,1.5,Part-Time,EMP1032,,3.0,8
EMP1449,tyler brooks,Finance,Director,2018-02-22,1980-07-28,45.0,138233.94502318464,full-time,,,4.0,6
EMP1584,J. Carter,SALES,Director,2017-05-28,2001-05-03,24.0,178482.1583630013,,EMP1053,6144609058,4.0,7
EMP1341,Priya Sharma,Mktg,Director,2023-12-02,1983-07-01,42.0,93263.67521838697,full-time,EMP1029,7002803188,4.0,1
EMP1430,Maria Gonzalez,ops,Lead Analyst,2014-02-17,2000-08-20,23,153042.34887647408,Part-Time,EMP1082,6198911875,2.0,10
EMP1287,J. Carter,human resources,Director,2011-06-08,1999-07-27,25,61819.385837279624,FT,,(357) 248-1335,3.0,13
EMP1113,James Carter,HR,C-Suite,2020-10-15,1975-12-16,48.0,85713.68004376258,Full-Time,EMP1056,(809) 550-4734,3.0,4
EMP1513,James Carter,HR,Manager,2018-09-01,1989-10-09,34.0,85239.06526966147,PT,EMP1062,8641130848,4.0,6
EMP1173,MARIA GONZALEZ,Marketing,Senior Manager,2018-01-24,1994-01-14,29.0,149515.28472074235,part-time,EMP1058,(392) 583-4277,2.0,6
EMP1359,priya sharma,Sales,VP,2012-06-03,1998-02-20,25.0,171869.3207121134,CONTRACTOR,EMP1047,,2.0,-2
EMP1523,Tyler Brooks,HR,Senior Manager,2019-06-21,1993-01-25,32.0,97354.59031614798,FT,EMP1099,(285) 833-4257,5.0,5
EMP1057,,Engineering,Analyst,2016-05-10,1999-10-15,24.0,159722.90046880866,,,+1-511-731-2574,3.0,0
EMP1761,priya sharma,FIN,Lead Analyst,2010-01-19,1973-02-15,52,160878.58063857886,contract,EMP1037,(468) 574-5173,,14
EMP1222,Priya Sharma,Marketing,VP,2018-03-18,1987-09-23,37.0,69642.96626877278,Full Time,EMP1069,+1-873-720-9889,5.0,6
EMP1704,Priya Sharma,MARKETING,Director,2023-08-22,1992-12-17,31.0,163257.172641384,part-time,,,,1
EMP1280,,Sales,Lead Analyst,2022-08-20,1988-02-12,37.0,134200.05494129722,Full-Time,EMP1098,(729) 584-8435,3.0,2
1017.0,chen wei,ENG,VP,2022-08-18,1968-06-26,55.0,167445.62373301978,Contract,EMP1082,(250) 563-4414,3.0,2
EMP1127,chen wei,Ops,Senior Manager,2018-05-09,1966-08-14,58.0,178760.59916930782,Full-Time,EMP1004,(400) 879-8132,3.0,6
EMP1322,"Chen, Wei",Mktg,Senior Analyst,2019-05-22,1964-09-05,61.0,999999.0,,EMP1028,+1-645-861-4716,3.0,5
EMP1255,james carter,ENG,Senior Analyst,2017-11-22,1974-03-01,49.0,114261.93218147354,Part-Time,EMP1027,(927) 571-3163,4.0,7
EMP1587,Priya Sharma,Marketing,Director,2022-05-28,1996-09-25,28.0,152792.10597216547,PT,EMP1077,+1-440-385-2621,4.0,2
EMP1470,james carter,human resources,Senior Manager,2010-09-15,1980-06-13,45.0,999999.0,CONTRACTOR,EMP1065,3611740003,,14
EMP1611,Tyler Brooks,Finance,Analyst,2013-02-01,1973-05-04,51,-50000.0,PT,EMP1088,,4.0,11
EMP1468,Priya Sharma,FIN,Lead Analyst,,1966-12-26,58.0,181832.0970156513,Contract,EMP1034,,1.0,11
EMP1788,priya sharma,finance,Manager,2017-05-08,1984-02-11,40.0,163441.7848153851,,EMP1086,(676) 570-4790,3.0,7
EMP1190,Chen Wei,ops,Junior Analyst,2017-11-24,1970-08-05,55.0,1.5,Full Time,EMP1057,7724709418,2.0,7
EMP1115,James Carter,MARKETING,Director,2021-05-07,1978-08-25,47.0,148526.24954700493,CONTRACTOR,EMP1056,,4.0,3
EMP1528,,MARKETING,Senior Analyst,2017-11-26,2003-03-11,22,89931.14886682034,part-time,EMP1035,,3.0,7
EMP1725,priya sharma,MARKETING,Senior Analyst,2022-02-20,1996-03-13,28.0,179757.6867644123,CONTRACTOR,EMP1049,,0.0,2
EMP1526,james carter,Sales,Senior Manager,2019-01-23,1990-12-28,35.0,137983.87215623632,part-time,EMP1016,+1-384-803-5455,1.0,5
EMP1094,James Carter,Eng,VP,2020-01-21,1996-10-22,27,59827.4526625865,full-time,EMP1054,+1-836-594-3391,3.0,4
EMP1180,priya sharma,Mktg,Manager,2018-09-07,1970-01-07,53.0,106635.45037816811,part-time,EMP1040,(575) 810-8283,3.0,6
EMP1301,"Chen, Wei",engineering,Senior Analyst,2023-03-12,1984-05-18,41.0,53275.62614096994,PT,EMP1094,,5.0,1
EMP1630,james carter,MARKETING,Lead Analyst,2019-06-09,1965-08-08,60.0,55215.72687527815,FT,,+1-439-912-7671,4.0,5
EMP1594,MARIA GONZALEZ,Ops,Director,,1977-02-21,48.0,66789.6787402855,Contract,EMP1096,(738) 439-7671,3.0,6
EMP1603,tyler brooks,Operations,Manager,2011-05-07,1998-02-14,27.0,98106.896171732,part-time,EMP1008,6687610723,3.0,13
EMP1146,James Carter,OPS,Manager,2023-08-20,1972-05-07,53.0,98775.50283847249,full-time,EMP1094,(765) 286-5314,4.0,1
EMP1554,"Chen, Wei",Operations,C-Suite,2021-07-28,1993-09-05,32.0,55211.62835900653,part-time,EMP1030,+1-462-622-2734,,3
EMP1721,J. Carter,Finance,Analyst,2011-08-26,1981-12-18,42.0,1200000.0,part-time,EMP1000,3515759868,3.0,13
EMP1045,Chen Wei,Marketing,Analyst,2013-10-25,1996-03-09,27.0,141179.28646584053,Part-Time,EMP1067,+1-322-364-9407,5.0,11
EMP1745,James Carter,Human Resources,Lead Analyst,2015-09-16,1978-10-20,46,90842.60186448679,Full Time,EMP1070,+1-446-777-4053,2.0,9
EMP1157,james carter,FIN,Analyst,2018-02-14,1962-04-10,61.0,85523.56223917575,,EMP1073,,0.0,6
EMP1618,Tyler Brooks,Human Resources,Analyst,2017-12-24,1965-07-23,59.0,182412.32380045933,Part-Time,EMP1038,,4.0,7
EMP1171,james carter,Ops,Manager,2017-02-04,1999-10-16,25.0,168644.08741376168,Contract,EMP1088,(729) 719-8111,5.0,7
EMP1016,tyler brooks,sales,Director,2014-02-07,1973-03-16,51.0,42743.41547733174,CONTRACTOR,EMP1047,(887) 969-6813,5.0,10
EMP1511,Maria Gonzalez,marketing,VP,2011-11-20,1996-11-26,28,64962.029096320635,full-time,EMP1027,,7.0,13
EMP1048,Chen Wei,ops,Manager,2013-12-04,1987-05-12,37.0,116583.47571768667,part-time,EMP1012,+1-319-925-6523,4.0,11
EMP1794,MARIA GONZALEZ,ops,VP,2013-04-01,1965-01-16,58.0,76282.00926733828,,,7898222343,3.0,11
EMP1515,priya sharma,ENG,Lead Analyst,,1992-12-27,31,1.5,full-time,EMP1082,6755390700,,8
EMP1678,Chen Wei,FIN,VP,2021-02-24,1992-07-16,31.0,173383.34282552282,FT,EMP1060,+1-896-816-3826,3.0,3
EMP1480,"Chen, Wei",Eng,C-Suite,2015-06-09,1995-06-20,29.0,141354.85291023896,Full-Time,EMP1065,(864) 630-2458,5.0,9
EMP1283,Tyler Brooks,HR,Director,2020-11-18,1995-04-22,30.0,75416.47351568335,FT,EMP1076,,3.0,4
EMP1548,Priya Sharma,SALES,Manager,2023-01-02,1993-11-12,30.0,176370.33249358134,,EMP1029,6067254272,3.0,1
EMP1225,james carter,Finance,VP,2017-02-22,1977-01-23,48.0,38416.00069733821,part-time,EMP1003,7332464740,3.0,7
EMP1026,Chen Wei,Ops,Lead Analyst,2018-09-22,1972-04-24,53.0,123850.2898449597,Contract,EMP1028,(718) 782-8089,2.0,6
EMP1660,priya sharma,marketing,Junior Analyst,2012-05-21,1974-01-21,51.0,161952.78461449826,PT,EMP1081,(444) 353-4769,3.0,12
EMP1437,Priya Sharma,MARKETING,VP,,1990-06-21,34.0,76206.33777830022,PT,EMP1001,(621) 528-2902,4.0,14
EMP1364,priya sharma,HR,Junior Analyst,2023-06-23,1992-09-15,32.0,124512.74103217531,,EMP1031,7071554227,0.0,1
EMP1229,"Chen, Wei",finance,VP,2013-10-27,1990-01-10,34.0,128877.0354727714,Part-Time,EMP1060,(899) 743-5771,4.0,11
EMP1037,Maria Gonzalez,Operations,Manager,2020-08-20,1989-03-14,35,152398.90824127098,CONTRACTOR,EMP1026,8994892040,,4
EMP1789,priya sharma,engineering,Analyst,2023-03-18,1992-08-26,31.0,141364.29607681622,part-time,EMP1063,4464445662,4.0,1
EMP1374,Maria Gonzalez,finance,Analyst,2021-11-11,1986-05-26,39.0,66883.04216282182,contract,EMP1001,5204539258,2.0,3
EMP1469,priya sharma,finance,Manager,2018-09-06,1977-01-19,46.0,150206.7336123949,CONTRACTOR,EMP1067,,4.0,6
EMP1791,Tyler Brooks,HR,Junior Analyst,2023-12-07,1971-07-10,54.0,76577.29918063057,,EMP1002,,3.0,1
EMP1698,Maria Gonzalez,MARKETING,Lead Analyst,2016-01-13,1985-04-07,38.0,111953.8642524277,Contract,EMP1052,7406340081,5.0,8
EMP1605,Tyler Brooks,Sales,VP,2012-07-20,1983-04-09,41.0,66946.37621305053,Part-Time,EMP1094,9594506633,3.0,12
EMP1194,james carter,Mktg,Director,2013-09-05,1996-08-16,29.0,153560.8514556063,PT,,,4.0,11
EMP1411,,OPS,Director,2018-07-08,1996-03-11,27.0,1200000.0,Full-Time,,+1-970-469-5864,4.0,6
EMP1709,Chen Wei,ENG,Senior Manager,2016-01-20,1994-04-25,31.0,173219.7995343114,CONTRACTOR,EMP1024,,4.0,8
EMP1503,Tyler Brooks,human resources,VP,2016-12-22,1977-05-24,47.0,132034.53840714088,full-time,EMP1080,,4.0,8
EMP1793,Priya Sharma,OPS,Junior Analyst,2015-12-28,2000-02-13,24.0,84674.56183982131,,EMP1026,2580376335,,9
EMP1684,J. Carter,Eng,Manager,2016-09-01,1981-01-26,43.0,85801.38252329221,Contract,EMP1088,+1-771-555-9356,5.0,8
EMP1792,priya sharma,MARKETING,Lead Analyst,,1982-05-02,42.0,112011.90613112052,Contract,EMP1080,(553) 487-4544,3.0,10
EMP1162,james carter,marketing,Manager,2022-11-03,1979-07-19,46.0,184041.7445007597,Part-Time,EMP1018,,,2
EMP1586,tyler brooks,engineering,Manager,2016-10-01,1964-09-24,61.0,165144.53665833402,part-time,,(381) 545-2946,2.0,8
EMP1152,priya sharma,ops,Manager,2012-08-01,1970-12-04,55.0,47869.005521672705,PT,EMP1064,+1-305-685-3617,,12
EMP1569,,Marketing,C-Suite,2014-01-18,1990-10-24,34.0,99161.12296672264,,EMP1028,,4.0,10
EMP1585,James Carter,ops,Senior Manager,2022-01-18,1972-02-12,51.0,102363.11989223617,FT,EMP1060,(989) 677-8164,4.0,2
EMP1626,Chen Wei,HR,C-Suite,2013-11-05,1969-06-08,55.0,150615.13109778965,Full-Time,,5572477414,7.0,11
EMP1111,priya sharma,HR,Analyst,2012-08-05,1982-08-10,41.0,95111.71073159226,CONTRACTOR,EMP1054,(606) 957-1485,3.0,12
EMP1226,,sales,Lead Analyst,2023-01-16,1979-02-19,45.0,73145.76223647589,Part-Time,,6885737923,7.0,1
EMP1575,Tyler Brooks,Operations,Analyst,2021-04-12,1999-07-17,25.0,155550.76775711274,Full Time,EMP1012,(587) 587-8612,5.0,3
EMP1103,tyler brooks,Ops,VP,,1968-02-08,55.0,96786.50652363918,full-time,EMP1083,,2.0,7
EMP1421,,SALES,Lead Analyst,2017-10-20,1972-02-26,52.0,134182.1500980534,full-time,EMP1000,,3.0,7
EMP1419,"Chen, Wei",human resources,Senior Manager,,1968-03-03,56.0,60236.025609206656,Contract,EMP1091,,4.0,9
EMP1119,Priya Sharma,human resources,Senior Analyst,2014-06-14,1980-05-08,45.0,155052.9479095266,Part-Time,EMP1082,7692281027,4.0,10
1053.0,tyler brooks,Mktg,Director,2016-09-11,2000-09-04,24.0,73952.98796903781,part-time,,(854) 756-8537,2.0,8
EMP1151,chen wei,engineering,Analyst,2019-10-22,2000-03-28,25.0,167900.92373281257,contract,EMP1005,+1-927-391-1927,4.0,5
EMP1403,tyler brooks,ENG,Senior Manager,2016-02-26,1981-11-25,44.0,76518.73655535404,contract,EMP1025,,4.0,8
EMP1773,Tyler Brooks,Marketing,Lead Analyst,2016-11-01,1980-10-12,44.0,164963.7429511117,FT,EMP1055,(653) 414-8098,3.0,8
EMP1207,chen wei,MARKETING,Lead Analyst,2016-04-28,1989-04-13,34.0,84305.54692050631,full-time,,(873) 426-6090,1.0,8
EMP1693,Priya Sharma,Mktg,Senior Manager,2022-03-26,1965-10-07,60.0,109920.29798358037,Part-Time,EMP1062,+1-431-203-2735,,2
EMP1644,james carter,ENG,Junior Analyst,2019-08-25,1990-12-28,33.0,109922.20238712805,CONTRACTOR,EMP1072,(556) 742-8044,1.0,5
EMP1008,Maria Gonzalez,Engineering,Senior Manager,2015-03-09,1976-07-01,48.0,73023.76855987622,full-time,EMP1017,,0.0,9
EMP1666,J. Carter,Sales,Analyst,2018-03-18,1989-01-26,34,183765.3543436753,Full-Time,,2596591821,2.0,6
EMP1036,Chen Wei,human resources,VP,2011-05-25,1997-04-10,27.0,0.0,full-time,EMP1001,(617) 280-4522,4.0,13
EMP1452,Priya Sharma,Eng,Lead Analyst,2012-01-05,1996-06-01,29,55935.905595464574,Part-Time,EMP1097,2570455491,4.0,12
EMP1253,"Chen, Wei",HR,Analyst,2021-10-06,1982-03-02,41.0,142992.2104794599,Full Time,,,4.0,3
EMP1303,MARIA GONZALEZ,HR,Director,,1982-06-22,43.0,169467.58918032938,,,+1-939-809-7169,2.0,5
EMP1658,Tyler Brooks,MARKETING,Lead Analyst,2023-06-24,2002-04-23,22.0,87146.70883032853,Contract,EMP1009,9391841529,7.0,1
EMP1571,james carter,ops,Director,2013-08-15,1968-02-14,56.0,170217.7491014436,part-time,EMP1089,2960943270,5.0,11
EMP1710,Tyler Brooks,SALES,Analyst,2022-09-15,1965-03-19,58.0,107490.39182011537,FT,EMP1078,(481) 434-7456,2.0,2
EMP1766,Maria Gonzalez,ops,VP,2010-08-05,1964-06-19,61,39208.777120750965,PT,EMP1063,5789699702,7.0,14
EMP1262,Chen Wei,Ops,C-Suite,2012-12-28,1996-08-04,29.0,70029.14030204329,contract,,,4.0,12
EMP1297,James Carter,ENG,Manager,2017-03-15,1984-04-26,41.0,171901.98207853772,Contract,EMP1004,(908) 972-4403,4.0,7
EMP1414,chen wei,Eng,Senior Manager,2019-10-15,1988-05-23,36.0,999999.0,part-time,EMP1027,+1-223-451-7194,4.0,5
EMP1150,James Carter,SALES,VP,2016-01-22,1997-10-20,27.0,104214.05974658349,part-time,EMP1067,+1-385-600-4085,5.0,8
EMP1651,James Carter,FIN,Senior Analyst,2019-01-21,1979-10-21,45.0,116061.51207231705,Full-Time,EMP1098,8334261731,3.0,5
EMP1728,Tyler Brooks,Operations,Manager,2015-06-24,1986-05-01,37.0,92697.51162390481,,EMP1092,(306) 387-5894,2.0,9
EMP1550,Priya Sharma,FIN,Lead Analyst,2018-10-05,1980-11-08,44.0,68033.86651870604,PT,EMP1036,,3.0,6
EMP1488,Chen Wei,Human Resources,VP,2012-12-19,1986-06-24,38.0,1.5,Part-Time,,+1-355-552-5357,4.0,12
EMP1147,J. Carter,Finance,Director,2011-09-23,1975-11-11,49.0,44573.767095899326,Contract,EMP1090,+1-715-294-2129,4.0,13
EMP1146,James Carter,OPS,Manager,2023-08-20,1972-05-07,53.0,98775.50283847249,full-time,EMP1094,(765) 286-5314,4.0,1
EMP1601,James Carter,marketing,C-Suite,2023-02-20,1995-09-14,28,117719.04311205652,CONTRACTOR,EMP1070,(375) 369-9621,,1
EMP1762,Maria Gonzalez,Engineering,Analyst,,1999-12-15,25.0,97199.61091238188,Part-Time,EMP1096,5580917138,3.0,4
EMP1365,Maria Gonzalez,MARKETING,Manager,2022-06-21,1996-04-06,29,104024.86121144863,CONTRACTOR,EMP1000,(883) 647-7970,3.0,2
EMP1348,Tyler Brooks,Engineering,Senior Analyst,2020-04-14,1982-06-10,41.0,64350.54972897563,part-time,EMP1042,+1-982-243-7590,4.0,4
EMP1463,james carter,Human Resources,Manager,2021-09-08,1995-09-17,30.0,76731.31990916791,FT,EMP1085,4906816276,2.0,3
EMP1325,chen wei,Ops,Analyst,2016-12-15,1998-11-17,27.0,165741.38182088983,full-time,EMP1096,(226) 887-7945,4.0,8
EMP1186,,engineering,Director,2017-06-05,1967-04-14,56.0,178176.44811202012,full-time,EMP1081,9149218096,5.0,0
EMP1123,"Chen, Wei",marketing,VP,2010-09-20,1972-06-11,52.0,105839.24556799518,contract,,,3.0,14
EMP1780,Chen Wei,human resources,C-Suite,,1986-08-12,38.0,106505.10864117614,CONTRACTOR,EMP1063,,4.0,1
EMP1143,Priya Sharma,Eng,Senior Analyst,2023-11-04,1965-01-14,59.0,101772.648452867,CONTRACTOR,EMP1075,2805510238,,1
EMP1783,chen wei,marketing,Manager,2014-11-27,1976-12-21,47.0,47518.5073529129,part-time,EMP1023,,5.0,10
EMP1197,Priya Sharma,Eng,Analyst,2013-05-15,1974-01-04,51.0,162369.67099647626,Part-Time,EMP1056,8418513647,4.0,11
EMP1279,"Chen, Wei",OPS,Lead Analyst,2014-07-05,1968-06-02,56.0,169748.85622346879,CONTRACTOR,EMP1029,8108083904,3.0,10
EMP1293,MARIA GONZALEZ,Ops,Manager,2013-01-08,1995-10-10,30.0,88415.98479731908,Contract,EMP1063,,4.0,11
EMP1400,,MARKETING,Director,,1973-01-05,50.0,160797.46522521554,Full Time,EMP1060,9111541582,4.0,1
EMP1122,J. Carter,OPS,Director,2014-05-16,1992-06-09,31.0,60496.42189744608,Contract,EMP1059,,4.0,10
EMP1183,James Carter,Ops,Lead Analyst,2012-06-02,1998-09-23,27.0,116906.19360730975,Contract,EMP1049,,5.0,12
EMP1202,james carter,OPS,Manager,2018-11-17,1990-09-05,33,148862.50955491024,part-time,EMP1019,,3.0,6
EMP1438,James Carter,Sales,C-Suite,2016-06-27,1967-04-09,57.0,118091.53309749652,CONTRACTOR,EMP1001,,3.0,0
1246.0,Tyler Brooks,Operations,Analyst,2010-02-02,1977-02-06,46.0,177452.8645794995,contract,EMP1037,7069909854,4.0,14
EMP1415,Chen Wei,Engineering,Junior Analyst,2020-12-16,1979-08-25,46.0,112908.92650757625,,EMP1085,9311296322,3.0,4
EMP1727,priya sharma,engineering,Lead Analyst,2021-11-06,1971-12-22,52.0,110872.47012291756,FT,EMP1084,+1-518-790-2466,5.0,3
EMP1129,tyler brooks,Eng,Senior Analyst,2016-09-21,1968-11-03,56.0,111244.15463645673,contract,EMP1060,+1-803-393-5891,5.0,8
EMP1402,priya sharma,Sales,Junior Analyst,2010-01-21,1972-11-01,53.0,140021.03390968416,Contract,,+1-373-574-8338,4.0,14
EMP1715,J. Carter,sales,Director,2020-10-15,1991-05-08,32.0,53382.90904782133,part-time,,5965569302,3.0,4
EMP1637,tyler brooks,Eng,Senior Analyst,,2000-08-04,25,53071.30534650521,Full-Time,EMP1011,,1.0,1
EMP1787,Chen Wei,Human Resources,Director,2015-12-16,1986-02-23,38.0,77381.78334906112,part-time,EMP1042,+1-586-386-6099,3.0,9
EMP1219,Maria Gonzalez,Human Resources,Lead Analyst,2020-11-27,1978-07-20,45.0,184442.30869438188,full-time,EMP1098,,7.0,4
EMP1749,priya sharma,FIN,Analyst,2020-10-18,1970-05-19,53.0,117096.82094806635,PT,,+1-478-745-9455,3.0,4
EMP1623,Tyler Brooks,Operations,VP,2013-10-13,1998-05-08,26.0,74670.82074232728,Full-Time,,,,11
EMP1752,Maria Gonzalez,ENG,Senior Manager,2022-07-22,1973-05-13,51.0,78081.35739209772,PT,EMP1030,6825183465,3.0,-4
EMP1690,chen wei,FIN,C-Suite,2015-08-22,1997-05-22,28.0,144215.02722216782,,EMP1076,(212) 386-8245,4.0,9
EMP1631,MARIA GONZALEZ,Eng,Analyst,2010-04-23,1989-06-14,35.0,50891.046250502965,Full-Time,EMP1087,,5.0,14
EMP1386,tyler brooks,SALES,Director,2022-11-03,1996-05-23,27.0,125444.39310316669,part-time,EMP1076,+1-891-704-7862,3.0,2
EMP1795,MARIA GONZALEZ,MARKETING,Senior Analyst,2021-10-16,1968-08-25,55.0,139194.5673327379,Full-Time,,(920) 788-4104,3.0,3
EMP1509,,finance,Senior Analyst,2017-03-07,1976-05-21,47.0,80368.0846362315,CONTRACTOR,EMP1086,7053754519,5.0,7
EMP1267,J. Carter,marketing,Senior Analyst,2010-10-18,1985-07-13,39.0,73117.57155785649,FT,EMP1038,3938287920,2.0,14
EMP1676,Maria Gonzalez,Eng,VP,2015-08-18,1977-08-01,48.0,71516.3819278777,,EMP1081,(840) 257-4230,5.0,9
EMP1441,Priya Sharma,Finance,Senior Analyst,2019-07-10,1981-08-02,44.0,52197.98198999107,full-time,EMP1084,+1-749-639-8378,4.0,5
EMP1496,Chen Wei,Ops,Lead Analyst,2014-03-05,1983-10-20,40.0,158366.37301115156,Full Time,EMP1005,+1-393-323-2390,,10
EMP1112,"Chen, Wei",FIN,Director,2023-06-14,1972-08-22,52.0,40045.90128610584,FT,EMP1006,+1-201-961-6529,3.0,1
EMP1232,"Chen, Wei",Engineering,Director,2023-09-22,1967-04-27,57.0,40476.38296322292,Full-Time,EMP1075,(703) 981-1904,7.0,1
EMP1714,Chen Wei,engineering,Senior Manager,2012-11-13,1981-06-02,44.0,157609.55867684708,contract,EMP1046,(252) 389-2901,3.0,-5
EMP1607,"Chen, Wei",sales,Junior Analyst,2011-05-25,1981-04-12,43.0,38967.04918183009,FT,EMP1036,(443) 757-1666,4.0,13
EMP1373,J. Carter,ops,Manager,2018-05-28,1996-07-25,28.0,159980.6922658533,PT,EMP1060,,4.0,6
EMP1233,Chen Wei,FIN,Junior Analyst,2013-01-05,1980-02-04,45.0,101347.11687297729,part-time,EMP1082,,1.0,11
EMP1648,J. Carter,SALES,Director,2022-07-28,2001-05-04,23.0,69569.10610662286,contract,EMP1003,+1-930-442-2934,3.0,2
EMP1317,Maria Gonzalez,Marketing,Analyst,2022-07-16,2001-08-05,22,180417.20349723077,part-time,EMP1005,(923) 741-9547,3.0,2
EMP1410,MARIA GONZALEZ,Mktg,Senior Analyst,,1989-05-12,34.0,121423.25453814339,Contract,,+1-216-419-2076,4.0,-3
EMP1736,Chen Wei,Finance,Analyst,2011-12-13,1993-05-14,31.0,59936.35029166957,full-time,EMP1093,5267275588,4.0,13
EMP1358,Chen Wei,Operations,Senior Analyst,2018-10-01,1970-01-10,55.0,98224.75092960142,contract,EMP1084,(883) 863-1629,2.0,6
EMP1258,Tyler Brooks,Operations,Senior Analyst,2022-03-20,2001-01-05,24.0,164624.2016842235,Contract,EMP1064,+1-943-978-1302,,2
EMP1627,James Carter,Sales,Director,2020-04-11,1999-10-12,25,48793.99365971305,contract,EMP1045,,4.0,4
EMP1632,priya sharma,Engineering,Senior Manager,2010-04-06,1962-08-25,61.0,130492.09541197967,Part-Time,EMP1060,6613009256,3.0,14
EMP1282,Maria Gonzalez,finance,Senior Manager,2016-03-24,1993-05-08,31.0,132579.33757526323,CONTRACTOR,EMP1054,(363) 957-5285,4.0,8
EMP1376,,MARKETING,Analyst,2017-07-03,1999-09-21,25.0,107211.10580824093,CONTRACTOR,EMP1023,(711) 533-1749,5.0,7
EMP1384,"Chen, Wei",OPS,Junior Analyst,2017-12-22,1986-02-18,39.0,118944.50756834827,contract,EMP1083,9097328635,7.0,7
EMP1224,tyler brooks,Ops,Junior Analyst,2019-10-17,1982-03-06,42.0,999999.0,Part-Time,,8408200883,2.0,5
EMP1779,Priya Sharma,Human Resources,Director,,1975-07-13,49.0,54055.28901299227,FT,,,3.0,11
EMP1672,tyler brooks,HR,Senior Manager,2018-10-27,1977-12-26,48.0,1.5,CONTRACTOR,EMP1075,,4.0,6
EMP1472,chen wei,sales,VP,2011-04-04,1974-07-19,51.0,1200000.0,,EMP1045,4316561076,5.0,13
EMP1347,James Carter,ENG,Junior Analyst,2010-02-21,1995-01-12,30.0,117946.11349185475,full-time,EMP1088,,,14
EMP1505,James Carter,marketing,Manager,2020-07-12,1969-10-07,55.0,100429.4178439586,Full Time,,,4.0,-5
EMP1639,Tyler Brooks,engineering,C-Suite,2022-09-10,1969-08-10,54.0,74850.56572147613,Full-Time,EMP1083,+1-656-513-9926,3.0,2
EMP1020,Maria Gonzalez,SALES,VP,2013-05-09,2000-08-06,24.0,178159.6562806638,part-time,,+1-457-600-5910,4.0,11
EMP1760,james carter,sales,Junior Analyst,2010-01-11,1983-01-11,40.0,158404.6838266201,CONTRACTOR,,,7.0,14
EMP1741,J. Carter,Finance,Senior Manager,2023-10-01,2000-03-03,25.0,65982.2405965702,FT,EMP1055,8020861547,3.0,-5
EMP1619,J. Carter,Operations,Lead Analyst,2011-12-03,1967-04-05,56.0,133018.7939061679,,,9999859906,4.0,13
EMP1732,chen wei,engineering,VP,2017-09-21,1997-06-11,27.0,104173.5757672206,Full-Time,EMP1070,(547) 607-3018,3.0,7
EMP1645,"Chen, Wei",Mktg,Senior Analyst,2020-07-08,1993-02-24,31.0,144222.67385044805,,EMP1006,+1-532-265-9574,5.0,4
EMP1694,tyler brooks,Sales,Lead Analyst,2021-11-06,2030-06-07,59.0,115352.57078135539,CONTRACTOR,,7152923581,3.0,-5
EMP1556,tyler brooks,human resources,Senior Analyst,2012-01-21,1982-06-22,42.0,124629.29938681015,FT,EMP1044,6128909479,,-5
EMP1577,james carter,Operations,Senior Analyst,2015-05-28,1990-10-14,35.0,126989.11608192192,Full-Time,EMP1068,+1-290-602-8376,2.0,-5
EMP1085,chen wei,Finance,Junior Analyst,2011-06-11,1989-08-03,36.0,113009.06887141426,FT,EMP1057,(687) 887-8519,3.0,13
EMP1242,priya sharma,Sales,C-Suite,2023-01-03,1984-06-27,39.0,86390.42060890302,CONTRACTOR,EMP1018,5380880401,0.0,1
EMP1159,James Carter,Engineering,Analyst,2013-07-13,1987-10-11,38.0,39712.14923935521,Full-Time,EMP1004,5253917752,4.0,11
EMP1524,Maria Gonzalez,Finance,Director,2020-02-10,1965-01-17,59.0,132741.8082616446,Full-Time,EMP1089,9874042438,1.0,1
EMP1035,"Chen, Wei",finance,Lead Analyst,2011-02-07,1970-10-12,53.0,94082.75321051359,Full Time,EMP1055,,3.0,13
EMP1540,Maria Gonzalez,Eng,C-Suite,2014-08-24,1987-07-09,37.0,93666.48409932407,contract,EMP1008,+1-314-477-9483,4.0,10
EMP1170,Chen Wei,Sales,Analyst,2021-10-08,1991-04-22,34.0,105035.02868429877,Full-Time,EMP1085,(204) 871-6009,4.0,3
EMP1654,Maria Gonzalez,finance,VP,2016-10-22,1986-01-17,37.0,41910.060625603895,CONTRACTOR,,+1-294-744-9725,3.0,8
EMP1703,MARIA GONZALEZ,Engineering,VP,2013-01-25,1985-06-09,39.0,122461.9287981313,,EMP1038,+1-273-596-9343,3.0,11
EMP1695,,Operations,Manager,2011-12-17,1984-04-27,40.0,152565.58403441662,Full-Time,EMP1056,+1-780-607-6728,2.0,13
EMP1772,james carter,finance,Analyst,2016-02-02,1989-02-15,34.0,164010.6085016393,Full Time,EMP1011,(265) 553-3897,7.0,8
EMP1095,Chen Wei,Finance,Senior Analyst,2018-03-28,1980-12-06,45.0,127387.22434815892,Part-Time,EMP1041,+1-809-662-5715,4.0,6
EMP1563,MARIA GONZALEZ,finance,Junior Analyst,2014-08-20,1992-03-28,33.0,53471.96330827088,FT,EMP1083,2509953620,4.0,10
EMP1240,Tyler Brooks,Finance,Junior Analyst,,1990-12-23,35.0,152177.85804742173,,EMP1072,(563) 613-2894,4.0,14
EMP1574,"Chen, Wei",OPS,Manager,2011-04-09,1981-09-28,42.0,184580.47491227774,contract,EMP1031,(234) 813-2561,0.0,13
EMP1460,Priya Sharma,engineering,VP,2011-03-08,2000-06-18,24.0,-50000.0,PT,,2951112839,4.0,13
EMP1553,Maria Gonzalez,Finance,Analyst,2014-01-28,1965-05-11,59.0,122000.46901046518,PT,EMP1013,,4.0,10
EMP1720,chen wei,Finance,Manager,2011-07-09,1989-06-15,34.0,61636.0128759049,Full Time,,(214) 443-4643,2.0,13
EMP1206,Tyler Brooks,SALES,Senior Manager,2010-11-09,1976-05-23,48.0,125894.72151609536,part-time,,(633) 829-5094,4.0,14
EMP1392,Maria Gonzalez,marketing,Manager,2022-01-05,1965-04-18,60.0,168121.82215484392,FT,EMP1011,(526) 612-2136,4.0,2
EMP1397,james carter,Ops,C-Suite,,1974-07-28,51.0,183346.17903461718,full-time,EMP1001,+1-833-351-7621,0.0,10
1696.0,MARIA GONZALEZ,HR,Director,2013-11-22,1967-05-17,56,107178.69136866138,part-time,,(827) 209-9358,,11
EMP1217,priya sharma,Mktg,Senior Manager,2010-07-19,1986-06-04,38.0,115101.91309006185,Full Time,,(430) 371-1305,2.0,14
EMP1004,J. Carter,Engineering,Senior Manager,2015-10-28,1984-11-17,41.0,67738.84142060103,part-time,EMP1044,,5.0,9
EMP1642,Chen Wei,human resources,Analyst,2011-10-19,1986-05-09,37,147386.0096204817,PT,EMP1079,(326) 716-5262,3.0,13
EMP1735,james carter,Marketing,Senior Manager,2013-06-04,1990-02-09,33.0,122705.02791892101,,EMP1045,,3.0,11
EMP1612,"Chen, Wei",HR,Director,2021-05-10,1969-08-23,56.0,100537.74396177591,FT,EMP1047,(712) 411-9891,4.0,3
EMP1546,"Chen, Wei",Engineering,VP,,1967-11-11,56.0,109942.20919768854,PT,EMP1005,3128831899,0.0,6
EMP1683,"Chen, Wei",marketing,Senior Manager,2013-04-03,2000-12-24,23.0,99982.23695697098,Part-Time,EMP1021,(682) 444-8532,5.0,11
EMP1098,,SALES,C-Suite,2013-04-27,1978-12-16,45.0,56121.50120021407,Contract,EMP1015,,3.0,11
EMP1573,tyler brooks,Sales,Analyst,2011-12-17,1976-05-10,48.0,112956.13596898553,FT,EMP1067,(826) 805-2312,4.0,13
EMP1406,tyler brooks,engineering,Lead Analyst,2015-06-16,1998-05-01,26.0,87959.32471070971,Part-Time,EMP1081,,3.0,9
EMP1502,"Chen, Wei",sales,C-Suite,2018-03-09,1963-11-17,60.0,155971.337112803,full-time,EMP1098,+1-219-435-7622,3.0,6
EMP1047,"Chen, Wei",engineering,Analyst,2012-12-02,1998-06-07,25.0,85488.28272445255,CONTRACTOR,EMP1060,(657) 579-5031,3.0,12
EMP1032,MARIA GONZALEZ,SALES,VP,2022-05-23,1992-04-01,31.0,71959.62411904425,Part-Time,EMP1052,3862661137,2.0,0
EMP1200,,OPS,Director,2018-11-28,2030-07-13,39.0,111650.91188413391,FT,EMP1054,(798) 795-9579,4.0,6
1134.0,priya sharma,HR,Manager,2013-03-06,1984-01-17,40.0,124061.87939964519,Part-Time,EMP1081,6879622228,3.0,-5
EMP1027,MARIA GONZALEZ,sales,Senior Analyst,2023-09-23,2003-08-08,22.0,109990.63398927228,full-time,EMP1063,(308) 733-3922,3.0,1
1722.0,chen wei,sales,VP,2010-09-15,2030-06-03,32.0,154352.4231245367,Contract,,,2.0,14
EMP1230,tyler brooks,human resources,Lead Analyst,2020-03-06,1976-03-24,47,139973.69775941613,Full Time,EMP1027,+1-627-390-2519,5.0,-2
EMP1489,tyler brooks,Human Resources,Manager,2018-09-05,1970-12-25,54.0,77117.4078972773,full-time,EMP1085,2432664901,1.0,6
EMP1378,priya sharma,Mktg,Senior Manager,2011-01-09,1979-01-20,46.0,108901.95117782839,full-time,EMP1038,+1-633-760-6823,2.0,13
EMP1288,J. Carter,Mktg,Manager,2016-11-24,1996-12-15,27.0,98212.94571615217,Contract,EMP1049,+1-503-940-2452,4.0,8
EMP1418,james carter,marketing,Lead Analyst,2011-05-24,1971-09-21,52.0,130958.0715698623,contract,EMP1028,5600503800,4.0,13
EMP1674,chen wei,SALES,Senior Analyst,2014-09-10,1978-02-24,47.0,1200000.0,PT,EMP1072,4348398555,5.0,10
EMP1391,chen wei,human resources,Director,2021-12-05,1983-10-14,40.0,178833.502776199,,EMP1043,(879) 989-7753,7.0,3
EMP1592,priya sharma,OPS,Lead Analyst,2023-03-28,1969-02-20,55.0,47355.04199775598,Full-Time,EMP1035,+1-627-602-9502,3.0,1
EMP1498,james carter,OPS,Director,2014-12-13,1984-08-02,41.0,83601.94017279721,part-time,EMP1047,,4.0,10
EMP1138,MARIA GONZALEZ,finance,Analyst,2010-11-10,1983-08-17,40.0,51924.90561277029,FT,EMP1027,(836) 413-2976,3.0,1
EMP1062,chen wei,SALES,Senior Manager,2010-09-24,1994-01-14,30.0,79936.05488740784,contract,EMP1005,(330) 431-8648,2.0,14
EMP1471,priya sharma,OPS,Director,2015-06-27,1982-04-03,42.0,113301.49469665409,full-time,EMP1085,(550) 450-6224,,-1
EMP1647,J. Carter,MARKETING,Senior Analyst,2017-02-28,1966-05-26,59.0,147117.726166812,Full-Time,EMP1020,(636) 567-8807,5.0,7
EMP1128,"Chen, Wei",finance,Senior Manager,2010-10-16,1986-04-13,38.0,91782.68627078715,full-time,,,4.0,14
EMP1798,MARIA GONZALEZ,SALES,C-Suite,2023-09-05,1969-10-02,55.0,64879.134409491846,contract,EMP1028,,3.0,1
EMP1520,chen wei,ENG,Senior Analyst,2018-06-13,1980-06-23,44.0,45498.42908864488,,EMP1024,(735) 231-2271,7.0,-5
EMP1064,J. Carter,Sales,Junior Analyst,,1994-05-09,29.0,111522.460532314,PT,,,3.0,13
EMP1014,Chen Wei,ops,VP,2017-06-07,1986-11-13,39.0,61960.158981565015,PT,EMP1050,,4.0,7
EMP1156,Tyler Brooks,Engineering,Analyst,2017-06-15,1972-08-10,51.0,59230.35378796799,Full-Time,EMP1014,,4.0,-2
EMP1040,Priya Sharma,Eng,Junior Analyst,2022-06-15,1989-08-09,36.0,61044.26559718179,full-time,EMP1093,,0.0,2
EMP1492,Tyler Brooks,Marketing,Lead Analyst,2021-11-22,1992-04-02,32.0,54392.30161427365,part-time,EMP1021,4198637152,4.0,3
EMP1379,chen wei,SALES,Director,2021-10-07,1963-03-13,60.0,176817.57959538413,,EMP1037,+1-973-637-2661,1.0,3
EMP1187,,OPS,C-Suite,2014-12-26,1967-09-14,56.0,136470.275083668,Contract,EMP1036,5790757122,3.0,10
EMP1216,james carter,MARKETING,VP,2022-09-10,1971-03-02,53.0,107021.47898795131,CONTRACTOR,,+1-677-903-3019,3.0,2
EMP1052,james carter,Engineering,VP,2018-05-25,1970-09-15,54.0,183066.7885838077,,EMP1044,(326) 912-7742,2.0,6
EMP1337,Tyler Brooks,HR,Senior Analyst,2013-01-14,2029-08-17,53.0,107133.54621574623,Full-Time,EMP1094,,,-3
EMP1719,J. Carter,ops,Manager,2017-06-14,1990-11-22,34.0,125733.65249097948,CONTRACTOR,EMP1087,7817807976,3.0,7
EMP1724,Priya Sharma,SALES,Director,2010-08-17,1996-04-28,27.0,107618.66329184895,CONTRACTOR,EMP1020,4247535426,5.0,14
EMP1295,MARIA GONZALEZ,OPS,VP,2018-10-03,1987-08-11,36.0,101352.70709480814,full-time,EMP1035,+1-848-867-9960,4.0,6
EMP1701,,human resources,Lead Analyst,2019-11-25,1982-11-20,42.0,175887.9981856043,Contract,,,4.0,5
EMP1251,Chen Wei,finance,C-Suite,2016-01-03,1967-09-08,57.0,42917.283977017345,contract,EMP1023,(662) 949-1580,3.0,8
EMP1726,Chen Wei,Human Resources,Senior Analyst,2017-05-13,1985-05-08,40.0,93725.99231885545,CONTRACTOR,EMP1058,(601) 302-6940,4.0,7
EMP1461,Maria Gonzalez,engineering,Manager,2013-03-10,1983-09-28,40.0,131648.86884401093,PT,EMP1029,(869) 451-6753,1.0,11
EMP1455,priya sharma,Eng,Lead Analyst,2016-03-14,1967-11-06,56,113688.66302990228,Contract,EMP1038,(729) 514-7832,5.0,8
EMP1578,,Mktg,Lead Analyst,2022-04-19,1987-01-04,38.0,54379.11001104251,CONTRACTOR,EMP1027,,4.0,2
EMP1269,Chen Wei,Sales,Senior Manager,2022-12-11,2000-01-05,24.0,63459.093906068185,FT,EMP1034,8584374245,2.0,2
EMP1201,Chen Wei,Eng,Junior Analyst,2011-03-03,2029-04-19,32.0,172138.46653305343,Full-Time,,9670535113,7.0,13
EMP1161,"Chen, Wei",Marketing,Director,2012-02-25,1990-03-26,34.0,143871.974266036,,EMP1035,7209788852,2.0,12
EMP1555,"Chen, Wei",finance,Director,2022-04-21,1967-12-25,58.0,60281.64439112199,Contract,EMP1016,,4.0,2
EMP1729,tyler brooks,Mktg,VP,2020-06-24,1998-04-19,27.0,80257.93246008904,part-time,EMP1030,(319) 654-5612,,4
EMP1401,james carter,marketing,Lead Analyst,2013-06-07,1987-03-23,37,152649.86496455228,Part-Time,EMP1096,,2.0,11
EMP1702,chen wei,Engineering,Senior Manager,2023-01-20,1990-09-02,33.0,84382.66550590676,FT,EMP1092,2567706518,4.0,1
EMP1476,Maria Gonzalez,FIN,Director,2013-02-12,1972-07-21,51.0,60765.6008389871,Part-Time,EMP1022,(515) 525-8790,3.0,11
EMP1105,MARIA GONZALEZ,Human Resources,Analyst,2014-05-02,2001-12-20,22.0,127534.08959355108,CONTRACTOR,EMP1079,(972) 803-5515,3.0,10
EMP1565,MARIA GONZALEZ,Mktg,Senior Analyst,2014-02-24,1967-03-01,58.0,179788.6730018074,Contract,,(678) 624-4823,4.0,10
EMP1389,priya sharma,MARKETING,Analyst,2010-12-26,2000-12-15,25.0,77915.08521991031,FT,EMP1059,4102566677,1.0,14
EMP1001,J. Carter,SALES,C-Suite,2017-07-04,2000-11-01,25.0,41625.6174997674,FT,EMP1068,,4.0,7
EMP1767,MARIA GONZALEZ,sales,Junior Analyst,2015-09-18,2028-04-18,49,117186.64683772974,contract,EMP1022,,4.0,9
EMP1561,"Chen, Wei",SALES,Junior Analyst,2023-11-17,1982-05-25,41.0,76355.03851479157,contract,EMP1052,3848305831,0.0,1
EMP1080,MARIA GONZALEZ,Marketing,Senior Analyst,2017-09-05,1980-10-06,45.0,86629.50968479592,Part-Time,EMP1010,(293) 522-2818,2.0,7
EMP1205,"Chen, Wei",engineering,Senior Analyst,2012-07-15,1972-02-28,51.0,65694.5673348616,Contract,EMP1058,(846) 746-3220,4.0,12
EMP1034,James Carter,Finance,VP,2020-09-20,1971-11-28,54.0,68228.88229017444,Contract,EMP1034,(400) 928-2580,2.0,4
EMP1508,tyler brooks,Human Resources,Director,2018-08-19,1996-09-03,28.0,108473.96245110803,,EMP1059,+1-428-286-4405,0.0,6
EMP1427,James Carter,FIN,Director,2022-04-02,1983-04-20,41.0,143155.41686250508,Contract,EMP1017,,1.0,2
EMP1454,"Chen, Wei",Engineering,C-Suite,2010-08-26,1972-06-17,52.0,40784.199541912814,CONTRACTOR,EMP1076,6943654355,3.0,14
1366.0,tyler brooks,Eng,Manager,2016-10-14,1974-12-12,50.0,179969.42297611767,full-time,EMP1029,+1-872-550-7490,4.0,8
EMP1091,Tyler Brooks,OPS,VP,2016-05-22,1980-08-17,44.0,45762.479438270246,Contract,EMP1001,4390428227,4.0,8
EMP1339,james carter,Marketing,Director,2010-06-18,1989-06-03,35.0,41797.293238301645,part-time,EMP1087,(536) 966-5047,4.0,14
EMP1564,,Ops,Director,2021-01-06,2003-12-22,22.0,176359.667211555,Full-Time,,+1-945-740-8269,4.0,3
EMP1345,J. Carter,Finance,Analyst,,1974-08-07,49.0,118174.24802247828,full-time,,+1-662-590-8606,2.0,3
EMP1241,priya sharma,sales,C-Suite,2018-12-21,1967-01-01,57.0,155541.66799783567,Full-Time,,+1-316-900-7881,4.0,6
EMP1013,tyler brooks,Mktg,Lead Analyst,2013-11-28,1992-09-03,33,76240.74321324046,full-time,,6356257579,5.0,11
EMP1315,tyler brooks,SALES,Junior Analyst,2017-10-03,1968-06-24,56.0,124730.46463421952,full-time,EMP1004,3463230893,5.0,7
EMP1600,Priya Sharma,OPS,Lead Analyst,2021-04-22,1989-05-10,35.0,106248.67504742462,CONTRACTOR,EMP1083,+1-566-958-3212,4.0,3
EMP1387,james carter,OPS,Lead Analyst,2018-02-14,1994-12-11,31.0,105181.4609177465,part-time,EMP1039,+1-424-910-6389,4.0,6
EMP1273,Chen Wei,sales,Senior Analyst,2018-06-12,1967-01-14,58.0,141601.3175827535,Full-Time,EMP1099,+1-249-530-1777,4.0,6
EMP1166,James Carter,Sales,Manager,2023-03-28,1968-09-26,56.0,65196.15485540356,FT,EMP1003,,4.0,1
EMP1601,James Carter,marketing,C-Suite,2023-02-20,1995-09-14,28,117719.04311205652,CONTRACTOR,EMP1070,(375) 369-9621,,1
EMP1646,Priya Sharma,human resources,VP,2022-03-01,1981-10-04,44.0,161465.57881876026,CONTRACTOR,EMP1093,,0.0,2
EMP1484,Priya Sharma,marketing,Lead Analyst,2023-11-16,1995-01-03,29.0,93888.75786638957,FT,EMP1027,(258) 504-1927,3.0,1
EMP1541,chen wei,sales,Senior Analyst,,1978-09-08,46.0,73933.2609250061,Full-Time,EMP1052,(947) 860-4766,4.0,8
EMP1504,"Chen, Wei",OPS,Senior Manager,2016-05-27,2001-05-05,22.0,42663.80534162491,Contract,EMP1064,,4.0,8
EMP1243,,Eng,Senior Manager,2021-02-20,1998-11-19,25,92874.00234861372,Full-Time,EMP1051,+1-239-739-4555,3.0,3
EMP1566,james carter,Operations,Senior Manager,2019-11-17,1991-01-27,34.0,113791.97680641084,full-time,EMP1086,(615) 894-9428,3.0,5
EMP1562,james carter,HR,Manager,,1984-05-28,41.0,128001.94562141919,PT,EMP1007,+1-223-957-5754,3.0,10
EMP1686,priya sharma,Finance,VP,2018-11-23,1996-02-08,27.0,43310.86862304481,part-time,EMP1096,,4.0,6
EMP1189,tyler brooks,Marketing,VP,2016-11-11,1995-10-28,30.0,120951.97094671524,,EMP1087,(610) 979-7171,4.0,8
EMP1699,chen wei,Ops,C-Suite,2014-04-10,2000-12-13,24,156134.92010138606,Contract,EMP1068,,3.0,10
EMP1475,MARIA GONZALEZ,Marketing,Senior Analyst,2020-07-03,1966-05-06,57,83564.81535749117,,EMP1096,+1-325-200-2909,4.0,4
EMP1681,Maria Gonzalez,MARKETING,Lead Analyst,2010-07-08,1969-08-21,55.0,119233.22337728174,Contract,EMP1073,5498702108,4.0,14
EMP1510,MARIA GONZALEZ,Eng,VP,2022-12-01,1991-07-04,33.0,85601.99575316628,FT,EMP1095,7078945262,4.0,2
EMP1058,Priya Sharma,Human Resources,Junior Analyst,2012-11-21,1985-08-04,38.0,147542.30589369376,FT,,2420223910,,12
EMP1474,MARIA GONZALEZ,Finance,Director,2016-11-10,1968-09-28,57.0,83819.376394741,full-time,EMP1008,,3.0,8
EMP1560,"Chen, Wei",human resources,Analyst,2019-01-14,1998-12-17,26.0,118059.05211832783,full-time,EMP1048,+1-341-709-4875,,5
EMP1747,James Carter,Engineering,Senior Manager,2017-06-26,1970-01-02,53.0,159864.3114146386,Full Time,EMP1027,(562) 557-4943,4.0,7
EMP1252,Chen Wei,Operations,C-Suite,2014-02-15,1987-06-20,37.0,122978.42105876197,Part-Time,EMP1066,,2.0,10
EMP1021,,SALES,VP,2013-03-14,1985-12-27,38,116520.11000548041,FT,EMP1040,,3.0,11
EMP1313,James Carter,finance,Senior Manager,2022-11-21,1984-12-13,40.0,92824.9555721128,Part-Time,,+1-637-201-3913,4.0,2
EMP1459,Chen Wei,OPS,Manager,2015-10-06,1979-06-16,45.0,71742.03528143544,CONTRACTOR,EMP1097,(875) 768-5934,,9
EMP1160,"Chen, Wei",OPS,Analyst,2010-12-19,1991-06-18,34,65393.83824405225,full-time,EMP1021,(749) 851-9214,4.0,14
EMP1276,tyler brooks,finance,Junior Analyst,2019-04-28,2001-12-16,24.0,97435.520514475,FT,EMP1020,(410) 569-9249,,5
EMP1191,James Carter,marketing,Junior Analyst,2017-07-04,1962-03-05,61.0,84730.96411308381,Part-Time,EMP1052,(845) 369-6997,7.0,7
EMP1385,Priya Sharma,Finance,Senior Analyst,2022-07-28,1998-04-01,26.0,173245.27782302187,Full Time,EMP1070,2018772776,4.0,2
EMP1413,tyler brooks,human resources,Analyst,2013-12-14,1968-01-03,55,170802.9395662069,FT,EMP1054,+1-777-991-4362,2.0,11
EMP1491,tyler brooks,Mktg,Junior Analyst,2012-05-09,1970-08-03,54.0,999999.0,Full Time,EMP1099,,7.0,12
EMP1343,,OPS,Director,2018-03-25,1979-02-02,46.0,44031.92681564084,PT,,,3.0,6
EMP1769,Priya Sharma,MARKETING,Lead Analyst,2022-07-04,1981-07-11,44.0,123185.60510902686,contract,EMP1020,(659) 979-3698,4.0,2
EMP1308,J. Carter,Engineering,Senior Analyst,2017-02-12,1988-11-13,37.0,109365.10875093909,contract,EMP1030,+1-576-724-9350,3.0,7
EMP1661,james carter,HR,Junior Analyst,2019-03-03,1995-07-16,30.0,176597.69917201658,contract,EMP1028,(759) 289-3746,0.0,5
EMP1130,Chen Wei,FIN,Analyst,2021-08-13,1981-01-03,43.0,110012.07911781421,contract,EMP1048,(849) 454-2426,3.0,3
EMP1663,James Carter,Engineering,Lead Analyst,2016-07-03,1997-01-08,27.0,164869.6880090983,Full Time,EMP1029,+1-588-929-6019,3.0,8
EMP1099,"Chen, Wei",human resources,Lead Analyst,2013-02-06,1998-09-19,26.0,128153.2783012256,CONTRACTOR,EMP1074,5674838236,1.0,11
EMP1372,Priya Sharma,finance,C-Suite,2016-03-25,1999-03-27,26.0,82042.36593481194,,,+1-299-808-4311,3.0,8
EMP1087,james carter,human resources,Director,2022-11-05,1963-02-10,61.0,52199.309193471265,FT,EMP1031,,,2
EMP1458,James Carter,Eng,VP,2021-04-22,1982-10-28,43.0,113217.44408868667,,,,4.0,1
EMP1330,priya sharma,Mktg,C-Suite,2022-09-15,1978-05-07,45.0,145622.8434705817,Full Time,EMP1025,,4.0,2
EMP1214,James Carter,ENG,Junior Analyst,2021-05-28,2000-12-21,25.0,43296.13877072565,contract,EMP1080,4799385779,7.0,3
EMP1466,james carter,SALES,VP,2014-11-28,1992-07-25,33.0,153329.47636644094,part-time,EMP1040,+1-370-582-7006,4.0,10
EMP1121,J. Carter,finance,Director,2021-09-25,1974-02-02,50.0,78623.04750437694,FT,EMP1048,(959) 636-8484,2.0,3
EMP1614,James Carter,MARKETING,Junior Analyst,2014-05-27,1981-07-28,42.0,83977.85510958389,Part-Time,,+1-624-518-1427,7.0,10
EMP1020,Maria Gonzalez,SALES,VP,2013-05-09,2000-08-06,24.0,178159.6562806638,part-time,,+1-457-600-5910,4.0,11
EMP1700,Priya Sharma,Eng,Senior Manager,2017-05-12,1989-09-13,35.0,147015.7243358285,Full Time,EMP1079,,4.0,7
EMP1071,chen wei,Engineering,VP,2023-04-26,1971-12-03,53.0,113563.2770039711,contract,EMP1089,9547609272,3.0,1
EMP1106,Tyler Brooks,ops,Director,2013-12-19,2002-08-11,23,162385.14894971473,PT,EMP1041,,,11
EMP1270,chen wei,engineering,Senior Manager,2011-11-02,1963-01-24,60.0,79080.93890028381,PT,EMP1004,7263708809,2.0,13
EMP1435,tyler brooks,Human Resources,Director,2012-04-20,1998-02-04,25.0,71048.7910658195,CONTRACTOR,EMP1083,+1-937-576-1043,4.0,12
EMP1102,chen wei,MARKETING,Senior Analyst,2012-07-25,1964-05-20,59.0,134371.38180787553,,EMP1035,(453) 684-8349,3.0,12
